Age,RoomService,FoodCourt,ShoppingMall,VRDeck,Num,HomePlanet_Europa,HomePlanet_Mars,CryoSleep_True,VIP_True,Deck_B,Deck_C,Deck_D,Deck_E,Deck_F,Deck_G,Deck_T,Side_S
0.712,-0.341,-0.287,-0.291,-0.269,-1.177,True,False,False,False,True,False,False,False,False,False,False,False
-0.334,-0.175,-0.282,-0.249,-0.230,-1.177,False,False,False,False,False,False,False,False,True,False,False,True
2.037,-0.275,1.956,-0.291,-0.226,-1.177,True,False,False,True,False,False,False,False,False,False,False,True
0.294,-0.341,0.517,0.330,-0.099,-1.177,True,False,False,False,False,False,False,False,False,False,False,True
-0.892,0.119,-0.243,-0.038,-0.267,-1.175,False,False,False,False,False,False,False,False,True,False,False,True
1.061,-0.341,0.016,-0.291,-0.269,-1.177,False,False,False,False,False,False,False,False,True,False,False,False
-0.195,-0.277,0.678,-0.286,-0.269,-1.173,False,False,False,False,False,False,False,False,True,False,False,True
-0.055,-0.341,-0.287,-0.291,-0.000,-1.177,False,False,True,False,False,False,False,False,False,True,False,True
0.433,-0.341,0.205,-0.262,-0.269,-1.171,False,False,False,False,False,False,False,False,True,False,False,True
-1.031,-0.341,-0.287,-0.291,-0.269,-1.175,True,False,True,False,True,False,False,False,False,False,False,False
0.363,-0.341,-0.287,0.000,-0.269,-1.175,True,False,True,False,True,False,False,False,False,False,False,False
1.130,-0.281,4.288,0.695,-0.160,-1.175,True,False,False,False,True,False,False,False,False,False,False,False
0.224,-0.230,-0.287,1.589,-0.169,-1.175,False,True,False,False,False,False,False,False,True,False,False,False
1.340,0.749,-0.287,-0.182,-0.248,-1.175,False,False,False,False,False,False,False,False,False,True,False,True
-0.055,-0.328,0.324,-0.271,-0.263,-1.173,False,False,False,False,False,False,False,False,True,False,False,False
0.154,-0.292,-0.287,1.176,-0.269,-0.334,False,False,False,False,False,False,False,False,True,False,False,True
-0.125,1.609,-0.211,0.000,-0.269,-1.171,False,True,False,False,False,False,False,False,True,False,False,False
-0.334,-0.341,-0.287,-0.291,0.293,-1.169,False,False,False,False,False,False,False,False,True,False,False,False
1.130,-0.341,-0.287,-0.291,-0.269,-1.167,False,True,True,False,False,False,False,False,True,False,False,False
-2.008,-0.341,-0.287,-0.291,-0.269,-1.177,False,False,False,False,False,False,False,False,False,True,False,False
-1.031,0.284,-0.287,-0.289,0.330,-1.165,False,False,False,False,False,False,False,False,True,False,False,False
-1.938,-0.341,-0.287,-0.291,-0.269,-1.177,False,False,True,False,False,False,False,True,False,False,False,True
1.409,-0.341,-0.287,-0.291,-0.269,-1.177,False,False,True,False,False,False,False,True,False,False,False,True
0.015,-0.341,-0.287,0.000,-0.269,-1.177,False,False,True,False,False,False,False,True,False,False,False,True
-1.310,-0.341,-0.287,-0.291,-0.269,-1.177,False,False,False,False,False,False,False,True,False,False,False,True
-1.938,0.000,-0.287,-0.291,-0.269,-1.177,False,False,True,False,False,False,False,True,False,False,False,True
-1.519,-0.341,-0.287,-0.291,-0.269,-1.177,False,False,False,False,False,False,False,True,False,False,False,True
-0.543,1.145,-0.286,-0.175,-0.269,-1.177,False,True,False,False,False,False,True,False,False,False,False,False
2.316,-0.341,-0.287,0.000,-0.269,-1.173,True,False,True,False,False,True,False,False,False,False,False,True
-0.962,-0.341,-0.146,-0.291,-0.269,-1.165,False,False,False,False,False,False,False,False,True,False,False,True
0.363,-0.307,3.522,-0.291,0.020,-1.177,True,False,False,False,False,True,False,False,False,False,False,False
0.991,1.365,-0.287,-0.063,-0.269,-1.161,False,True,False,False,False,False,False,False,True,False,False,False
0.224,-0.341,0.246,-0.155,0.131,-1.169,False,False,False,False,False,False,False,False,False,True,False,True
1.270,-0.016,-0.287,2.071,0.816,-1.159,False,True,False,False,False,False,False,False,True,False,False,False
-1.868,-0.341,-0.287,-0.291,-0.269,-1.159,False,True,False,False,False,False,False,False,True,False,False,False
-0.613,0.000,-0.287,2.639,-0.269,-1.159,False,True,False,False,False,False,False,False,True,False,False,False
-0.055,-0.341,-0.287,-0.291,-0.269,-1.175,True,False,True,False,False,False,True,False,False,False,False,True
-0.404,0.848,0.317,-0.291,-0.269,-1.175,False,True,False,False,False,False,True,False,False,False,False,False
-0.962,-0.341,0.021,-0.210,0.085,-1.161,False,False,False,False,False,False,False,False,True,False,False,True
-0.613,0.499,-0.165,-0.291,-0.269,-1.157,False,False,False,False,False,False,False,False,True,False,False,True
0.084,-0.341,-0.287,0.000,-0.269,-1.175,False,False,True,False,False,False,False,False,False,True,False,False
-0.822,-0.341,-0.287,-0.291,-0.269,-1.173,False,False,True,False,False,False,False,False,False,True,False,False
1.130,-0.341,-0.184,-0.215,0.485,-1.171,True,False,False,False,True,False,False,False,False,False,False,False
1.828,-0.341,-0.287,-0.291,-0.269,-1.171,False,False,True,False,False,False,False,False,False,True,False,False
-1.729,-0.341,-0.287,-0.291,-0.269,-1.171,False,False,True,False,False,False,False,False,False,True,False,False
-0.543,-0.341,-0.287,-0.291,-0.269,-1.171,False,False,True,False,False,False,False,False,False,True,False,False
-0.543,1.130,-0.287,0.010,-0.213,-1.157,False,True,False,False,False,False,False,False,True,False,False,False
-0.683,-0.341,-0.287,-0.291,-0.269,-1.157,False,True,True,False,False,False,False,False,True,False,False,False
0.433,0.857,-0.287,-0.291,-0.269,-1.175,False,False,False,False,False,False,False,True,False,False,False,True
1.897,-0.341,-0.217,-0.291,-0.157,-1.173,False,False,False,False,False,False,False,True,False,False,False,True
-0.125,-0.335,-0.287,-0.287,-0.269,-1.165,False,False,False,False,False,False,False,False,False,True,False,True
-0.264,-0.341,-0.287,2.953,-0.268,-1.156,False,False,False,False,False,False,False,False,True,False,False,True
-1.868,-0.341,-0.287,-0.291,-0.269,-1.175,True,False,False,False,False,False,False,False,False,False,False,True
0.642,-0.341,-0.287,-0.291,-0.269,-1.175,True,False,True,False,False,False,False,False,False,False,False,True
-0.125,0.082,0.092,5.357,-0.266,-1.175,True,False,False,False,False,False,False,False,False,False,False,True
0.503,-0.341,-0.287,-0.291,-0.269,-1.163,False,False,True,False,False,False,False,False,False,True,False,True
-0.474,-0.272,0.400,-0.043,-0.268,-1.154,False,False,False,False,False,False,False,False,True,False,False,True
2.316,-0.341,0.084,-0.291,-0.247,-1.152,False,False,False,False,False,False,False,False,True,False,False,True
-0.962,-0.341,-0.287,-0.291,-0.269,-1.150,False,True,True,False,False,False,False,False,True,False,False,True
0.294,-0.341,-0.287,0.000,-0.269,-1.171,False,False,True,False,False,False,False,True,False,False,False,True
2.316,-0.339,-0.191,0.039,0.137,-1.165,False,False,False,False,False,False,False,False,False,True,False,False
-2.008,-0.341,-0.287,-0.291,-0.269,-1.157,False,False,True,False,False,False,False,False,False,True,False,True
-0.752,-0.339,-0.125,0.456,-0.269,-1.157,False,False,False,False,False,False,False,False,False,True,False,True
-0.543,2.609,-0.264,-0.291,-0.248,-1.148,False,False,False,False,False,False,False,False,True,False,False,True
-0.125,0.861,-0.287,-0.287,-0.269,-1.169,False,True,False,False,False,False,False,True,False,False,False,True
0.921,1.004,-0.287,-0.276,-0.269,-1.146,False,False,False,False,False,False,False,False,True,False,False,True
-0.683,-0.053,-0.287,-0.282,0.372,-1.152,False,False,False,False,False,False,False,False,True,False,False,False
-0.822,-0.316,1.071,-0.291,-0.223,-1.150,False,False,False,False,False,False,False,False,True,False,False,False
-1.031,-0.341,-0.287,-0.291,0.669,-1.144,False,False,False,False,False,False,False,False,True,False,False,True
0.572,-0.271,-0.235,0.945,-0.258,-1.171,False,True,False,False,False,False,True,False,False,False,False,False
0.921,-0.339,4.979,-0.291,0.178,-1.171,True,False,False,False,False,True,False,False,False,False,False,True
-0.125,-0.118,-0.287,1.413,-0.269,-1.142,False,True,False,False,False,False,False,False,True,False,False,True
-0.055,-0.319,-0.287,1.877,-0.269,-1.148,False,True,False,False,False,False,False,False,True,False,False,False
0.642,-0.341,3.376,-0.291,8.250,-1.169,True,False,False,False,False,True,False,False,False,False,False,True
-1.101,-0.341,-0.287,-0.291,-0.269,-1.152,False,False,True,False,False,False,False,False,False,True,False,True
0.921,10.886,-0.287,-0.291,-0.269,-1.146,False,True,False,False,False,False,False,False,True,False,False,False
-1.868,-0.341,-0.287,-0.291,-0.269,-1.146,False,True,True,False,False,False,False,False,True,False,False,False
-1.450,-0.341,-0.287,-0.291,-0.269,-1.146,False,True,False,False,False,False,False,False,True,False,False,False
-0.334,0.702,-0.287,-0.291,-0.254,-1.150,False,False,False,False,False,False,False,False,False,True,False,True
0.782,-0.341,-0.287,-0.291,-0.269,-1.167,True,False,True,False,False,True,False,False,False,False,False,True
0.991,-0.021,-0.287,-0.291,0.184,-1.144,False,False,False,False,False,False,False,False,True,False,False,False
1.130,-0.341,-0.287,-0.291,-0.269,-1.167,False,True,True,False,False,False,False,True,False,False,False,True
0.433,-0.341,-0.287,-0.291,-0.269,-1.148,False,False,True,False,False,False,False,False,False,True,False,True
-0.195,0.000,-0.287,-0.291,-0.269,-1.146,False,False,True,False,False,False,False,False,False,True,False,True
-0.125,-0.339,0.150,-0.239,-0.269,-1.138,False,False,False,False,False,False,False,False,True,False,False,True
-0.683,-0.341,-0.287,0.831,-0.239,-1.159,False,False,False,False,False,False,False,False,False,True,False,False
-2.008,-0.341,-0.287,0.000,-0.269,-1.159,False,False,True,False,False,False,False,False,False,True,False,False
-1.798,-0.341,-0.287,-0.291,-0.269,-1.159,False,False,True,False,False,False,False,False,False,True,False,False
1.758,-0.341,0.470,-0.291,0.293,-1.173,True,False,False,False,False,False,False,False,False,False,False,True
-0.195,-0.341,0.250,-0.282,-0.269,-1.156,False,False,False,False,False,False,False,False,False,True,False,False
-0.195,-0.341,1.476,1.311,-0.192,-1.156,False,False,False,False,False,False,False,False,False,True,False,False
-0.404,0.131,-0.019,0.590,-0.269,-1.140,False,False,False,False,False,False,False,False,True,False,False,False
-1.868,-0.341,-0.287,-0.291,-0.269,-1.154,False,False,False,False,False,False,False,False,False,True,False,False
0.154,-0.341,-0.287,-0.291,-0.269,-0.334,False,True,True,False,False,False,False,False,True,False,False,True
-0.752,-0.341,-0.287,-0.291,-0.189,-1.132,False,False,False,False,False,False,False,False,True,False,False,True
-0.334,-0.341,0.000,-0.291,-0.254,-1.130,False,False,False,False,False,False,False,False,True,False,False,True
-1.380,-0.341,-0.287,-0.291,-0.269,-1.142,False,False,True,False,False,False,False,False,False,True,False,True
-1.589,-0.341,-0.287,-0.291,-0.269,-1.142,False,False,True,False,False,False,False,False,False,True,False,True
-0.125,-0.341,-0.287,0.663,-0.153,-1.136,False,False,False,False,False,False,False,False,True,False,False,False
-0.543,2.302,-0.284,-0.262,-0.269,-1.173,False,True,False,False,False,False,True,False,False,False,False,True
-0.404,-0.341,-0.287,-0.291,-0.269,-1.140,False,False,True,False,False,False,False,False,False,True,False,True
0.154,0.511,-0.287,0.255,-0.269,-1.140,False,False,False,False,False,False,False,False,False,True,False,True
-2.008,-0.341,-0.287,-0.291,-0.269,-1.140,False,False,False,False,False,False,False,False,False,True,False,True
0.224,-0.341,-0.030,-0.281,0.405,-0.334,True,False,False,False,False,False,False,False,True,False,False,True
0.782,-0.341,-0.080,-0.291,1.220,-1.167,True,False,False,False,True,False,False,False,False,False,False,False
0.921,3.008,6.874,-0.291,0.124,-1.167,True,False,False,False,True,False,False,False,False,False,False,False
-0.055,-0.341,-0.287,-0.291,-0.269,-1.167,True,False,True,False,True,False,False,False,False,False,False,False
0.015,-0.341,-0.287,-0.291,-0.269,-1.165,True,False,True,False,False,False,False,True,False,False,False,True
1.340,-0.341,1.304,-0.145,-0.258,-1.175,True,False,False,True,True,False,False,False,False,False,False,True
2.455,-0.341,-0.287,1.055,-0.269,-1.132,False,False,False,False,False,False,False,False,True,False,False,False
-0.125,-0.216,-0.189,0.427,-0.268,-1.138,False,False,False,False,False,False,False,False,False,True,False,True
-0.195,-0.341,-0.287,-0.291,-0.000,-1.130,False,True,False,False,False,False,False,False,True,False,False,False
0.294,-0.339,1.107,-0.291,0.087,-1.169,True,False,False,False,False,False,True,False,False,False,False,False
0.712,-0.341,1.183,-0.291,5.818,-1.177,False,False,False,False,False,False,False,False,False,False,False,False
-1.101,-0.341,-0.287,-0.291,-0.269,-1.177,True,False,True,False,False,False,False,False,False,False,False,False
-0.334,-0.341,-0.287,-0.291,-0.000,-1.128,False,True,True,False,False,False,False,False,True,False,False,False
0.015,-0.341,-0.287,-0.291,-0.204,-1.136,False,False,False,False,False,False,False,False,False,True,False,True
-0.752,-0.257,0.087,-0.209,-0.268,-1.124,False,False,False,False,False,False,False,False,True,False,False,False
2.664,-0.341,-0.287,-0.291,-0.269,-1.124,False,True,True,False,False,False,False,False,True,False,False,True
0.433,0.722,-0.287,0.205,-0.247,-1.163,False,True,False,False,False,False,False,True,False,False,False,True
2.246,3.226,-0.078,-0.276,-0.267,-1.171,False,True,False,True,False,False,True,False,False,False,False,True
1.130,2.847,-0.284,-0.291,-0.269,-1.161,False,True,False,False,False,False,False,True,False,False,False,True
-0.474,-0.341,-0.287,0.000,-0.269,-1.134,False,False,True,False,False,False,False,False,False,True,False,True
-0.683,-0.341,-0.287,-0.291,-0.269,-1.120,False,True,True,False,False,False,False,False,True,False,False,True
0.503,3.810,-0.287,-0.291,-0.269,-1.167,False,True,False,False,False,False,True,False,False,False,False,True
-0.683,-0.341,-0.279,0.931,-0.269,-1.144,False,False,False,False,False,False,False,False,False,True,False,False
1.270,-0.194,-0.025,-0.080,-0.220,-1.132,False,False,False,False,False,False,False,False,False,True,False,True
-1.101,-0.341,-0.287,-0.291,-0.269,-1.142,False,False,True,False,False,False,False,False,False,True,False,False
0.363,-0.341,-0.274,-0.291,-0.086,-1.167,False,False,False,False,False,False,False,True,False,False,False,False
0.433,-0.341,-0.287,-0.291,-0.269,-1.165,True,False,True,False,False,True,False,False,False,False,False,True
-0.334,-0.341,-0.287,-0.291,-0.269,-1.140,False,False,True,False,False,False,False,False,False,True,False,False
-0.195,0.326,-0.287,-0.291,0.139,-1.120,False,False,False,False,False,False,False,False,True,False,False,False
0.154,0.000,-0.287,-0.128,-0.269,-1.118,False,True,False,False,False,False,False,False,True,False,False,False
-0.613,-0.341,-0.024,0.061,-0.269,-1.116,False,False,False,False,False,False,False,False,True,False,False,True
1.897,-0.341,-0.287,-0.291,-0.269,-1.128,False,False,False,False,False,False,False,False,False,True,False,True
1.479,-0.341,-0.287,-0.291,-0.269,-1.126,False,False,True,False,False,False,False,False,False,True,False,True
0.921,1.284,-0.287,-0.274,-0.202,-1.116,False,True,False,False,False,False,False,False,True,False,False,False
-0.125,-0.341,-0.287,-0.291,-0.269,-1.124,False,False,True,False,False,False,False,False,False,True,False,True
0.642,-0.341,-0.287,-0.291,-0.269,-1.138,False,False,True,False,False,False,False,False,False,True,False,False
0.851,-0.341,-0.287,-0.291,0.267,-1.114,False,False,False,False,False,False,False,False,True,False,False,False
-0.474,5.903,-0.287,-0.291,-0.215,-1.134,False,False,False,False,False,False,False,False,False,True,False,False
-0.195,-0.341,-0.287,-0.291,-0.269,-1.161,True,False,True,False,True,False,False,False,False,False,False,False
-0.822,-0.341,-0.287,-0.291,-0.269,-1.161,True,False,True,False,True,False,False,False,False,False,False,False
1.967,-0.265,0.771,-0.291,-0.150,-1.122,False,False,False,False,False,False,False,False,False,True,False,True
-0.822,-0.341,-0.287,-0.291,-0.269,-1.122,False,False,True,False,False,False,False,False,False,True,False,True
0.433,-0.341,-0.287,-0.291,-0.269,-1.104,False,True,True,False,False,False,False,False,True,False,False,False
-1.101,-0.341,-0.287,-0.291,-0.269,-1.108,False,True,True,False,False,False,False,False,True,False,False,True
-0.125,1.729,-0.287,-0.210,-0.148,-1.108,False,True,False,False,False,False,False,False,True,False,False,True
0.154,-0.341,-0.287,-0.291,-0.269,-1.132,False,False,True,False,False,False,False,False,False,True,False,False
-0.334,-0.341,-0.287,-0.291,0.231,-1.157,False,False,False,False,False,False,False,True,False,False,False,True
-0.683,-0.341,-0.287,-0.291,-0.269,-1.118,False,False,True,False,False,False,False,False,False,True,False,True
0.224,-0.341,-0.287,-0.291,-0.269,-1.130,False,False,True,False,False,False,False,False,False,True,False,False
2.037,-0.341,0.330,-0.291,-0.269,-1.156,False,False,False,False,False,False,False,True,False,False,False,True
-0.543,0.094,-0.287,-0.264,-0.115,-1.102,False,False,False,False,False,False,False,False,True,False,False,False
0.642,-0.341,6.202,-0.289,1.594,-1.173,True,False,False,False,True,False,False,False,False,False,False,True
0.642,4.834,-0.287,-0.021,-0.164,-1.165,False,True,False,False,False,False,True,False,False,False,False,True
-0.683,-0.339,-0.150,0.836,-0.259,-1.126,False,False,False,False,False,False,False,False,False,True,False,False
-2.008,-0.341,-0.287,-0.291,-0.269,-1.126,False,False,False,False,False,False,False,False,False,True,False,False
-1.798,-0.341,-0.287,-0.291,-0.269,-1.126,False,False,False,False,False,False,False,False,False,True,False,False
-0.613,-0.341,-0.287,-0.286,-0.188,-1.124,False,False,False,False,False,False,False,False,False,True,False,False
-0.334,-0.341,-0.287,-0.291,-0.269,-1.171,True,False,True,False,False,True,False,False,False,False,False,False
0.572,-0.315,-0.196,0.422,-0.064,-1.106,False,False,False,False,False,False,False,False,True,False,False,True
-0.264,-0.247,-0.287,-0.291,0.575,-1.122,False,False,False,False,False,False,False,False,False,True,False,False
1.897,-0.341,-0.287,-0.291,-0.269,-1.116,False,False,True,False,False,False,False,False,False,True,False,True
1.409,-0.213,-0.285,0.380,-0.183,-1.161,False,False,False,False,False,False,False,True,False,False,False,False
-1.241,-0.341,-0.287,-0.291,-0.269,-1.114,False,False,True,False,False,False,False,False,False,True,False,True
-1.938,-0.341,-0.287,-0.291,-0.269,-1.120,False,False,True,False,False,False,False,False,False,True,False,False
-1.450,-0.341,-0.287,-0.291,-0.269,-1.120,False,False,False,False,False,False,False,False,False,True,False,False
0.712,-0.341,-0.287,-0.274,-0.269,-1.120,False,False,False,False,False,False,False,False,False,True,False,False
-1.868,-0.341,-0.287,-0.291,-0.269,-1.096,False,True,True,False,False,False,False,False,True,False,False,False
-0.404,0.000,-0.287,-0.277,-0.269,-1.096,False,True,False,False,False,False,False,False,True,False,False,False
-2.008,-0.341,-0.287,-0.291,-0.269,-1.096,False,True,False,False,False,False,False,False,True,False,False,False
0.712,0.275,-0.287,1.161,-0.269,-1.094,False,True,False,False,False,False,False,False,True,False,False,False
-0.264,1.254,-0.287,0.913,-0.263,-1.167,False,True,False,False,False,False,True,False,False,False,False,False
0.503,-0.341,0.322,-0.291,0.238,-1.167,True,False,False,False,False,True,False,False,False,False,False,False
1.618,-0.341,-0.287,-0.291,-0.269,-1.118,False,False,False,False,False,False,False,False,False,True,False,False
-0.752,-0.341,-0.287,-0.291,-0.269,-1.112,False,False,True,False,False,False,False,False,False,True,False,True
-0.962,-0.341,-0.287,-0.291,-0.269,-1.116,False,False,True,False,False,False,False,False,False,True,False,False
0.433,-0.341,-0.287,-0.291,-0.269,-1.171,True,False,True,False,True,False,False,False,False,False,False,True
1.270,-0.341,-0.287,-0.291,-0.269,-1.171,True,False,True,False,True,False,False,False,False,False,False,True
1.130,-0.341,-0.287,-0.291,-0.269,-1.159,True,False,True,False,True,False,False,False,False,False,False,False
-0.125,-0.341,1.239,0.000,0.122,-1.173,True,False,False,False,False,False,False,False,False,False,False,False
1.549,-0.341,-0.287,-0.291,-0.269,-1.161,True,False,True,False,False,True,False,False,False,False,False,True
0.015,-0.341,-0.286,-0.180,0.353,-1.110,False,False,False,False,False,False,False,False,False,True,False,True
-0.125,-0.338,0.792,-0.271,-0.161,-1.159,True,False,False,False,False,True,False,False,False,False,False,True
-0.683,-0.341,-0.287,-0.291,-0.269,-1.114,False,False,True,False,False,False,False,False,False,True,False,False
-0.334,-0.341,-0.287,0.000,-0.269,-1.165,False,False,True,False,False,False,True,False,False,False,False,False
0.015,1.027,-0.287,-0.061,-0.269,-1.090,False,True,False,False,False,False,False,False,True,False,False,False
-1.241,-0.341,-0.287,-0.291,-0.269,-1.090,False,True,True,False,False,False,False,False,True,False,False,False
-0.822,0.945,-0.287,0.223,-0.269,-1.090,False,True,False,False,False,False,False,False,True,False,False,False
-1.101,-0.050,-0.287,-0.291,0.383,-1.159,False,False,False,False,False,False,False,True,False,False,False,False
0.433,-0.118,-0.169,-0.291,0.072,-1.088,False,False,False,False,False,False,False,False,True,False,False,False
-0.543,0.216,-0.111,-0.291,-0.140,-1.086,False,False,False,False,False,False,False,False,True,False,False,False
-0.543,-0.341,-0.252,-0.291,1.424,-1.098,False,False,False,False,False,False,False,False,True,False,False,True
0.642,1.959,-0.287,-0.291,-0.269,-1.084,False,False,False,False,False,False,False,False,True,False,False,False
-0.683,-0.341,-0.287,-0.291,-0.269,-1.106,False,False,True,False,False,False,False,False,False,True,False,False
-1.868,-0.341,-0.287,-0.291,-0.269,-1.104,False,False,True,False,False,False,False,False,False,True,False,False
-2.008,-0.341,-0.287,-0.291,-0.269,-1.104,False,False,False,False,False,False,False,False,False,True,False,False
-1.101,-0.341,-0.287,-0.291,-0.269,-1.104,False,False,True,False,False,False,False,False,False,True,False,False
-0.264,-0.156,-0.235,0.000,-0.269,-1.157,False,False,False,False,False,False,False,True,False,False,False,False
-0.892,-0.341,-0.285,-0.291,0.701,-1.082,False,False,False,False,False,False,False,False,True,False,False,False
-1.938,-0.341,-0.287,-0.291,-0.269,-1.104,False,False,False,False,False,False,False,False,False,True,False,False
-0.962,-0.341,-0.287,-0.291,-0.269,-1.104,False,False,True,False,False,False,False,False,False,True,False,False
-0.543,3.050,-0.287,-0.092,-0.269,-1.152,False,True,False,False,False,False,False,True,False,False,False,True
-0.404,1.501,-0.237,-0.289,-0.269,-1.152,False,True,False,False,False,False,False,True,False,False,False,True
0.294,2.590,-0.280,0.024,-0.269,-1.152,False,True,False,False,False,False,False,True,False,False,False,True
-0.543,-0.341,-0.287,-0.291,-0.269,-1.152,False,True,True,False,False,False,False,True,False,False,False,True
0.851,1.524,-0.287,0.213,0.634,-1.152,False,True,False,False,False,False,False,True,False,False,False,True
-0.892,1.046,-0.287,0.079,-0.269,-1.152,False,True,False,False,False,False,False,True,False,False,False,True
0.921,-0.341,-0.287,-0.291,-0.269,-1.152,False,True,True,False,False,False,False,True,False,False,False,True
-0.613,1.791,-0.287,-0.291,-0.269,-1.096,False,True,False,False,False,False,False,False,True,False,False,True
-0.334,-0.341,-0.287,-0.291,-0.269,-1.096,False,True,True,False,False,False,False,False,True,False,False,True
-0.892,-0.341,-0.287,-0.291,-0.269,-1.150,False,True,True,False,False,False,False,True,False,False,False,True
-0.543,-0.341,-0.286,0.822,-0.261,-1.108,False,False,False,False,False,False,False,False,False,True,False,True
0.224,-0.066,-0.287,-0.282,-0.269,-1.094,False,True,False,True,False,False,False,False,True,False,False,True
2.037,-0.341,-0.287,-0.291,-0.269,-1.102,False,False,True,False,False,False,False,False,False,True,False,False
-0.334,-0.335,-0.283,-0.291,-0.199,-1.092,False,False,False,False,False,False,False,False,True,False,False,True
0.084,-0.212,-0.287,-0.289,-0.269,-1.090,False,True,False,False,False,False,False,False,True,False,False,True
-0.125,-0.341,0.000,-0.291,-0.269,-1.106,False,False,True,False,False,False,False,False,False,True,False,True
0.224,-0.256,-0.287,0.138,-0.269,-1.088,False,True,False,False,False,False,False,False,True,False,False,True
0.991,0.000,0.270,-0.291,-0.269,-1.079,False,False,False,False,False,False,False,False,True,False,False,False
0.921,-0.341,-0.287,-0.291,-0.269,-1.156,True,False,True,False,True,False,False,False,False,False,False,False
0.572,0.625,-0.287,-0.291,0.012,-0.334,False,True,False,False,False,False,False,False,True,False,False,True
0.433,-0.341,-0.287,-0.291,-0.269,-1.075,False,True,True,False,False,False,False,False,True,False,False,False
0.294,-0.341,0.496,-0.291,0.716,-1.156,True,False,False,False,False,False,False,True,False,False,False,False
-0.752,0.134,-0.287,0.866,-0.269,-1.086,False,False,False,False,False,False,False,False,True,False,False,True
-0.543,-0.341,-0.287,-0.291,-0.269,-1.104,False,False,True,False,False,False,False,False,False,True,False,True
0.991,-0.341,-0.287,-0.291,-0.269,-0.334,False,True,True,False,False,False,False,False,True,False,False,True
-1.031,-0.341,-0.287,-0.291,-0.269,-1.084,False,True,True,False,False,False,False,False,True,False,False,True
1.200,-0.341,1.952,-0.291,-0.263,-1.165,True,False,False,False,False,True,False,False,False,False,False,False
0.294,-0.341,-0.233,1.042,9.360,-1.165,True,False,False,False,False,True,False,False,False,False,False,False
-0.543,4.127,-0.287,0.190,-0.269,-1.161,False,True,False,False,False,False,True,False,False,False,False,False
0.294,-0.341,-0.287,-0.291,0.669,-1.157,True,False,False,False,False,True,False,False,False,False,False,True
1.270,0.000,-0.287,-0.291,-0.269,-1.102,False,False,True,False,False,False,False,False,False,True,False,True
1.758,-0.341,-0.287,-0.291,-0.269,-1.156,False,False,True,False,False,True,False,False,False,False,False,True
0.084,0.167,0.149,0.615,-0.269,-1.073,False,False,False,False,False,False,False,False,True,False,False,False
0.015,0.072,0.098,-0.291,-0.268,-1.094,False,False,False,False,False,False,False,False,False,True,False,False
-0.543,0.724,-0.179,0.392,-0.264,-1.071,False,False,False,False,False,False,False,False,True,False,False,False
-0.334,-0.341,-0.287,-0.291,-0.269,-1.171,True,False,True,False,False,False,False,False,False,False,False,True
-0.543,2.182,-0.287,0.000,-0.269,-1.081,False,True,False,False,False,False,False,False,True,False,False,True
2.176,-0.341,-0.287,-0.291,-0.269,-1.081,False,True,True,False,False,False,False,False,True,False,False,True
-0.474,-0.341,-0.287,0.233,-0.188,-1.079,False,False,False,False,False,False,False,False,True,False,False,True
-0.195,-0.341,2.730,-0.291,1.544,-1.146,True,False,False,False,False,False,False,True,False,False,False,True
-0.195,-0.241,-0.269,-0.291,0.440,-1.067,False,False,False,False,False,False,False,False,True,False,False,False
-0.055,-0.341,-0.287,-0.291,-0.269,-1.092,False,False,True,False,False,False,False,False,False,True,False,False
0.712,-0.341,-0.287,-0.291,-0.269,-1.161,True,False,True,False,False,False,True,False,False,False,False,True
-1.101,-0.162,-0.287,-0.291,-0.268,-1.077,False,False,False,False,False,False,False,False,True,False,False,True
1.270,-0.341,-0.142,0.700,-0.269,-1.075,False,False,False,False,False,False,False,False,True,False,False,True
2.386,-0.341,-0.272,-0.077,0.825,-1.061,False,False,False,False,False,False,False,False,True,False,False,False
-0.125,-0.341,-0.287,-0.291,-0.269,-1.159,True,False,True,False,False,False,True,False,False,False,False,True
1.479,-0.274,1.212,-0.291,-0.269,-1.057,False,False,False,False,False,False,False,False,True,False,False,False
0.433,-0.341,-0.287,-0.291,-0.000,-0.334,False,False,False,False,False,False,False,False,True,False,False,True
1.130,-0.341,-0.226,-0.291,0.025,-1.088,False,False,False,False,False,False,False,False,False,True,False,False
-0.683,-0.341,-0.287,3.188,-0.269,-1.053,False,False,False,False,False,False,False,False,True,False,False,False
-0.543,-0.341,0.288,-0.291,-0.269,-1.071,False,False,False,False,False,False,False,False,True,False,False,True
0.015,-0.341,-0.287,-0.291,-0.269,-1.086,False,False,True,False,False,False,False,False,False,True,False,False
-0.474,-0.119,0.123,-0.289,-0.267,-1.051,False,False,False,False,False,False,False,False,True,False,False,False
-1.031,-0.341,-0.287,-0.291,-0.269,-1.146,True,False,True,False,False,False,False,True,False,False,False,False
0.921,-0.341,-0.287,-0.291,-0.269,-1.146,True,False,True,False,False,False,False,True,False,False,False,False
1.967,-0.336,0.516,-0.242,-0.258,-1.049,False,False,False,False,False,False,False,False,True,False,False,False
0.712,-0.341,-0.287,-0.291,-0.269,-0.334,True,False,True,False,False,False,False,False,True,False,False,True
-0.055,-0.341,0.081,-0.237,1.019,-1.154,True,False,False,False,True,False,False,False,False,False,False,False
-0.683,-0.341,-0.287,-0.291,0.462,-1.069,False,False,False,False,False,False,False,False,True,False,False,True
-0.683,-0.341,-0.287,-0.291,-0.269,-1.154,True,False,True,False,False,True,False,False,False,False,False,True
-0.195,-0.341,2.509,-0.291,-0.038,-1.163,True,False,False,False,True,False,False,False,False,False,False,True
-0.822,-0.341,-0.287,-0.291,-0.269,-1.163,True,False,True,False,True,False,False,False,False,False,False,True
0.991,-0.341,-0.287,-0.291,-0.269,-1.163,True,False,False,False,True,False,False,False,False,False,False,True
-1.380,-0.341,-0.287,-0.291,-0.269,-1.163,True,False,False,False,True,False,False,False,False,False,False,True
0.782,-0.341,3.790,-0.144,-0.269,-1.157,True,False,False,False,False,False,True,False,False,False,False,True
1.479,-0.341,-0.287,-0.291,-0.269,-1.161,True,False,True,False,True,False,False,False,False,False,False,True
-0.334,-0.204,-0.286,1.926,-0.269,-1.084,False,False,False,False,False,False,False,False,False,True,False,False
1.967,-0.341,-0.287,-0.291,-0.269,-1.171,True,False,True,False,False,False,False,False,False,False,False,False
-0.892,-0.341,-0.287,-0.291,-0.269,-0.334,False,False,True,False,False,False,False,False,True,False,False,True
-0.404,-0.341,-0.287,-0.266,0.940,-1.045,False,False,False,False,False,False,False,False,True,False,False,False
-0.404,-0.341,-0.287,-0.291,-0.269,-1.096,False,False,True,False,False,False,False,False,False,True,False,True
-0.055,-0.341,-0.023,-0.291,4.290,-1.142,True,False,False,False,False,False,False,True,False,False,False,True
-0.404,-0.341,0.079,-0.291,1.910,-1.163,True,False,False,False,False,True,False,False,False,False,False,False
-0.404,0.217,-0.178,0.143,-0.180,-1.140,False,False,False,False,False,False,False,True,False,False,False,True
-0.752,-0.341,-0.287,1.984,-0.269,-1.061,False,False,False,False,False,False,False,False,True,False,False,True
-0.752,1.469,-0.287,-0.028,-0.269,-1.059,False,False,False,False,False,False,False,False,True,False,False,True
2.664,0.000,-0.143,-0.291,-0.056,-0.334,True,False,False,False,False,False,False,False,True,False,False,True
2.176,-0.330,0.051,-0.289,-0.265,-1.043,False,False,False,False,False,False,False,False,True,False,False,False
-0.125,-0.341,-0.287,0.000,-0.269,-1.079,False,False,True,False,False,False,False,False,False,True,False,False
1.409,0.161,-0.287,-0.291,-0.269,-1.043,False,False,False,False,False,False,False,False,True,False,False,False
-2.008,-0.341,-0.287,-0.291,-0.269,-1.079,False,False,False,False,False,False,False,False,False,True,False,False
-0.195,0.245,-0.287,-0.167,0.905,-1.077,False,False,False,False,False,False,False,False,False,True,False,False
0.433,-0.341,-0.287,-0.291,-0.269,-1.094,False,False,True,False,False,False,False,False,False,True,False,True
-0.334,-0.341,1.361,0.000,-0.269,-1.159,True,False,False,False,True,False,False,False,False,False,False,True
-0.613,-0.341,-0.287,-0.291,-0.000,-1.159,True,False,True,False,True,False,False,False,False,False,False,True
-0.752,-0.341,-0.286,-0.291,-0.269,-1.090,False,False,False,False,False,False,False,False,False,True,False,True
-0.543,-0.341,-0.284,-0.286,-0.000,-1.090,False,False,False,False,False,False,False,False,False,True,False,True
2.107,1.203,-0.287,0.059,-0.269,-1.057,False,False,False,True,False,False,False,False,True,False,False,True
-1.101,-0.341,-0.287,-0.291,-0.269,-1.088,False,False,True,False,False,False,False,False,False,True,False,True
0.991,-0.341,-0.287,-0.291,-0.269,-1.073,False,False,True,False,False,False,False,False,False,True,False,False
0.015,-0.341,-0.287,-0.291,-0.269,-1.084,False,False,True,False,False,False,False,False,False,True,False,True
-0.683,-0.315,-0.287,1.022,-0.267,-0.334,False,False,False,False,False,False,False,False,True,False,False,True
-1.868,-0.341,-0.287,-0.291,-0.269,-1.150,True,False,False,False,False,True,False,False,False,False,False,True
0.224,0.034,2.630,-0.291,-0.091,-1.150,True,False,False,False,False,True,False,False,False,False,False,True
0.294,0.331,-0.088,-0.291,0.843,-1.150,True,False,False,False,False,True,False,False,False,False,False,True
-0.264,-0.341,-0.287,0.129,0.218,-1.035,False,False,False,False,False,False,False,False,True,False,False,False
0.015,-0.341,-0.287,-0.291,-0.269,-1.033,False,True,True,False,False,False,False,False,True,False,False,False
0.015,8.322,-0.286,0.062,-0.269,-1.055,False,True,False,False,False,False,False,False,True,False,False,True
1.061,0.713,-0.287,-0.264,-0.269,-1.031,False,False,False,False,False,False,False,False,True,False,False,False
-1.868,-0.341,-0.287,-0.291,-0.269,-1.053,False,True,True,False,False,False,False,False,True,False,False,True
-0.683,0.292,-0.068,0.770,0.664,-1.053,False,True,False,False,False,False,False,False,True,False,False,True
-2.008,-0.341,-0.287,-0.291,-0.269,-1.053,False,True,False,False,False,False,False,False,True,False,False,True
-0.752,-0.341,-0.287,0.000,-0.269,-1.082,False,False,True,False,False,False,False,False,False,True,False,True
0.642,-0.341,-0.287,-0.291,-0.269,-1.157,True,False,True,False,True,False,False,False,False,False,False,True
-1.659,-0.341,-0.287,-0.291,-0.269,-1.065,False,False,True,False,False,False,False,False,False,True,False,False
0.154,-0.157,-0.287,-0.291,0.531,-1.027,False,False,False,False,False,False,False,False,True,False,False,False
0.084,-0.341,-0.287,-0.291,-0.269,-1.136,False,True,True,False,False,False,False,True,False,False,False,True
-0.962,-0.341,-0.287,-0.291,-0.269,-1.061,False,False,True,False,False,False,False,False,False,True,False,False
-0.125,0.317,-0.287,2.110,-0.269,-1.051,False,True,False,False,False,False,False,False,True,False,False,True
-0.474,-0.125,1.517,0.047,-0.269,-1.154,False,True,False,False,False,False,True,False,False,False,False,False
0.503,0.448,-0.287,2.831,-0.269,-0.334,False,True,False,False,False,False,False,False,True,False,False,True
-1.031,-0.341,-0.287,-0.291,-0.269,-1.059,False,False,True,False,False,False,False,False,False,True,False,False
-0.404,2.693,-0.287,4.689,-0.269,-1.023,False,True,False,False,False,False,False,False,True,False,False,False
-0.752,-0.341,-0.287,-0.291,-0.269,-0.334,False,False,True,False,False,False,False,False,True,False,False,True
0.503,-0.341,-0.287,-0.291,-0.269,-1.148,True,False,True,False,True,False,False,False,False,False,False,False
0.851,0.000,0.464,-0.291,0.236,-1.049,False,False,False,False,False,False,False,False,True,False,False,True
1.479,-0.341,-0.287,-0.291,-0.269,-1.079,False,False,True,False,False,False,False,False,False,True,False,True
0.224,-0.341,-0.287,-0.291,-0.269,-1.079,False,False,True,False,False,False,False,False,False,True,False,True
-0.195,-0.116,-0.287,0.467,-0.191,-1.047,False,False,False,False,False,False,False,False,True,False,False,True
-0.962,0.202,-0.154,-0.236,-0.170,-1.045,False,False,False,False,False,False,False,False,True,False,False,True
0.294,-0.341,-0.265,-0.291,0.099,-1.043,False,False,False,False,False,False,False,False,True,False,False,True
-0.125,-0.341,-0.287,-0.291,-0.250,-1.077,False,False,False,False,False,False,False,False,False,True,False,True
-0.195,3.952,-0.220,7.153,-0.265,-1.015,False,True,False,False,False,False,False,False,True,False,False,False
2.246,-0.341,-0.287,-0.291,-0.269,-1.015,False,True,True,False,False,False,False,False,True,False,False,False
-0.334,-0.341,-0.287,0.700,-0.218,-1.073,False,False,False,False,False,False,False,False,False,True,False,True
0.084,-0.341,-0.228,-0.291,0.634,-1.013,False,False,False,False,False,False,False,False,True,False,False,False
-0.334,-0.341,-0.287,-0.291,-0.269,-1.011,False,True,True,False,False,False,False,False,True,False,False,False
-0.334,-0.341,-0.284,-0.291,-0.269,-1.009,False,False,False,False,False,False,False,False,True,False,False,False
0.851,-0.341,-0.287,-0.291,-0.269,-1.055,False,False,True,False,False,False,False,False,False,True,False,False
-0.613,-0.341,-0.287,0.643,-0.066,-1.134,False,False,False,False,False,False,False,True,False,False,False,False
-0.474,-0.165,-0.287,1.025,-0.269,-1.071,False,False,False,False,False,False,False,False,False,True,False,True
2.386,-0.341,0.383,-0.291,6.957,-1.148,True,False,False,False,False,True,False,False,False,False,False,True
-0.752,-0.315,-0.152,-0.284,0.346,-1.156,True,False,False,False,True,False,False,False,False,False,False,True
-0.543,-0.341,-0.287,-0.291,-0.269,-1.156,True,False,True,False,True,False,False,False,False,False,False,True
3.501,8.222,-0.140,-0.279,1.650,-1.156,True,False,False,False,True,False,False,False,False,False,False,True
1.897,-0.341,-0.287,-0.291,-0.269,-1.156,True,False,True,False,True,False,False,False,False,False,False,True
-1.101,-0.341,-0.287,-0.291,-0.269,-1.156,True,False,True,False,True,False,False,False,False,False,False,True
0.294,-0.341,1.275,-0.281,0.666,-1.156,True,False,False,False,True,False,False,False,False,False,False,True
0.224,-0.341,-0.287,-0.291,-0.269,-1.156,True,False,True,False,True,False,False,False,False,False,False,True
0.154,-0.040,-0.287,0.698,-0.124,-1.053,False,False,False,False,False,False,False,False,False,True,False,False
-0.195,-0.341,-0.287,-0.291,-0.269,-0.334,True,False,True,False,False,False,False,False,True,False,False,True
-0.752,-0.341,-0.287,-0.291,-0.269,-1.146,True,False,True,False,True,False,False,False,False,False,False,False
0.642,-0.341,-0.287,0.000,-0.269,-1.146,True,False,True,False,True,False,False,False,False,False,False,False
-0.404,0.187,-0.287,-0.291,0.056,-1.051,False,False,False,False,False,False,False,False,False,True,False,False
-0.055,-0.216,0.198,-0.291,-0.145,-1.069,False,False,False,False,False,False,False,False,False,True,False,True
0.363,-0.341,-0.287,-0.291,-0.269,-1.069,False,False,True,False,False,False,False,False,False,True,False,True
-2.008,-0.341,-0.287,-0.291,-0.269,-1.067,False,False,False,False,False,False,False,False,False,True,False,True
-1.031,-0.336,-0.287,1.184,-0.269,-1.067,False,False,False,False,False,False,False,False,False,True,False,True
-0.404,-0.321,0.181,-0.291,-0.156,-1.049,False,False,False,False,False,False,False,False,False,True,False,False
1.409,-0.341,-0.287,-0.291,-0.269,-1.047,False,False,True,False,False,False,False,False,False,True,False,False
-1.031,-0.341,-0.287,-0.291,-0.269,-1.065,False,False,True,False,False,False,False,False,False,True,False,True
-0.752,0.252,-0.260,0.305,-0.269,-1.132,False,False,False,False,False,False,False,True,False,False,False,False
-0.125,-0.236,3.305,-0.291,0.602,-1.159,True,False,False,True,False,True,False,False,False,False,False,False
1.340,-0.341,-0.218,-0.291,-0.269,-1.130,False,False,False,False,False,False,False,True,False,False,False,False
0.154,-0.341,6.614,0.633,4.750,-1.144,True,False,False,True,True,False,False,False,False,False,False,False
2.246,-0.339,0.094,-0.291,-0.268,-1.144,True,False,False,False,True,False,False,False,False,False,False,False
-0.752,-0.341,-0.287,-0.291,-0.269,-1.061,False,False,True,False,False,False,False,False,False,True,False,True
1.130,-0.341,-0.287,-0.291,-0.269,-1.041,False,True,True,False,False,False,False,False,True,False,False,True
-0.474,-0.298,-0.024,-0.231,-0.266,-1.152,False,True,False,False,False,False,True,False,False,False,False,True
0.084,1.260,-0.287,-0.291,-0.269,-1.150,False,True,False,True,False,False,True,False,False,False,False,True
0.084,2.342,-0.287,-0.291,-0.269,-1.150,False,True,False,False,False,False,True,False,False,False,False,True
0.224,-0.341,-0.287,-0.291,-0.269,-1.148,False,False,True,True,False,False,True,False,False,False,False,True
0.991,0.195,0.275,-0.291,-0.267,-1.152,False,True,False,True,False,False,True,False,False,False,False,False
-0.822,-0.072,0.000,-0.291,-0.263,-1.002,False,False,False,False,False,False,False,False,True,False,False,False
-0.404,0.000,-0.274,-0.291,1.230,-1.041,False,False,False,False,False,False,False,False,False,True,False,False
-0.613,-0.341,0.004,-0.291,-0.072,-1.000,False,False,False,False,False,False,False,False,True,False,False,False
0.712,-0.341,-0.287,-0.291,-0.269,-1.041,False,False,True,False,False,False,False,False,False,True,False,False
0.433,1.378,-0.216,-0.204,-0.269,-1.128,False,True,False,False,False,False,False,True,False,False,False,False
0.154,-0.341,-0.287,1.577,-0.269,-1.037,False,True,False,False,False,False,False,False,True,False,False,True
-0.543,-0.341,-0.193,-0.291,-0.269,-1.035,False,False,False,False,False,False,False,False,True,False,False,True
-0.892,0.707,-0.287,-0.122,-0.269,-0.998,False,False,False,False,False,False,False,False,True,False,False,False
2.176,-0.341,4.263,9.673,-0.269,-1.156,True,False,False,False,False,True,False,False,False,False,False,False
-0.752,-0.341,-0.189,-0.291,-0.216,-0.996,False,False,False,False,False,False,False,False,True,False,False,False
0.921,-0.341,-0.287,-0.291,-0.269,-1.059,False,False,True,False,False,False,False,False,False,True,False,True
2.734,-0.341,-0.287,-0.291,-0.269,-1.142,True,False,True,False,True,False,False,False,False,False,False,False
-0.474,-0.341,0.447,-0.291,0.826,-1.142,True,False,False,False,True,False,False,False,False,False,False,False
2.107,-0.341,-0.287,-0.291,-0.269,-1.142,True,False,True,False,True,False,False,False,False,False,False,False
-0.125,-0.328,1.961,-0.291,-0.219,-1.140,True,False,False,False,True,False,False,False,False,False,False,False
0.572,1.318,-0.286,-0.247,-0.268,-0.988,False,True,False,False,False,False,False,False,True,False,False,False
-1.798,-0.341,-0.287,-0.291,-0.269,-0.988,False,True,True,False,False,False,False,False,True,False,False,False
0.154,-0.341,-0.287,-0.291,-0.269,-0.988,False,True,True,False,False,False,False,False,True,False,False,False
0.154,0.292,0.000,11.737,0.430,-1.126,True,False,False,False,False,False,False,True,False,False,False,False
0.015,-0.341,2.296,-0.291,2.501,-1.146,True,False,False,False,False,True,False,False,False,False,False,True
-0.613,-0.338,6.058,-0.291,-0.070,-1.167,True,False,False,False,False,False,False,False,False,False,False,True
1.200,-0.341,-0.287,-0.291,-0.269,-1.167,True,False,True,False,False,False,False,False,False,False,False,True
0.015,-0.341,0.356,-0.291,-0.269,-1.029,False,False,False,False,False,False,False,False,True,False,False,True
0.991,-0.341,-0.287,-0.291,-0.269,-0.986,False,True,True,False,False,False,False,False,True,False,False,False
-0.822,1.907,-0.281,-0.291,-0.269,-1.027,False,True,False,False,False,False,False,False,True,False,False,True
-0.125,-0.341,-0.287,-0.291,-0.269,-1.138,True,False,False,False,True,False,False,False,False,False,False,False
1.270,-0.335,0.272,-0.291,2.957,-1.138,True,False,False,False,True,False,False,False,False,False,False,False
1.130,-0.341,-0.287,-0.291,-0.269,-1.025,False,True,True,False,False,False,False,False,True,False,False,True
-0.822,-0.341,-0.287,-0.291,-0.269,-1.055,False,False,True,False,False,False,False,False,False,True,False,True
-1.310,-0.341,-0.287,-0.291,-0.269,-1.053,False,False,False,False,False,False,False,False,False,True,False,True
1.897,-0.271,-0.280,-0.291,-0.269,-1.053,False,False,False,False,False,False,False,False,False,True,False,True
0.712,0.238,-0.287,-0.254,-0.269,-1.023,False,False,False,False,False,False,False,False,True,False,False,True
0.782,-0.330,-0.287,1.115,-0.269,-1.023,False,False,False,False,False,False,False,False,True,False,False,True
0.782,0.000,-0.287,-0.291,-0.269,-1.152,True,False,True,False,True,False,False,False,False,False,False,True
0.363,0.000,3.248,-0.215,-0.220,-1.152,True,False,False,False,False,True,False,False,False,False,False,False
0.224,-0.341,-0.287,-0.291,-0.269,-1.021,False,False,False,False,False,False,False,False,True,False,False,True
0.433,-0.330,0.367,-0.291,-0.269,-0.984,False,False,False,False,False,False,False,False,True,False,False,False
0.224,3.425,-0.018,-0.120,-0.269,-1.148,False,True,False,True,False,False,True,False,False,False,False,False
-0.195,2.493,-0.287,-0.063,-0.269,-0.982,False,False,False,True,False,False,False,False,True,False,False,False
-0.264,1.709,-0.287,-0.291,0.436,-1.019,False,False,False,False,False,False,False,False,True,False,False,True
-0.195,-0.341,-0.287,-0.291,0.362,-1.128,False,False,False,False,False,False,False,True,False,False,False,True
-0.474,-0.341,-0.287,-0.291,-0.269,-1.136,True,False,True,False,True,False,False,False,False,False,False,False
-0.474,-0.327,-0.287,1.040,-0.269,-1.017,False,False,False,False,False,False,False,False,True,False,False,True
-0.334,0.807,-0.287,-0.291,-0.269,-1.124,False,False,False,False,False,False,False,True,False,False,False,False
0.224,-0.341,-0.287,-0.291,-0.269,-1.037,False,False,True,False,False,False,False,False,False,True,False,False
-1.241,-0.341,-0.287,-0.291,-0.269,-1.051,False,False,True,False,False,False,False,False,False,True,False,True
-0.474,-0.341,-0.287,-0.291,-0.269,-1.126,False,True,True,False,False,False,False,True,False,False,False,True
-0.683,-0.341,-0.287,-0.291,-0.269,-1.150,True,False,True,False,True,False,False,False,False,False,False,True
0.363,-0.341,-0.287,-0.291,-0.269,-0.334,True,False,True,False,False,False,False,False,True,False,False,True
3.153,-0.341,-0.287,-0.291,-0.269,-1.150,True,False,True,False,True,False,False,False,False,False,False,True
-0.055,-0.333,2.402,-0.291,-0.265,-1.148,True,False,False,True,True,False,False,False,False,False,False,True
0.921,-0.341,-0.287,-0.291,-0.269,-1.148,True,False,True,False,True,False,False,False,False,False,False,True
0.991,-0.341,-0.287,-0.291,-0.269,-1.148,True,False,True,False,True,False,False,False,False,False,False,True
1.828,-0.022,-0.171,0.024,-0.205,-1.013,False,False,False,False,False,False,False,False,True,False,False,True
-0.683,-0.341,-0.287,0.960,-0.269,-1.035,False,False,False,False,False,False,False,False,False,True,False,False
-1.589,-0.341,-0.287,-0.291,-0.269,-1.035,False,False,True,False,False,False,False,False,False,True,False,False
-1.519,-0.341,-0.287,-0.291,-0.269,-1.035,False,False,False,False,False,False,False,False,False,True,False,False
-0.055,-0.341,-0.287,-0.291,-0.269,-1.146,True,False,True,False,False,False,True,False,False,False,False,True
-0.962,2.928,-0.287,-0.291,-0.267,-1.011,False,False,False,False,False,False,False,False,True,False,False,True
-0.334,-0.341,-0.287,-0.291,-0.269,-1.049,False,False,True,False,False,False,False,False,False,True,False,True
0.154,-0.341,0.258,-0.291,-0.269,-1.124,False,False,False,False,False,False,False,True,False,False,False,True
-0.474,-0.341,-0.243,0.014,-0.251,-1.009,False,False,False,False,False,False,False,False,True,False,False,True
-1.938,-0.341,-0.287,-0.291,-0.269,-1.047,False,False,False,False,False,False,False,False,False,True,False,True
1.479,-0.341,-0.287,-0.291,-0.269,-1.045,False,False,True,False,False,False,False,False,False,True,False,True
0.363,0.971,-0.287,0.139,-0.238,-0.980,False,True,False,False,False,False,False,False,True,False,False,False
-1.031,1.066,0.247,-0.155,-0.269,-0.980,False,True,False,False,False,False,False,False,True,False,False,False
-0.683,-0.335,-0.281,-0.291,0.109,-1.122,False,False,False,False,False,False,False,True,False,False,False,False
-0.125,-0.341,0.123,-0.254,-0.265,-1.122,False,False,False,False,False,False,False,True,False,False,False,False
0.503,-0.341,-0.287,1.154,-0.268,-0.978,False,False,False,False,False,False,False,False,True,False,False,False
0.363,-0.341,-0.287,-0.291,-0.269,-0.334,False,False,True,False,False,False,False,False,True,False,False,True
-0.264,-0.341,-0.287,-0.291,-0.000,-1.007,False,True,True,False,False,False,False,False,True,False,False,True
0.503,-0.341,-0.287,-0.291,-0.269,-1.007,False,False,True,False,False,False,False,False,True,False,False,True
-0.892,-0.341,-0.259,-0.287,-0.119,-1.134,True,False,False,False,True,False,False,False,False,False,False,False
0.084,-0.341,4.713,-0.291,-0.265,-1.134,True,False,False,False,True,False,False,False,False,False,False,False
0.572,-0.341,-0.281,0.620,-0.005,-1.006,False,False,False,False,False,False,False,False,True,False,False,True
-0.962,-0.341,-0.287,-0.291,-0.269,-1.041,False,False,True,False,False,False,False,False,False,True,False,True
0.503,-0.341,-0.287,-0.227,0.563,-1.120,False,False,False,False,False,False,False,True,False,False,False,False
-0.125,0.000,-0.284,-0.048,-0.269,-0.974,False,True,False,False,False,False,False,False,True,False,False,False
-0.125,-0.341,-0.287,-0.291,-0.269,-0.974,False,True,True,False,False,False,False,False,True,False,False,False
-1.171,-0.341,-0.287,-0.291,-0.269,-0.974,False,True,True,False,False,False,False,False,True,False,False,False
-0.474,-0.341,-0.284,-0.291,-0.269,-1.118,False,False,False,False,False,False,False,True,False,False,False,False
-0.125,0.000,-0.266,-0.252,-0.026,-1.031,False,False,False,False,False,False,False,False,False,True,False,False
-1.101,-0.341,-0.287,-0.291,-0.269,-1.039,False,False,True,False,False,False,False,False,False,True,False,True
-0.125,-0.341,-0.213,-0.291,0.318,-1.122,False,False,False,False,False,False,False,True,False,False,False,True
-0.055,-0.341,-0.279,-0.291,0.274,-1.004,False,False,False,False,False,False,False,False,True,False,False,True
-0.543,-0.341,-0.267,-0.291,-0.220,-1.144,True,False,False,False,True,False,False,False,False,False,False,True
0.712,-0.080,0.838,-0.271,-0.052,-1.140,True,False,False,False,False,True,False,False,False,False,False,True
-0.055,-0.341,-0.287,0.000,-0.269,-1.027,False,False,True,False,False,False,False,False,False,True,False,False
-1.031,-0.341,-0.287,-0.291,-0.269,-1.037,False,False,True,False,False,False,False,False,False,True,False,True
-0.125,-0.341,0.000,-0.291,-0.269,-0.334,True,False,True,False,False,False,False,False,True,False,False,True
1.200,-0.341,-0.287,-0.291,-0.269,-1.142,True,False,True,False,True,False,False,False,False,False,False,True
-0.125,-0.341,-0.287,-0.291,-0.269,-1.002,False,True,True,False,False,False,False,False,True,False,False,True
-0.543,-0.341,-0.287,-0.291,-0.269,-1.120,False,True,False,False,False,False,False,True,False,False,False,True
-0.543,0.437,-0.287,2.637,-0.269,-1.140,False,True,False,False,False,False,True,False,False,False,False,False
0.921,-0.341,0.295,1.328,0.155,-1.114,True,False,False,False,False,False,False,True,False,False,False,False
-0.474,-0.325,-0.287,1.077,-0.269,-0.334,False,True,False,False,False,False,False,False,True,False,False,True
-1.310,-0.341,-0.287,-0.291,-0.269,-1.000,False,True,False,False,False,False,False,False,True,False,False,True
0.991,2.420,-0.287,-0.212,-0.269,-1.000,False,True,False,False,False,False,False,False,True,False,False,True
0.921,1.548,-0.265,-0.264,-0.269,-1.116,False,True,False,False,False,False,False,True,False,False,False,True
-0.752,-0.341,-0.287,-0.291,-0.269,-1.140,True,False,True,False,True,False,False,False,False,False,False,True
1.758,-0.341,-0.287,-0.291,-0.269,-1.140,True,False,True,False,True,False,False,False,False,False,False,True
-0.334,-0.341,-0.287,-0.291,-0.269,-1.140,True,False,True,False,True,False,False,False,False,False,False,True
2.455,-0.341,0.802,-0.272,0.395,-1.140,True,False,False,False,True,False,False,False,False,False,False,True
-0.752,-0.341,-0.287,-0.291,-0.269,-1.140,True,False,True,False,True,False,False,False,False,False,False,True
1.688,-0.341,-0.287,-0.291,-0.269,-1.140,False,False,True,False,True,False,False,False,False,False,False,True
-0.404,-0.341,-0.287,-0.291,-0.269,-0.998,False,True,True,False,False,False,False,False,True,False,False,True
0.712,-0.341,-0.287,-0.291,-0.269,-1.031,False,False,False,False,False,False,False,False,False,True,False,True
2.107,-0.341,10.075,-0.291,-0.269,-1.146,True,False,False,False,False,True,False,False,False,False,False,False
0.224,-0.341,3.322,-0.291,-0.161,-1.142,True,False,False,False,False,False,True,False,False,False,False,True
1.828,-0.341,-0.287,-0.291,-0.269,-1.142,True,False,True,False,False,False,True,False,False,False,False,True
-0.543,-0.341,-0.287,-0.291,-0.269,-1.023,False,False,True,False,False,False,False,False,False,True,False,False
1.479,-0.341,-0.287,-0.291,-0.269,-1.138,True,False,True,False,True,False,False,False,False,False,False,True
1.828,-0.169,1.276,-0.222,1.828,-1.165,True,False,False,False,False,False,False,False,False,False,False,True
-0.125,1.850,-0.287,-0.289,-0.205,-0.962,False,False,False,False,False,False,False,False,True,False,False,False
0.433,-0.341,-0.287,-0.291,-0.269,-0.996,False,False,True,False,False,False,False,False,True,False,False,True
-0.125,-0.341,-0.287,-0.291,-0.269,-1.025,False,False,True,False,False,False,False,False,False,True,False,True
1.828,-0.247,0.000,-0.291,-0.000,-1.023,False,False,False,False,False,False,False,False,False,True,False,True
-0.404,-0.281,-0.122,-0.291,-0.000,-1.114,False,False,False,False,False,False,False,True,False,False,False,True
0.921,-0.341,-0.287,0.965,-0.131,-1.112,False,False,False,False,False,False,False,True,False,False,False,False
0.433,0.498,-0.154,2.610,-0.264,-1.112,False,False,False,False,False,False,False,True,False,False,False,True
1.270,-0.341,-0.287,-0.291,-0.269,-0.334,False,False,True,False,False,False,False,False,True,False,False,True
-0.125,1.436,-0.280,-0.286,-0.265,-0.994,False,True,False,False,False,False,False,False,True,False,False,True
0.363,-0.341,-0.287,-0.291,-0.269,-0.994,False,True,True,False,False,False,False,False,True,False,False,True
1.200,-0.341,0.415,-0.291,5.551,-1.144,True,False,False,False,False,True,False,False,False,False,False,False
-0.195,-0.341,-0.287,-0.291,-0.269,-1.017,False,False,True,False,False,False,False,False,False,True,False,False
-1.938,-0.341,-0.287,-0.291,-0.269,-1.015,False,False,True,False,False,False,False,False,False,True,False,False
-0.125,-0.341,-0.287,-0.291,-0.269,-1.015,False,False,True,False,False,False,False,False,False,True,False,False
0.294,-0.310,-0.287,0.352,-0.269,-1.136,False,True,False,False,False,False,True,False,False,False,False,False
0.363,-0.192,0.161,-0.242,1.409,-1.132,True,False,False,False,True,False,False,False,False,False,False,False
1.409,5.075,0.533,0.238,-0.247,-1.132,True,False,False,False,True,False,False,False,False,False,False,False
-0.474,-0.341,-0.284,-0.291,0.042,-1.013,False,False,False,False,False,False,False,False,False,True,False,False
-0.055,-0.341,0.386,-0.291,-0.265,-0.960,False,False,False,False,False,False,False,False,True,False,False,False
-0.125,-0.341,-0.287,0.000,-0.269,-1.142,True,False,True,False,False,True,False,False,False,False,False,False
0.503,-0.341,-0.287,-0.291,-0.269,-1.142,True,False,True,False,False,True,False,False,False,False,False,False
0.084,-0.341,-0.287,-0.291,-0.269,-1.142,False,False,True,False,False,True,False,False,False,False,False,False
1.409,-0.341,-0.287,-0.291,-0.269,-1.142,True,False,True,False,False,True,False,False,False,False,False,False
0.642,-0.341,0.837,0.511,4.132,-1.142,True,False,False,False,False,True,False,False,False,False,False,False
0.154,-0.341,-0.287,-0.291,-0.269,-0.990,False,True,True,False,False,False,False,False,True,False,False,True
-0.822,1.889,-0.287,-0.291,-0.255,-0.990,False,False,False,False,False,False,False,False,True,False,False,True
-0.195,-0.327,-0.287,-0.291,0.506,-1.011,False,False,False,False,False,False,False,False,False,True,False,False
-0.404,-0.251,-0.287,-0.291,-0.269,-0.958,False,False,False,False,False,False,False,False,True,False,False,False
-0.334,1.069,0.146,1.112,-0.269,-0.988,False,False,False,False,False,False,False,False,True,False,False,True
-0.404,-0.341,-0.278,1.100,-0.266,-0.986,False,False,False,False,False,False,False,False,True,False,False,True
-0.334,-0.341,-0.233,0.888,-0.268,-1.106,False,False,False,False,False,False,False,True,False,False,False,True
0.224,0.669,-0.287,-0.291,-0.268,-1.140,False,True,False,False,False,False,True,False,False,False,False,True
0.991,-0.341,-0.287,-0.291,-0.269,-0.984,False,True,True,False,False,False,False,False,True,False,False,True
-0.404,-0.321,-0.280,-0.291,-0.269,-0.982,False,False,False,False,False,False,False,False,True,False,False,True
0.921,-0.150,-0.287,0.154,-0.258,-1.019,False,False,False,False,False,False,False,False,False,True,False,True
0.015,-0.341,-0.287,-0.291,-0.269,-1.136,True,False,True,False,False,True,False,False,False,False,False,True
0.782,-0.341,-0.287,-0.291,-0.269,-1.140,True,False,True,False,False,True,False,False,False,False,False,False
0.572,-0.341,3.793,-0.291,-0.269,-1.140,True,False,False,False,False,True,False,False,False,False,False,False
2.246,-0.341,-0.287,-0.291,-0.269,-1.138,True,False,True,False,False,True,False,False,False,False,False,False
0.294,-0.341,-0.184,-0.289,-0.269,-1.138,True,False,False,False,False,True,False,False,False,False,False,False
-0.683,-0.341,0.608,-0.291,-0.252,-0.980,False,False,False,False,False,False,False,False,True,False,False,True
-0.543,-0.341,-0.280,0.680,-0.199,-0.976,False,False,False,False,False,False,False,False,True,False,False,True
-1.729,-0.341,-0.287,-0.291,-0.269,-1.017,False,False,False,False,False,False,False,False,False,True,False,True
-1.171,-0.341,-0.287,-0.291,-0.269,-1.017,False,False,False,False,False,False,False,False,False,True,False,True
1.061,1.842,-0.104,-0.167,-0.269,-0.974,False,False,False,False,False,False,False,False,True,False,False,True
-0.474,-0.341,-0.287,0.265,-0.269,-1.015,False,False,False,False,False,False,False,False,False,True,False,True
0.294,0.933,0.115,0.382,-0.269,-0.952,False,True,False,False,False,False,False,False,True,False,False,False
0.224,-0.341,-0.287,-0.291,-0.269,-1.130,True,False,True,False,True,False,False,False,False,False,False,False
-0.055,-0.341,-0.287,-0.291,-0.269,-1.130,True,False,True,False,True,False,False,False,False,False,False,False
-0.055,-0.341,-0.030,-0.287,2.992,-1.130,True,False,False,False,True,False,False,False,False,False,False,False
0.154,0.716,-0.287,0.734,-0.269,-0.950,False,True,False,False,False,False,False,False,True,False,False,False
-1.101,-0.341,-0.287,-0.291,-0.269,-1.104,False,True,True,False,False,False,False,True,False,False,False,True
-1.031,-0.341,-0.287,-0.291,-0.269,-1.013,False,False,True,False,False,False,False,False,False,True,False,True
0.294,2.552,-0.267,-0.291,-0.265,-1.138,True,False,False,False,False,False,True,False,False,False,False,True
-0.125,-0.341,-0.287,-0.291,-0.000,-1.138,True,False,True,False,False,False,True,False,False,False,False,True
-0.404,-0.341,-0.078,0.228,-0.269,-0.948,False,False,False,False,False,False,False,False,True,False,False,False
0.503,0.463,2.902,-0.289,0.500,-1.134,True,False,False,True,False,True,False,False,False,False,False,True
-0.474,-0.341,-0.287,-0.291,-0.269,-1.136,True,False,True,False,False,True,False,False,False,False,False,False
-0.683,-0.341,-0.287,-0.291,-0.269,-1.136,True,False,True,False,False,True,False,False,False,False,False,False
0.921,-0.341,-0.287,-0.291,-0.269,-1.136,True,False,True,False,False,True,False,False,False,False,False,False
0.084,-0.341,-0.287,-0.291,-0.000,-1.136,True,False,True,False,False,True,False,False,False,False,False,False
-0.892,-0.341,-0.287,-0.291,-0.269,-1.136,True,False,True,False,False,True,False,False,False,False,False,False
1.828,-0.341,0.680,-0.291,1.115,-1.136,True,False,False,False,False,True,False,False,False,False,False,False
1.828,-0.341,-0.287,-0.291,-0.269,-1.136,True,False,True,False,False,True,False,False,False,False,False,False
-0.683,2.556,-0.287,-0.256,-0.269,-0.970,False,False,False,False,False,False,False,False,True,False,False,True
-0.125,-0.319,0.220,-0.249,-0.000,-0.946,False,False,False,False,False,False,False,False,True,False,False,False
-0.752,-0.341,-0.287,-0.291,-0.269,-1.110,True,False,True,False,False,False,False,True,False,False,False,False
-0.543,-0.341,0.000,0.755,-0.269,-0.966,False,False,False,False,False,False,False,False,True,False,False,True
2.525,-0.341,-0.287,0.581,-0.269,-1.007,False,False,False,False,False,False,False,False,False,True,False,False
1.828,-0.260,0.208,-0.229,-0.269,-0.964,False,False,False,False,False,False,False,False,True,False,False,True
1.479,0.000,-0.141,-0.291,-0.269,-1.009,False,False,False,False,False,False,False,False,False,True,False,True
1.409,-0.341,-0.287,-0.291,-0.269,-1.006,False,False,True,False,False,False,False,False,False,True,False,False
-0.474,-0.341,-0.287,0.715,-0.265,-1.102,False,False,False,False,False,False,False,True,False,False,False,True
0.294,-0.341,-0.287,-0.291,-0.269,-0.944,False,True,True,False,False,False,False,False,True,False,False,False
-1.798,-0.341,-0.287,-0.291,-0.269,-0.962,False,True,True,False,False,False,False,False,True,False,False,True
-2.008,-0.341,-0.287,-0.291,-0.269,-0.962,False,True,True,False,False,False,False,False,True,False,False,True
0.294,-0.341,-0.287,-0.291,-0.269,-0.962,False,True,True,False,False,False,False,False,True,False,False,True
1.340,-0.341,-0.287,-0.291,-0.269,-0.940,False,True,True,False,False,False,False,False,True,False,False,False
-1.659,-0.341,-0.287,-0.291,-0.269,-0.940,False,True,True,False,False,False,False,False,True,False,False,False
-0.404,3.673,-0.287,1.537,-0.269,-1.134,False,True,False,False,False,False,True,False,False,False,False,False
1.688,-0.341,-0.287,-0.291,-0.269,-1.132,True,False,True,False,False,False,True,False,False,False,False,False
-0.752,-0.333,-0.272,0.740,0.651,-0.938,False,True,False,False,False,False,False,False,True,False,False,False
-0.613,-0.341,-0.287,-0.291,-0.269,-1.002,False,False,True,False,False,False,False,False,False,True,False,False
-0.404,0.014,-0.287,0.632,-0.268,-1.108,False,False,False,False,False,False,False,True,False,False,False,False
1.340,0.874,-0.286,-0.291,0.590,-1.000,False,False,False,False,False,False,False,False,False,True,False,False
-0.683,-0.341,-0.287,-0.291,-0.269,-1.007,False,False,True,False,False,False,False,False,False,True,False,True
-0.125,-0.275,-0.192,0.014,1.500,-1.130,False,True,False,False,False,False,True,False,False,False,False,False
-1.380,-0.341,-0.287,-0.291,-0.269,-1.006,False,False,False,False,False,False,False,False,False,True,False,True
-0.334,0.000,-0.285,-0.291,-0.169,-1.100,False,False,False,False,False,False,False,True,False,False,False,True
1.200,-0.309,-0.287,3.317,-0.000,-0.934,False,True,False,False,False,False,False,False,True,False,False,False
-0.404,-0.341,-0.287,-0.291,-0.269,-0.998,False,False,True,False,False,False,False,False,False,True,False,False
-0.543,-0.341,-0.287,-0.291,-0.269,-0.998,False,False,True,False,False,False,False,False,False,True,False,False
-0.683,-0.341,-0.287,0.000,-0.000,-1.002,False,False,True,False,False,False,False,False,False,True,False,True
-2.008,-0.341,-0.287,-0.291,-0.269,-0.932,False,True,False,False,False,False,False,False,True,False,False,False
-1.729,-0.341,0.000,-0.291,-0.269,-0.932,False,True,False,False,False,False,False,False,True,False,False,False
-0.195,1.557,-0.287,-0.214,-0.264,-0.932,False,True,False,False,False,False,False,False,True,False,False,False
-1.380,-0.341,-0.287,-0.291,-0.269,-0.932,False,True,True,False,False,False,False,False,True,False,False,False
-0.334,-0.341,1.836,1.092,0.431,-1.132,True,False,False,False,False,True,False,False,False,False,False,True
-0.334,-0.341,-0.287,-0.291,-0.269,-0.930,False,True,True,False,False,False,False,False,True,False,False,False
-0.264,-0.341,-0.287,-0.291,-0.269,-1.106,False,True,False,False,False,False,False,True,False,False,False,False
-0.543,-0.341,-0.287,-0.291,-0.269,-0.930,False,True,True,False,False,False,False,False,True,False,False,False
-0.543,-0.341,-0.287,-0.271,0.390,-0.929,False,False,False,False,False,False,False,False,True,False,False,False
0.572,-0.300,0.123,-0.274,8.174,-1.134,True,False,False,False,False,True,False,False,False,False,False,False
1.061,0.317,1.665,-0.259,0.518,-1.134,True,False,False,False,False,True,False,False,False,False,False,False
0.991,-0.335,0.410,-0.093,-0.000,-1.134,True,False,False,False,False,True,False,False,False,False,False,False
-1.519,-0.341,-0.287,-0.291,-0.269,-0.992,False,False,False,False,False,False,False,False,False,True,False,False
0.294,-0.115,-0.287,0.000,-0.173,-0.925,False,True,False,False,False,False,False,False,True,False,False,False
-0.334,-0.341,0.000,0.093,-0.265,-0.923,False,False,False,False,False,False,False,False,True,False,False,False
0.154,-0.341,-0.287,-0.291,-0.269,-1.000,False,False,True,False,False,False,False,False,False,True,False,True
-0.125,-0.341,-0.287,-0.291,-0.269,-1.128,True,False,True,True,True,False,False,False,False,False,False,False
0.363,-0.341,-0.287,-0.291,-0.269,-0.998,False,False,False,False,False,False,False,False,False,True,False,True
2.037,-0.341,-0.287,-0.291,-0.269,-0.996,False,False,True,False,False,False,False,False,False,True,False,True
-1.519,-0.341,-0.287,-0.291,-0.269,-0.996,False,False,False,False,False,False,False,False,False,True,False,True
-1.798,-0.341,-0.287,-0.291,-0.269,-0.996,False,False,True,False,False,False,False,False,False,True,False,True
-0.543,-0.341,-0.287,1.229,-0.269,-0.990,False,False,False,False,False,False,False,False,False,True,False,False
-0.543,-0.339,-0.056,-0.291,0.073,-0.919,False,False,False,False,False,False,False,False,True,False,False,False
0.712,-0.341,-0.287,-0.291,-0.269,-1.130,True,False,True,False,False,True,False,False,False,False,False,True
0.991,-0.341,-0.287,-0.291,-0.269,-1.130,True,False,True,False,False,True,False,False,False,False,False,True
-0.474,-0.341,-0.287,-0.291,-0.269,-0.994,False,False,True,False,False,False,False,False,False,True,False,True
1.061,-0.184,-0.287,-0.261,-0.268,-0.915,False,False,False,False,False,False,False,False,True,False,False,False
0.642,-0.341,-0.287,-0.291,-0.269,-0.988,False,False,False,False,False,False,False,False,False,True,False,False
0.224,-0.341,-0.287,-0.291,-0.269,-0.956,False,True,True,False,False,False,False,False,True,False,False,True
1.828,-0.341,-0.287,-0.291,-0.269,-0.954,False,True,True,False,False,False,False,False,True,False,False,True
0.154,0.613,-0.287,-0.291,-0.269,-1.128,False,True,False,True,False,False,True,False,False,False,False,False
0.712,-0.341,0.651,-0.291,0.069,-0.911,False,False,False,False,False,False,False,False,True,False,False,False
0.433,-0.341,0.828,-0.291,-0.269,-0.992,False,False,False,False,False,False,False,False,False,True,False,True
0.572,0.590,-0.287,-0.207,0.012,-1.092,False,False,False,False,False,False,False,True,False,False,False,True
-1.101,-0.341,-0.283,-0.291,0.048,-0.909,False,False,False,False,False,False,False,False,True,False,False,False
-0.543,-0.341,-0.287,-0.279,-0.269,-0.909,False,False,False,False,False,False,False,False,True,False,False,False
-0.613,-0.341,-0.287,-0.291,-0.269,-1.090,False,True,False,False,False,False,False,True,False,False,False,True
-0.613,-0.341,-0.287,-0.291,-0.269,-1.122,True,False,True,False,True,False,False,False,False,False,False,False
2.386,-0.341,-0.210,1.309,-0.000,-0.907,False,False,False,False,False,False,False,False,True,False,False,False
0.503,-0.338,-0.287,-0.291,-0.252,-0.952,False,False,False,False,False,False,False,False,True,False,False,True
0.015,-0.341,1.810,-0.291,0.589,-1.128,True,False,False,False,False,True,False,False,False,False,False,True
0.503,-0.341,2.828,-0.154,0.238,-1.128,True,False,False,False,False,True,False,False,False,False,False,True
3.501,-0.341,-0.287,-0.291,-0.267,-1.128,True,False,False,False,False,True,False,False,False,False,False,True
0.084,-0.341,-0.287,-0.291,-0.269,-1.128,True,False,True,False,False,True,False,False,False,False,False,True
0.084,-0.341,-0.287,-0.291,-0.269,-1.128,True,False,True,False,False,True,False,False,False,False,False,True
-0.683,1.204,-0.120,-0.055,-0.269,-0.905,False,True,False,False,False,False,False,False,True,False,False,False
0.294,-0.341,-0.287,-0.291,-0.269,-1.102,True,False,True,False,False,False,False,True,False,False,False,False
-0.613,2.273,-0.287,-0.291,-0.269,-0.984,False,False,False,False,False,False,False,False,False,True,False,False
0.642,-0.341,-0.287,-0.291,-0.269,-1.126,True,False,True,False,False,True,False,False,False,False,False,True
-1.519,-0.341,-0.287,-0.291,-0.269,-0.950,False,True,True,False,False,False,False,False,True,False,False,True
2.037,-0.341,-0.287,-0.291,-0.269,-0.950,False,True,True,False,False,False,False,False,True,False,False,True
0.294,-0.181,-0.287,1.529,-0.269,-0.950,False,True,False,False,False,False,False,False,True,False,False,True
-1.798,-0.341,-0.287,-0.291,-0.269,-0.990,False,False,True,False,False,False,False,False,False,True,False,True
0.712,-0.341,-0.287,-0.291,-0.269,-1.088,False,True,False,False,False,False,False,True,False,False,False,True
0.572,0.019,-0.286,0.894,-0.269,-1.100,False,True,False,False,False,False,False,True,False,False,False,False
0.224,-0.341,-0.287,-0.291,-0.266,-0.978,False,False,False,False,False,False,False,False,False,True,False,False
-0.055,-0.341,0.254,-0.291,-0.269,-0.946,False,False,False,False,False,False,False,False,True,False,False,True
0.642,-0.341,-0.282,0.941,-0.269,-0.986,False,False,False,False,False,False,False,False,False,True,False,True
-0.543,-0.341,0.074,-0.289,-0.000,-0.944,False,False,False,False,False,False,False,False,True,False,False,True
-0.752,-0.341,-0.287,-0.291,-0.269,-0.984,False,False,True,False,False,False,False,False,False,True,False,True
-0.962,-0.341,-0.287,-0.291,-0.269,-0.982,False,False,True,False,False,False,False,False,False,True,False,True
1.061,-0.341,1.284,-0.291,0.368,-1.132,True,False,False,False,False,True,False,False,False,False,False,False
1.061,-0.210,0.042,-0.264,-0.235,-0.901,False,False,False,False,False,False,False,False,True,False,False,False
0.503,-0.341,-0.287,-0.291,4.751,-1.086,True,False,False,False,False,False,False,True,False,False,False,True
-0.055,0.000,-0.287,11.601,-0.269,-0.899,False,False,False,False,False,False,False,False,True,False,False,False
-0.962,1.575,-0.287,-0.287,-0.269,-0.899,False,True,False,False,False,False,False,False,True,False,False,False
1.130,-0.341,-0.272,-0.145,0.156,-0.897,False,False,False,False,False,False,False,False,True,False,False,False
-0.195,-0.341,0.045,-0.287,0.087,-0.895,False,False,False,False,False,False,False,False,True,False,False,False
1.200,-0.341,-0.287,-0.291,-0.269,-0.976,False,False,True,False,False,False,False,False,False,True,False,False
-0.264,-0.339,-0.287,-0.227,0.384,-0.974,False,False,False,False,False,False,False,False,False,True,False,False
1.200,-0.341,-0.287,-0.291,-0.269,-0.978,False,False,True,False,False,False,False,False,False,True,False,True
-0.962,-0.341,-0.287,-0.291,-0.269,-0.976,False,False,True,False,False,False,False,False,False,True,False,True
0.572,-0.341,-0.287,-0.291,-0.269,-0.974,False,False,True,False,False,False,False,False,False,True,False,True
-0.613,0.000,-0.152,-0.291,-0.269,-0.972,False,False,False,False,False,False,False,False,False,True,False,True
1.130,-0.341,-0.287,-0.291,-0.269,-0.970,False,False,True,False,False,False,False,False,False,True,False,False
-1.519,-0.341,-0.287,-0.291,-0.269,-0.970,False,False,True,False,False,False,False,False,False,True,False,False
-1.659,-0.341,-0.287,-0.291,-0.269,-0.970,False,False,True,False,False,False,False,False,False,True,False,False
0.642,-0.341,-0.287,-0.291,-0.269,-0.938,False,True,True,False,False,False,False,False,True,False,False,True
0.084,0.067,-0.227,0.131,-0.269,-0.893,False,True,False,False,False,False,False,False,True,False,False,False
-0.125,-0.341,-0.287,-0.291,-0.269,-0.891,False,True,False,False,False,False,False,False,True,False,False,False
-2.008,-0.341,-0.287,-0.291,-0.269,-0.891,False,True,False,False,False,False,False,False,True,False,False,False
-0.613,-0.341,-0.287,-0.291,-0.269,-0.891,False,True,True,False,False,False,False,False,True,False,False,False
0.851,-0.339,0.291,-0.284,-0.256,-1.096,False,False,False,False,False,False,False,True,False,False,False,False
-0.752,-0.341,-0.287,-0.291,-0.269,-0.889,False,True,True,False,False,False,False,False,True,False,False,False
0.015,5.551,-0.287,0.000,-0.269,-1.118,False,True,False,True,False,False,True,False,False,False,False,False
-0.683,4.354,-0.287,-0.276,-0.081,-1.132,False,True,False,False,False,False,True,False,False,False,False,True
0.363,2.650,-0.287,-0.128,-0.266,-1.082,False,True,False,False,False,False,False,True,False,False,False,True
0.503,-0.341,-0.287,-0.291,-0.269,-1.128,True,False,True,False,True,False,False,False,False,False,False,True
1.758,-0.341,-0.287,-0.291,-0.269,-0.936,False,True,True,False,False,False,False,False,True,False,False,True
-0.683,-0.092,-0.287,1.020,-0.269,-1.081,False,True,False,False,False,False,False,True,False,False,False,True
-0.543,0.425,-0.287,2.977,-0.269,-0.934,False,True,False,False,False,False,False,False,True,False,False,True
-0.404,-0.341,-0.287,-0.291,-0.269,-1.081,False,True,True,False,False,False,False,True,False,False,False,True
0.433,-0.341,-0.287,-0.291,-0.269,-0.334,True,False,True,False,False,False,False,False,True,False,False,True
0.363,-0.341,1.900,-0.291,-0.235,-1.124,True,False,False,False,False,True,False,False,False,False,False,True
-0.474,-0.341,0.077,0.087,-0.269,-0.966,False,False,False,False,False,False,False,False,False,True,False,True
-0.334,-0.309,-0.287,0.863,-0.269,-0.887,False,False,False,False,False,False,False,False,True,False,False,False
-0.752,-0.341,-0.287,-0.291,-0.269,-0.929,False,True,True,False,False,False,False,False,True,False,False,True
-0.334,3.749,-0.287,0.213,-0.265,-1.130,False,True,False,False,False,False,True,False,False,False,False,True
0.294,-0.341,-0.287,-0.291,-0.269,-1.128,True,False,True,False,False,False,True,False,False,False,False,True
-0.334,-0.157,-0.139,-0.284,-0.221,-0.927,False,False,False,False,False,False,False,False,True,False,False,True
-0.752,-0.341,-0.287,-0.291,-0.269,-0.964,False,False,True,False,False,False,False,False,False,True,False,True
-0.683,-0.341,-0.287,-0.291,-0.269,-0.966,False,False,True,False,False,False,False,False,False,True,False,False
0.991,-0.341,-0.287,0.918,-0.269,-0.883,False,False,False,False,False,False,False,False,True,False,False,False
1.061,-0.341,-0.287,0.000,-0.269,-0.962,False,False,True,False,False,False,False,False,False,True,False,True
-0.264,-0.341,2.817,-0.291,-0.256,-1.163,True,False,False,False,False,False,False,False,False,False,False,True
-0.264,-0.341,0.000,-0.291,-0.269,-1.163,True,False,True,False,False,False,False,False,False,False,False,True
-0.404,-0.341,-0.287,0.000,-0.269,-0.334,True,False,True,False,False,False,False,False,True,False,False,True
-0.404,2.229,-0.287,-0.291,0.039,-1.094,False,True,False,False,False,False,False,True,False,False,False,False
-0.613,0.352,-0.287,-0.006,-0.269,-0.881,False,True,False,False,False,False,False,False,True,False,False,False
-1.868,-0.341,-0.287,-0.291,-0.269,-0.881,False,True,False,False,False,False,False,False,True,False,False,False
-0.195,2.050,-0.286,-0.291,-0.269,-1.079,False,False,False,False,False,False,False,True,False,False,False,True
0.642,-0.341,-0.287,-0.291,-0.269,-0.962,False,False,True,False,False,False,False,False,False,True,False,False
-1.938,-0.341,-0.287,-0.291,-0.269,-0.962,False,False,False,False,False,False,False,False,False,True,False,False
-1.171,-0.341,-0.287,0.000,-0.269,-0.962,False,False,False,False,False,False,False,False,False,True,False,False
-1.868,-0.341,-0.287,-0.291,-0.269,-0.962,False,False,True,False,False,False,False,False,False,True,False,False
-0.264,-0.341,-0.287,-0.291,-0.269,-0.962,False,False,True,False,False,False,False,False,False,True,False,False
-1.938,-0.341,-0.287,-0.291,-0.269,-0.962,False,False,True,False,False,False,False,False,False,True,False,False
-2.008,-0.341,-0.287,-0.291,-0.269,-0.962,False,False,True,False,False,False,False,False,False,True,False,False
1.758,-0.341,-0.287,-0.291,-0.269,-0.334,True,False,False,False,False,False,False,False,True,False,False,True
-0.543,0.449,-0.287,-0.284,-0.268,-1.092,False,False,False,False,False,False,False,True,False,False,False,False
-0.683,-0.341,-0.287,-0.291,-0.269,-1.090,False,True,False,False,False,False,False,True,False,False,False,False
-0.334,-0.341,-0.273,-0.291,1.995,-0.917,False,False,False,False,False,False,False,False,True,False,False,True
-0.613,-0.341,-0.287,-0.291,-0.269,-0.958,False,False,True,False,False,False,False,False,False,True,False,False
-0.404,-0.130,-0.287,-0.289,0.043,-0.915,False,False,False,False,False,False,False,False,True,False,False,True
0.015,-0.341,-0.287,-0.287,0.255,-0.913,False,False,False,False,False,False,False,False,True,False,False,True
-1.031,-0.330,0.203,-0.291,-0.269,-1.073,False,False,False,False,False,False,False,True,False,False,False,True
-0.683,-0.341,0.161,-0.287,-0.269,-0.334,False,False,False,False,False,False,False,False,True,False,False,True
-0.404,-0.341,-0.263,-0.144,0.226,-0.875,False,False,False,False,False,False,False,False,True,False,False,False
2.316,0.739,-0.286,0.248,0.187,-0.873,False,False,False,False,False,False,False,False,True,False,False,False
-0.404,-0.341,-0.287,0.519,-0.269,-0.869,False,False,False,False,False,False,False,False,True,False,False,False
2.525,-0.341,0.236,-0.291,-0.000,-1.122,True,False,False,False,False,True,False,False,False,False,False,True
1.270,-0.341,-0.287,-0.291,-0.269,-0.867,False,True,False,False,False,False,False,False,True,False,False,False
2.664,-0.225,-0.277,-0.291,0.760,-1.130,True,False,False,False,False,True,False,False,False,False,False,False
-1.031,-0.341,-0.287,-0.291,-0.269,-1.130,True,False,True,False,False,True,False,False,False,False,False,False
0.851,5.107,1.861,-0.291,-0.218,-1.130,True,False,False,False,False,True,False,False,False,False,False,False
-1.031,-0.341,-0.287,-0.291,-0.269,-0.958,False,False,True,False,False,False,False,False,False,True,False,True
-0.683,-0.341,-0.287,-0.291,-0.269,-0.956,False,False,True,False,False,False,False,False,False,True,False,True
-0.474,-0.318,-0.198,-0.291,0.166,-0.901,False,False,False,False,False,False,False,False,True,False,False,True
0.363,-0.341,-0.287,-0.291,-0.269,-1.169,True,False,True,False,False,False,False,False,False,False,False,False
2.525,-0.312,0.556,-0.284,-0.262,-1.169,True,False,False,False,False,False,False,False,False,False,False,False
0.921,-0.341,-0.287,-0.291,-0.269,-0.334,True,False,True,False,False,False,False,False,True,False,False,True
-0.474,-0.341,-0.287,-0.291,-0.000,-1.116,True,False,True,False,False,False,True,False,False,False,False,False
1.758,-0.341,-0.287,-0.291,-0.269,-1.124,True,False,True,False,True,False,False,False,False,False,False,True
0.363,-0.269,-0.107,-0.291,-0.269,-1.124,True,False,False,False,True,False,False,False,False,False,False,True
-0.125,-0.341,-0.287,0.000,-0.269,-1.124,True,False,True,False,True,False,False,False,False,False,False,True
2.664,-0.339,-0.287,-0.282,-0.136,-1.112,False,True,False,False,False,False,True,False,False,False,False,False
0.294,-0.341,2.146,-0.291,-0.210,-1.126,True,False,False,False,False,True,False,False,False,False,False,False
0.084,-0.341,-0.287,-0.291,-0.269,-0.952,False,False,True,False,False,False,False,False,False,True,False,True
-0.474,-0.341,-0.287,-0.291,-0.269,-0.950,False,False,False,False,False,False,False,False,False,True,False,True
0.433,1.551,-0.287,-0.199,-0.269,-0.897,False,True,False,False,False,False,False,False,True,False,False,True
-0.404,0.804,-0.287,-0.088,-0.269,-0.897,False,True,False,False,False,False,False,False,True,False,False,True
1.409,-0.341,-0.284,0.846,-0.104,-0.948,False,False,False,False,False,False,False,False,False,True,False,True
0.503,-0.297,7.352,-0.291,15.003,-1.114,True,False,False,False,True,False,False,False,False,False,False,False
0.154,-0.341,-0.287,-0.291,-0.269,-1.114,True,False,True,False,True,False,False,False,False,False,False,False
1.758,-0.341,-0.287,-0.291,-0.269,-1.122,True,False,True,False,True,False,False,False,False,False,False,True
-2.008,-0.341,-0.287,-0.291,-0.269,-0.946,False,False,True,False,False,False,False,False,False,True,False,True
-0.125,-0.341,0.161,-0.291,-0.269,-0.946,False,False,False,False,False,False,False,False,False,True,False,True
1.758,-0.341,-0.287,-0.291,-0.269,-0.946,False,False,False,False,False,False,False,False,False,True,False,True
-1.310,-0.341,-0.287,-0.291,-0.269,-0.946,False,False,True,False,False,False,False,False,False,True,False,True
-2.008,-0.341,-0.287,-0.291,-0.269,-0.946,False,False,False,False,False,False,False,False,False,True,False,True
-1.519,-0.341,-0.287,-0.291,-0.269,-0.946,False,False,True,False,False,False,False,False,False,True,False,True
-0.264,-0.341,-0.287,-0.291,-0.269,-0.956,False,False,True,False,False,False,False,False,False,True,False,False
0.572,-0.341,-0.277,0.253,0.930,-1.067,True,False,False,False,False,False,False,True,False,False,False,True
-0.962,-0.341,-0.287,-0.291,-0.269,-1.067,True,False,True,False,False,False,False,True,False,False,False,True
-0.195,-0.341,-0.287,-0.291,-0.269,-1.067,False,False,True,False,False,False,False,True,False,False,False,True
-1.519,-0.341,-0.287,-0.291,-0.269,-1.067,True,False,False,False,False,False,False,True,False,False,False,True
0.084,0.505,-0.285,-0.291,-0.269,-0.895,False,False,False,False,False,False,False,False,True,False,False,True
-0.683,-0.341,-0.286,2.051,-0.253,-0.859,False,False,False,False,False,False,False,False,True,False,False,False
0.084,-0.341,1.597,-0.291,-0.269,-1.167,True,False,False,False,False,False,False,False,False,False,False,False
-0.543,0.511,-0.286,-0.291,-0.259,-0.857,False,False,False,False,False,False,False,False,True,False,False,False
-0.543,-0.319,-0.267,-0.291,0.143,-0.944,False,False,False,False,False,False,False,False,False,True,False,True
2.107,-0.341,-0.287,-0.291,-0.269,-0.855,False,True,True,False,False,False,False,False,True,False,False,False
-0.055,-0.341,-0.287,-0.291,-0.269,-1.112,True,False,True,False,False,True,False,False,False,False,False,True
0.224,0.740,-0.287,-0.287,-0.268,-0.852,False,False,False,False,False,False,False,False,True,False,False,False
-0.683,-0.341,-0.287,-0.291,-0.269,-0.954,False,False,True,False,False,False,False,False,False,True,False,False
-1.519,-0.341,-0.287,-0.291,-0.000,-0.952,False,False,True,False,False,False,False,False,False,True,False,False
-0.892,0.868,-0.287,-0.291,-0.269,-0.850,False,False,False,False,False,False,False,False,True,False,False,False
0.154,-0.341,-0.183,-0.284,0.033,-1.161,True,False,False,True,False,False,False,False,False,False,False,True
0.084,-0.341,-0.198,1.166,2.817,-1.161,True,False,False,False,False,False,False,False,False,False,False,True
-0.195,-0.341,-0.287,-0.291,-0.269,-1.161,True,False,True,False,False,False,False,False,False,False,False,True
-0.613,-0.341,-0.287,0.000,-0.269,-0.942,False,False,True,False,False,False,False,False,False,True,False,True
-0.334,-0.341,-0.287,-0.291,-0.269,-0.950,False,False,True,False,False,False,False,False,False,True,False,False
0.712,-0.341,-0.287,-0.291,0.407,-0.946,False,False,False,False,False,False,False,False,False,True,False,False
-0.683,-0.341,-0.287,-0.291,-0.269,-0.893,False,True,False,False,False,False,False,False,True,False,False,True
-0.125,-0.341,-0.287,-0.291,-0.269,-0.893,False,True,True,False,False,False,False,False,True,False,False,True
0.363,-0.341,-0.287,-0.291,-0.269,-0.891,False,False,False,False,False,False,False,False,True,False,False,True
-0.055,-0.341,-0.287,-0.291,-0.269,-1.122,True,False,True,False,False,False,True,False,False,False,False,True
0.015,-0.341,-0.287,-0.291,0.300,-0.889,False,False,False,False,False,False,False,False,True,False,False,True
0.642,-0.341,-0.287,-0.291,-0.269,-0.887,False,True,True,False,False,False,False,False,True,False,False,True
-0.125,-0.341,1.884,-0.282,-0.265,-1.165,True,False,False,False,False,False,False,False,False,False,False,False
-1.938,-0.341,-0.287,-0.291,-0.269,-0.885,False,True,True,False,False,False,False,False,True,False,False,True
0.503,-0.341,8.022,-0.123,-0.268,-1.120,True,False,False,True,False,True,False,False,False,False,False,False
0.154,-0.063,-0.287,-0.237,0.764,-0.883,False,False,False,False,False,False,False,False,True,False,False,True
-1.938,-0.341,-0.287,-0.291,-0.269,-0.940,False,False,False,False,False,False,False,False,False,True,False,True
0.154,-0.100,-0.218,0.883,-0.260,-1.065,False,False,False,False,False,False,False,True,False,False,False,True
-1.310,-0.341,-0.287,-0.291,-0.000,-0.879,False,True,False,False,False,False,False,False,True,False,False,True
-0.125,1.519,-0.261,-0.289,-0.269,-0.879,False,True,False,False,False,False,False,False,True,False,False,True
0.921,0.927,-0.287,-0.205,-0.269,-0.879,False,True,False,False,False,False,False,False,True,False,False,True
-2.008,-0.341,-0.287,-0.291,-0.269,-0.879,False,True,False,False,False,False,False,False,True,False,False,True
0.851,1.492,-0.287,-0.291,0.466,-0.877,False,True,False,False,False,False,False,False,True,False,False,True
-2.008,-0.341,-0.287,-0.291,-0.269,-0.877,False,True,True,False,False,False,False,False,True,False,False,True
-2.008,-0.341,-0.287,-0.291,-0.269,-0.877,False,True,False,False,False,False,False,False,True,False,False,True
2.107,-0.341,-0.287,-0.291,-0.269,-0.844,False,True,True,False,False,False,False,False,True,False,False,False
-1.101,-0.338,-0.287,-0.241,-0.269,-1.061,False,False,False,False,False,False,False,True,False,False,False,True
-0.334,-0.341,-0.109,-0.291,0.117,-1.059,True,False,False,False,False,False,False,True,False,False,False,True
-0.613,-0.341,-0.287,-0.291,-0.269,-0.942,False,False,True,False,False,False,False,False,False,True,False,False
2.943,-0.341,-0.287,-0.291,-0.269,-1.120,True,False,False,True,True,False,False,False,False,False,False,True
-0.404,-0.341,-0.287,-0.291,-0.269,-0.938,False,False,True,False,False,False,False,False,False,True,False,True
-0.962,-0.341,-0.250,0.904,-0.266,-0.873,False,False,False,False,False,False,False,False,True,False,False,True
-0.752,0.798,-0.287,-0.291,-0.269,-0.936,False,False,False,False,False,False,False,False,False,True,False,True
-0.683,-0.341,0.065,-0.274,-0.127,-0.869,False,False,False,False,False,False,False,False,True,False,False,True
-1.729,-0.341,-0.287,-0.291,-0.269,-0.934,False,False,True,False,False,False,False,False,False,True,False,True
0.921,-0.341,-0.287,0.946,-0.269,-0.334,False,False,False,False,False,False,False,False,True,False,False,True
1.549,0.895,-0.287,0.283,-0.269,-0.865,False,True,False,False,False,False,False,False,True,False,False,True
-1.101,-0.341,-0.287,-0.291,-0.269,-0.940,False,False,True,False,False,False,False,False,False,True,False,False
-0.125,-0.077,0.122,-0.291,-0.269,-0.334,False,False,False,False,False,False,False,False,True,False,False,True
0.921,0.851,-0.287,-0.254,-0.269,-0.863,False,False,False,False,False,False,False,False,True,False,False,True
0.851,0.151,-0.286,0.000,-0.246,-0.863,False,False,False,False,False,False,False,False,True,False,False,True
-0.543,-0.318,-0.287,4.221,-0.269,-0.842,False,False,False,False,False,False,False,False,True,False,False,False
0.154,-0.319,-0.284,-0.291,-0.269,-0.840,False,False,False,False,False,False,False,False,True,False,False,False
0.503,-0.341,-0.287,-0.291,-0.269,-0.334,True,False,True,False,False,False,False,False,True,False,False,True
0.154,-0.341,-0.287,-0.291,-0.245,-0.836,False,False,False,False,False,False,False,False,True,False,False,False
-1.031,-0.224,-0.287,-0.276,-0.123,-0.932,False,False,False,False,False,False,False,False,False,True,False,True
0.224,0.408,0.152,-0.172,-0.269,-0.861,False,True,False,True,False,False,False,False,True,False,False,True
0.224,-0.341,-0.175,-0.291,4.277,-1.118,True,False,False,False,True,False,False,False,False,False,False,True
-0.125,0.664,0.410,-0.291,-0.267,-0.934,False,False,False,False,False,False,False,False,False,True,False,False
1.967,3.678,1.567,-0.291,0.878,-1.116,True,False,False,False,True,False,False,False,False,False,False,True
-1.101,-0.341,-0.287,-0.291,-0.269,-0.930,False,False,True,False,False,False,False,False,False,True,False,True
0.084,-0.341,-0.287,-0.291,-0.269,-0.832,False,True,True,False,False,False,False,False,True,False,False,False
-1.031,-0.341,-0.287,-0.291,-0.269,-0.832,False,True,True,False,False,False,False,False,True,False,False,False
-0.125,-0.341,-0.287,-0.291,-0.269,-1.114,True,False,False,False,True,False,False,False,False,False,False,True
0.224,-0.341,-0.287,-0.291,-0.269,-1.114,True,False,True,False,True,False,False,False,False,False,False,True
1.758,-0.341,-0.287,-0.291,-0.269,-1.055,False,True,True,False,False,False,False,True,False,False,False,True
-0.404,-0.012,-0.050,-0.259,-0.258,-0.830,False,False,False,False,False,False,False,False,True,False,False,False
0.642,-0.341,-0.287,-0.291,-0.269,-1.159,False,False,True,False,False,False,False,False,False,False,False,True
0.224,-0.341,-0.287,-0.291,-0.269,-0.927,False,False,True,False,False,False,False,False,False,True,False,True
-0.334,-0.289,-0.283,0.245,0.108,-1.082,False,False,False,False,False,False,False,True,False,False,False,False
0.503,-0.341,-0.287,-0.291,-0.269,-0.923,False,False,True,False,False,False,False,False,False,True,False,True
-1.241,-0.341,-0.287,-0.291,-0.269,-0.923,False,False,False,False,False,False,False,False,False,True,False,True
-1.589,-0.341,-0.287,-0.291,-0.269,-0.923,False,False,True,False,False,False,False,False,False,True,False,True
0.503,-0.341,0.000,-0.291,-0.269,-1.108,True,False,True,False,True,False,False,False,False,False,False,True
-0.474,-0.341,-0.287,-0.291,-0.269,-1.108,True,False,True,False,True,False,False,False,False,False,False,True
-0.125,-0.338,0.246,-0.261,-0.269,-0.855,False,False,False,False,False,False,False,False,True,False,False,True
0.572,-0.341,-0.287,-0.291,-0.269,-0.921,False,False,True,False,False,False,False,False,False,True,False,True
1.828,0.084,-0.287,0.452,-0.269,-0.854,False,False,False,False,False,False,False,False,True,False,False,True
-0.125,-0.171,0.009,-0.291,-0.269,-0.929,False,False,False,False,False,False,False,False,False,True,False,False
-0.613,-0.338,2.694,-0.291,-0.242,-1.157,True,False,False,False,False,False,False,False,False,False,False,True
-0.892,0.000,-0.287,-0.237,-0.188,-0.822,False,False,False,False,False,False,False,False,True,False,False,False
-0.683,-0.341,-0.186,0.613,-0.269,-0.852,False,False,False,False,False,False,False,False,True,False,False,True
0.642,-0.341,-0.287,-0.291,-0.269,-0.919,False,False,False,False,False,False,False,False,False,True,False,True
0.433,-0.322,0.144,-0.214,-0.269,-0.850,False,False,False,False,False,False,False,False,True,False,False,True
0.294,-0.341,-0.287,-0.291,-0.269,-1.118,True,False,True,False,False,True,False,False,False,False,False,False
0.572,0.237,-0.287,-0.286,-0.269,-1.116,False,True,False,True,False,False,True,False,False,False,False,True
1.200,0.848,-0.287,-0.291,-0.265,-0.334,False,False,False,False,False,False,False,False,True,False,False,True
0.851,4.363,-0.285,-0.291,-0.246,-1.114,True,False,False,False,False,False,True,False,False,False,False,True
-1.101,0.986,-0.284,-0.274,-0.269,-0.927,False,False,False,False,False,False,False,False,False,True,False,False
0.154,-0.341,-0.287,-0.291,-0.269,-0.915,False,False,True,False,False,False,False,False,False,True,False,True
1.618,-0.341,-0.287,-0.291,-0.269,-0.915,False,False,True,False,False,False,False,False,False,True,False,True
1.340,-0.341,-0.287,-0.291,-0.269,-1.114,True,False,False,False,False,True,False,False,False,False,False,False
-0.125,-0.339,7.744,-0.291,-0.223,-1.114,True,False,False,False,False,True,False,False,False,False,False,False
-0.892,-0.080,0.000,0.275,-0.269,-0.814,False,True,False,False,False,False,False,False,True,False,False,False
0.224,-0.341,-0.287,-0.291,-0.269,-0.923,False,False,True,False,False,False,False,False,False,True,False,False
-0.264,-0.341,-0.287,-0.291,-0.269,-0.913,False,False,True,False,False,False,False,False,False,True,False,True
-0.195,-0.341,-0.287,0.908,-0.268,-0.808,False,False,False,False,False,False,False,False,True,False,False,False
1.061,-0.341,-0.287,-0.291,-0.269,-0.921,False,False,True,False,False,False,False,False,False,True,False,False
0.224,-0.269,-0.287,3.981,-0.269,-0.848,False,True,False,False,False,False,False,False,True,False,False,True
-0.752,-0.037,-0.210,-0.291,-0.269,-0.806,False,False,False,False,False,False,False,False,True,False,False,False
-0.404,-0.341,-0.287,-0.291,-0.269,-0.911,False,False,True,False,False,False,False,False,False,True,False,True
1.061,-0.341,1.464,-0.291,0.651,-1.112,True,False,False,False,False,True,False,False,False,False,False,False
0.015,-0.335,-0.287,0.414,-0.252,-1.102,False,True,False,False,False,False,True,False,False,False,False,False
-0.683,-0.341,-0.044,0.494,-0.269,-0.846,False,False,False,False,False,False,False,False,True,False,False,True
0.851,-0.341,3.312,-0.279,-0.244,-1.110,True,False,False,False,True,False,False,False,False,False,False,False
-0.055,-0.341,0.802,0.000,0.290,-1.110,True,False,False,False,True,False,False,False,False,False,False,False
-0.683,-0.341,-0.287,-0.291,-0.269,-0.907,False,False,True,False,False,False,False,False,False,True,False,True
0.224,3.437,-0.287,0.000,-0.265,-0.804,False,True,False,True,False,False,False,False,True,False,False,False
3.153,0.952,-0.287,0.618,-0.269,-0.804,False,False,False,False,False,False,False,False,True,False,False,False
0.154,-0.341,4.392,-0.291,0.128,-1.104,True,False,False,False,True,False,False,False,False,False,False,True
0.642,-0.341,-0.179,-0.291,-0.239,-1.077,True,False,False,False,False,False,False,True,False,False,False,False
-0.613,-0.103,-0.287,-0.291,-0.266,-0.905,False,False,False,False,False,False,False,False,False,True,False,True
-0.334,-0.269,-0.287,-0.274,0.972,-1.047,False,False,False,False,False,False,False,True,False,False,False,True
-0.195,-0.313,-0.235,-0.135,-0.014,-0.802,False,False,False,False,False,False,False,False,True,False,False,False
1.061,-0.341,-0.287,-0.291,-0.269,-0.903,False,False,True,False,False,False,False,False,False,True,False,True
0.294,-0.341,-0.287,-0.291,-0.000,-1.108,True,False,True,False,True,False,False,False,False,False,False,False
0.154,-0.341,0.399,-0.291,0.813,-1.108,True,False,False,False,True,False,False,False,False,False,False,False
-0.125,-0.341,4.584,-0.291,1.896,-1.102,True,False,False,False,False,True,False,False,False,False,False,True
-0.474,-0.341,-0.287,-0.291,-0.269,-1.102,True,False,True,False,True,False,False,False,False,False,False,True
0.294,-0.321,-0.287,1.356,-0.269,-1.045,False,False,False,False,False,False,False,True,False,False,False,True
0.363,0.234,-0.287,2.431,-0.269,-0.800,False,True,False,False,False,False,False,False,True,False,False,False
-1.241,-0.341,-0.287,-0.291,-0.269,-0.800,False,True,True,False,False,False,False,False,True,False,False,False
0.851,-0.341,0.000,-0.291,-0.269,-0.800,False,True,True,False,False,False,False,False,True,False,False,False
0.084,-0.341,4.725,-0.291,-0.247,-1.100,True,False,False,False,True,False,False,False,False,False,False,True
0.084,-0.341,0.189,0.101,-0.198,-1.100,True,False,False,False,True,False,False,False,False,False,False,True
-0.264,-0.341,0.000,0.879,-0.250,-0.901,False,False,False,False,False,False,False,False,False,True,False,True
0.154,-0.341,-0.287,-0.291,-0.269,-0.915,False,False,True,False,False,False,False,False,False,True,False,False
0.642,0.639,-0.287,-0.291,-0.040,-0.798,False,False,False,False,False,False,False,False,True,False,False,False
-0.962,-0.341,-0.287,-0.291,-0.269,-0.913,False,False,True,False,False,False,False,False,False,True,False,False
-0.683,-0.341,0.000,-0.098,0.164,-0.796,False,False,False,False,False,False,False,False,True,False,False,False
0.015,-0.341,-0.287,-0.291,-0.269,-0.334,False,True,True,False,False,False,False,False,True,False,False,True
0.084,-0.319,7.268,-0.291,-0.269,-1.108,True,False,False,False,False,True,False,False,False,False,False,False
0.015,-0.341,0.420,-0.291,0.675,-1.108,True,False,False,False,False,True,False,False,False,False,False,False
0.503,-0.341,-0.280,-0.291,0.500,-0.794,False,False,False,False,False,False,False,False,True,False,False,False
-0.334,-0.077,-0.287,-0.291,-0.269,-0.838,False,False,False,False,False,False,False,False,True,False,False,True
0.084,-0.341,-0.287,1.167,-0.269,-1.043,False,False,False,False,False,False,False,True,False,False,False,True
-2.008,-0.341,-0.287,-0.291,-0.269,-0.895,False,False,False,False,False,False,False,False,False,True,False,True
-0.962,-0.341,-0.287,-0.291,-0.269,-0.911,False,False,True,False,False,False,False,False,False,True,False,False
0.642,-0.257,0.177,-0.291,-0.258,-0.909,False,False,False,False,False,False,False,False,False,True,False,False
-1.101,-0.341,-0.283,-0.291,-0.269,-0.792,False,False,False,False,False,False,False,False,True,False,False,False
-0.752,0.560,-0.287,0.638,-0.269,-0.790,False,True,False,False,False,False,False,False,True,False,False,False
-0.892,1.010,-0.287,1.100,-0.269,-0.907,False,False,False,False,False,False,False,False,False,True,False,False
-1.450,-0.341,-0.287,-0.291,-0.269,-0.907,False,False,False,False,False,False,False,False,False,True,False,False
-0.683,-0.231,-0.284,-0.291,-0.103,-0.786,False,False,False,False,False,False,False,False,True,False,False,False
-0.195,-0.341,0.010,-0.291,-0.092,-0.905,False,False,False,False,False,False,False,False,False,True,False,False
-0.962,-0.341,-0.287,-0.291,-0.269,-0.901,False,False,True,False,False,False,False,False,False,True,False,False
0.642,-0.341,-0.287,-0.291,-0.269,-0.893,False,False,True,False,False,False,False,False,False,True,False,True
1.130,0.989,-0.287,2.024,-0.269,-0.832,False,True,False,False,False,False,False,False,True,False,False,True
1.340,-0.341,-0.095,-0.286,0.048,-0.784,False,False,False,False,False,False,False,False,True,False,False,False
-0.822,0.000,-0.287,-0.291,-0.269,-0.891,False,False,True,False,False,False,False,False,False,True,False,True
-0.055,-0.341,0.108,-0.291,-0.269,-1.039,False,False,False,False,False,False,False,True,False,False,False,True
0.851,-0.341,-0.287,-0.291,-0.269,-0.780,False,True,True,False,False,False,False,False,True,False,False,False
-0.683,-0.336,-0.287,0.000,0.426,-1.035,False,False,False,False,False,False,False,True,False,False,False,True
-1.031,-0.341,0.268,-0.277,-0.269,-0.899,False,False,False,False,False,False,False,False,False,True,False,False
-0.543,-0.341,-0.287,-0.291,-0.000,-1.106,True,False,True,False,True,False,False,False,False,False,False,False
1.340,-0.341,-0.287,-0.291,-0.269,-1.106,True,False,True,False,True,False,False,False,False,False,False,False
-0.683,0.616,-0.287,1.105,-0.269,-0.826,False,True,False,False,False,False,False,False,True,False,False,True
0.015,1.747,-0.287,-0.291,-0.269,-0.824,False,False,False,False,False,False,False,False,True,False,False,True
-0.613,0.860,-0.287,-0.291,-0.269,-1.073,False,False,False,False,False,False,False,True,False,False,False,False
1.061,-0.341,-0.287,-0.291,-0.269,-0.779,False,True,True,False,False,False,False,False,True,False,False,False
-0.683,-0.341,-0.287,-0.291,-0.269,-0.897,False,False,True,False,False,False,False,False,False,True,False,False
2.455,-0.341,-0.287,-0.291,-0.269,-0.895,False,False,True,False,False,False,False,False,False,True,False,False
-0.543,-0.341,-0.090,0.250,-0.264,-1.071,False,False,False,False,False,False,False,True,False,False,False,False
0.224,-0.253,-0.088,0.459,-0.269,-1.067,False,False,False,False,False,False,False,True,False,False,False,False
-0.613,-0.341,-0.287,-0.291,-0.269,-0.889,False,False,True,False,False,False,False,False,False,True,False,True
-0.334,0.000,-0.267,-0.277,-0.269,-0.777,False,False,False,False,False,False,False,False,True,False,False,False
1.061,-0.341,-0.287,-0.291,-0.269,-1.098,True,False,False,False,True,False,False,False,False,False,False,True
1.967,-0.341,-0.287,-0.291,-0.269,-0.891,False,False,True,False,False,False,False,False,False,True,False,False
1.549,0.000,0.000,-0.284,-0.269,-0.891,False,False,False,False,False,False,False,False,False,True,False,False
0.363,-0.341,-0.287,-0.291,-0.269,-0.883,False,False,True,False,False,False,False,False,False,True,False,True
1.130,-0.341,-0.287,-0.269,0.501,-0.881,False,False,False,False,False,False,False,False,False,True,False,True
-0.334,-0.341,-0.287,0.911,-0.269,-0.818,False,False,False,False,False,False,False,False,True,False,False,True
-0.404,-0.341,-0.287,0.529,0.012,-0.881,False,False,False,False,False,False,False,False,False,True,False,True
0.084,-0.341,-0.287,-0.291,-0.269,-0.881,False,False,True,False,False,False,False,False,False,True,False,True
-0.613,-0.341,-0.280,-0.291,0.691,-0.818,False,False,False,False,False,False,False,False,True,False,False,True
-0.474,-0.341,-0.287,-0.291,-0.269,-0.881,False,False,True,False,False,False,False,False,False,True,False,True
-0.125,-0.341,-0.287,-0.291,-0.269,-0.881,False,False,True,False,False,False,False,False,False,True,False,True
2.943,-0.341,-0.287,-0.291,-0.269,-0.881,False,False,True,False,False,False,False,False,False,True,False,True
-0.752,-0.331,-0.287,0.000,0.352,-1.065,False,False,False,False,False,False,False,True,False,False,False,False
-0.892,-0.336,-0.287,-0.232,0.153,-0.775,False,False,False,False,False,False,False,False,True,False,False,False
-0.055,-0.341,-0.285,1.226,-0.269,-0.879,False,False,False,False,False,False,False,False,False,True,False,True
0.503,-0.339,0.204,-0.291,-0.138,-1.033,False,False,False,False,False,False,False,True,False,False,False,True
-1.589,-0.341,-0.287,-0.291,-0.269,-0.889,False,False,False,False,False,False,False,False,False,True,False,False
-0.195,-0.341,0.052,-0.214,-0.184,-0.816,False,False,False,False,False,False,False,False,True,False,False,True
-0.125,-0.341,-0.287,-0.291,-0.269,-0.877,False,False,True,False,False,False,False,False,False,True,False,True
1.409,-0.294,1.423,-0.291,-0.150,-1.108,True,False,False,False,False,False,True,False,False,False,False,True
0.015,0.246,0.304,-0.291,0.914,-1.108,True,False,False,False,False,False,True,False,False,False,False,True
1.200,1.466,0.802,-0.262,-0.269,-1.108,True,False,False,False,False,False,True,False,False,False,False,True
0.433,11.832,-0.099,-0.291,0.998,-0.334,True,False,False,True,False,False,False,False,True,False,False,True
-0.822,-0.341,-0.287,-0.291,-0.269,-1.108,True,False,True,False,False,False,True,False,False,False,False,True
0.572,6.179,0.209,-0.291,-0.189,-1.108,True,False,False,False,False,False,True,False,False,False,False,True
-0.334,0.041,-0.287,-0.291,-0.269,-0.814,False,False,False,False,False,False,False,False,True,False,False,True
1.270,-0.341,-0.287,-0.291,-0.269,-0.875,False,False,True,False,False,False,False,False,False,True,False,True
-0.195,0.601,-0.287,-0.127,-0.150,-0.812,False,False,False,False,False,False,False,False,True,False,False,True
1.200,-0.341,-0.287,-0.291,-0.269,-1.106,True,False,True,False,False,True,False,False,False,False,False,False
-0.125,0.043,-0.287,1.182,-0.267,-0.810,False,True,False,False,False,False,False,False,True,False,False,True
1.897,-0.341,4.384,-0.291,-0.238,-1.104,True,False,False,False,False,True,False,False,False,False,False,False
-0.752,1.001,-0.287,-0.237,-0.269,-1.100,False,True,False,False,False,False,True,False,False,False,False,False
-0.962,-0.341,-0.287,-0.291,-0.269,-0.873,False,False,True,False,False,False,False,False,False,True,False,True
-1.798,-0.341,-0.287,-0.291,-0.269,-0.808,False,True,False,False,False,False,False,False,True,False,False,True
0.921,1.251,-0.287,0.906,-0.266,-0.808,False,True,False,False,False,False,False,False,True,False,False,True
-1.938,-0.341,-0.287,-0.291,-0.269,-0.808,False,True,True,False,False,False,False,False,True,False,False,True
1.897,-0.341,-0.287,-0.291,-0.269,-1.156,True,False,True,False,False,False,False,False,False,False,False,True
-0.613,-0.341,-0.287,-0.284,0.413,-0.869,False,False,False,False,False,False,False,False,False,True,False,True
-0.543,-0.341,-0.287,-0.291,0.429,-1.031,False,False,False,False,False,False,False,True,False,False,False,True
-1.659,-0.341,-0.287,-0.291,-0.269,-1.031,False,False,True,False,False,False,False,True,False,False,False,True
-1.171,-0.341,-0.287,-0.291,-0.269,-0.334,False,False,False,False,False,False,False,False,True,False,False,True
0.712,-0.341,-0.287,-0.291,-0.269,-1.100,True,False,True,False,False,True,False,False,False,False,False,True
2.176,-0.341,-0.287,-0.291,-0.269,-1.100,True,False,True,False,False,True,False,False,False,False,False,True
0.154,2.135,-0.285,-0.209,-0.269,-0.334,False,False,False,False,False,False,False,False,True,False,False,True
2.037,-0.341,-0.287,-0.291,-0.269,-0.885,False,False,True,False,False,False,False,False,False,True,False,False
-0.683,-0.341,-0.287,-0.291,-0.269,-0.883,False,False,True,False,False,False,False,False,False,True,False,False
0.015,-0.341,-0.287,-0.291,-0.269,-0.865,False,False,True,False,False,False,False,False,False,True,False,True
-0.683,-0.341,-0.287,-0.291,-0.269,-0.769,False,True,True,False,False,False,False,False,True,False,False,False
1.061,-0.341,-0.205,0.156,-0.269,-0.804,False,False,False,False,False,False,False,False,True,False,False,True
-0.613,-0.341,-0.278,-0.087,-0.269,-0.802,False,False,False,False,False,False,False,False,True,False,False,True
-0.752,-0.341,-0.287,-0.291,-0.269,-0.881,False,False,True,False,False,False,False,False,False,True,False,False
0.503,-0.339,0.597,-0.291,-0.269,-0.800,False,False,False,False,False,False,False,False,True,False,False,True
-0.264,-0.341,-0.287,-0.291,-0.269,-0.767,False,True,True,False,False,False,False,False,True,False,False,False
-0.962,-0.268,-0.284,-0.291,-0.269,-0.334,False,False,False,False,False,False,False,False,True,False,False,True
-0.752,-0.057,-0.280,-0.291,-0.269,-0.765,False,False,False,False,False,False,False,False,True,False,False,False
-2.008,-0.341,-0.287,-0.291,-0.269,-0.877,False,False,True,False,False,False,False,False,False,True,False,False
1.758,-0.341,-0.284,-0.291,-0.085,-0.877,False,False,False,False,False,False,False,False,False,True,False,False
-2.008,-0.341,-0.287,-0.291,-0.269,-0.877,False,False,False,False,False,False,False,False,False,True,False,False
-0.613,0.810,-0.287,-0.113,-0.269,-0.763,False,False,False,False,False,False,False,False,True,False,False,False
-0.543,0.000,-0.287,-0.291,-0.269,-0.863,False,False,True,False,False,False,False,False,False,True,False,True
-1.450,-0.341,-0.287,-0.291,-0.269,-0.761,False,True,False,False,False,False,False,False,True,False,False,False
1.200,1.863,-0.287,-0.155,-0.269,-0.761,False,True,False,False,False,False,False,False,True,False,False,False
0.154,0.010,-0.287,0.000,-0.261,-0.761,False,True,False,False,False,False,False,False,True,False,False,False
-1.798,-0.341,-0.287,-0.291,-0.269,-0.761,False,True,False,False,False,False,False,False,True,False,False,False
0.084,-0.341,-0.287,-0.291,-0.269,-0.759,False,True,True,False,False,False,False,False,True,False,False,False
-0.404,1.298,-0.287,-0.291,-0.263,-0.757,False,False,False,False,False,False,False,False,True,False,False,False
-1.031,0.805,-0.235,-0.291,-0.182,-0.794,False,False,False,False,False,False,False,False,True,False,False,True
-0.264,-0.341,-0.287,-0.291,-0.269,-0.875,False,False,True,False,False,False,False,False,False,True,False,False
2.246,-0.341,-0.287,-0.291,-0.269,-0.873,False,False,True,False,False,False,False,False,False,True,False,False
0.154,-0.341,-0.287,-0.291,-0.081,-0.871,False,False,False,False,False,False,False,False,False,True,False,False
-1.101,-0.335,-0.287,3.012,-0.235,-0.755,False,True,False,False,False,False,False,False,True,False,False,False
-0.334,-0.341,0.000,-0.291,-0.269,-0.859,False,False,True,False,False,False,False,False,False,True,False,True
1.270,-0.341,-0.095,-0.150,-0.269,-0.855,False,False,False,False,False,False,False,False,False,True,False,True
-0.962,0.449,-0.186,-0.187,-0.269,-0.854,False,False,False,False,False,False,False,False,False,True,False,True
1.200,-0.341,-0.287,-0.291,-0.269,-0.334,True,False,True,False,False,False,False,False,True,False,False,True
1.409,-0.341,-0.287,2.264,-0.269,-0.753,False,False,False,False,False,False,False,False,True,False,False,False
0.572,-0.341,-0.287,-0.291,-0.269,-1.102,True,False,False,False,False,True,False,False,False,False,False,False
1.061,-0.341,1.186,-0.279,9.346,-1.102,True,False,False,False,False,True,False,False,False,False,False,False
-0.892,0.428,-0.287,-0.291,-0.000,-0.790,False,False,False,False,False,False,False,False,True,False,False,True
2.037,-0.341,-0.287,-0.291,-0.269,-0.869,False,False,True,False,False,False,False,False,False,True,False,False
-0.613,-0.341,0.050,0.734,-0.269,-0.751,False,False,False,False,False,False,False,False,True,False,False,False
0.503,-0.341,-0.287,-0.291,-0.269,-0.749,False,True,True,False,False,False,False,False,True,False,False,False
0.154,-0.341,-0.287,-0.291,-0.269,-0.749,False,True,True,False,False,False,False,False,True,False,False,False
-0.543,-0.338,-0.007,-0.155,-0.000,-0.788,False,False,False,False,False,False,False,False,True,False,False,True
-0.474,0.000,-0.287,-0.256,-0.269,-0.786,False,False,False,False,False,False,False,False,True,False,False,True
-0.125,-0.065,-0.287,-0.291,0.063,-0.784,False,False,False,False,False,False,False,False,True,False,False,True
2.037,-0.341,-0.287,1.095,-0.184,-0.782,False,False,False,False,False,False,False,False,True,False,False,True
0.642,-0.341,-0.287,-0.291,-0.269,-0.747,False,False,True,False,False,False,False,False,True,False,False,False
0.084,-0.341,-0.287,-0.291,-0.269,-0.747,False,True,True,False,False,False,False,False,True,False,False,False
-0.613,-0.341,-0.287,-0.291,-0.269,-1.100,True,False,True,False,False,True,False,False,False,False,False,False
-0.683,-0.341,-0.287,-0.246,0.328,-0.780,False,False,False,False,False,False,False,False,True,False,False,True
1.967,0.000,-0.275,-0.028,0.339,-0.850,False,False,False,False,False,False,False,False,False,True,False,True
-0.195,-0.341,0.198,-0.210,-0.138,-0.745,False,False,False,False,False,False,False,False,True,False,False,False
0.642,-0.341,1.759,-0.291,0.943,-1.102,False,False,False,False,True,False,False,False,False,False,False,False
-0.962,-0.341,0.000,-0.291,-0.269,-1.102,True,False,True,False,True,False,False,False,False,False,False,False
-0.125,-0.341,-0.287,-0.291,-0.269,-0.779,False,True,True,False,False,False,False,False,True,False,False,True
0.433,-0.341,-0.287,-0.291,-0.269,-0.743,False,True,True,False,False,False,False,False,True,False,False,False
0.642,-0.341,-0.287,-0.291,-0.269,-0.848,False,False,True,False,False,False,False,False,False,True,False,True
0.433,0.288,0.546,-0.291,-0.216,-1.177,False,False,False,False,False,False,False,False,False,False,True,False
-1.031,-0.341,-0.287,-0.291,-0.269,-1.096,True,False,True,False,True,False,False,False,False,False,False,True
-0.125,-0.341,-0.287,-0.291,-0.269,-1.096,True,False,True,False,True,False,False,False,False,False,False,True
-0.264,-0.341,-0.287,-0.291,-0.269,-0.859,False,False,True,False,False,False,False,False,False,True,False,False
0.572,-0.341,-0.216,-0.291,0.132,-0.857,False,False,False,False,False,False,False,False,False,True,False,False
-0.264,-0.221,0.157,-0.291,-0.269,-1.059,False,False,False,False,False,False,False,True,False,False,False,False
0.851,0.627,-0.287,-0.068,-0.000,-0.855,False,False,False,False,False,False,False,False,False,True,False,False
1.479,-0.034,0.000,1.564,-0.269,-0.775,False,True,False,False,False,False,False,False,True,False,False,True
0.294,0.711,-0.287,-0.190,-0.269,-0.773,False,True,False,False,False,False,False,False,True,False,False,True
-0.125,-0.341,-0.287,-0.291,-0.269,-0.771,False,True,True,False,False,False,False,False,True,False,False,True
-0.404,-0.341,-0.287,-0.291,-0.269,-0.771,False,True,True,False,False,False,False,False,True,False,False,True
-0.752,0.502,-0.287,-0.291,-0.264,-0.771,False,True,False,False,False,False,False,False,True,False,False,True
0.154,-0.341,-0.287,-0.291,0.475,-0.769,False,False,False,False,False,False,False,False,True,False,False,True
1.758,-0.341,-0.287,-0.291,-0.269,-0.852,False,False,False,False,False,False,False,False,False,True,False,False
-2.008,-0.341,-0.287,-0.291,-0.269,-0.850,False,False,True,False,False,False,False,False,False,True,False,False
-1.241,-0.341,-0.287,-0.291,-0.000,-0.850,False,False,False,False,False,False,False,False,False,True,False,False
-1.729,-0.341,-0.287,-0.291,-0.269,-0.850,False,False,True,False,False,False,False,False,False,True,False,False
-0.683,-0.341,-0.287,-0.291,-0.269,-1.057,False,False,False,False,False,False,False,True,False,False,False,False
-1.519,-0.341,-0.287,-0.291,-0.269,-0.850,False,False,False,False,False,False,False,False,False,True,False,False
-0.613,-0.341,-0.287,-0.291,-0.269,-0.844,False,False,True,False,False,False,False,False,False,True,False,True
0.294,-0.341,-0.287,-0.291,-0.269,-1.096,False,False,True,False,False,False,True,False,False,False,False,False
-0.195,-0.341,0.067,-0.289,0.432,-1.096,True,False,False,False,False,False,True,False,False,False,False,False
0.433,-0.341,-0.287,-0.291,-0.269,-0.737,False,True,True,False,False,False,False,False,True,False,False,False
-0.404,2.482,-0.250,-0.261,-0.269,-1.094,False,True,False,False,False,False,True,False,False,False,False,False
2.176,0.322,-0.286,-0.291,0.053,-0.735,False,False,False,False,False,False,False,False,True,False,False,False
0.363,-0.341,-0.287,-0.291,-0.269,-0.334,True,False,True,False,False,False,False,False,True,False,False,True
-0.125,0.013,-0.287,-0.291,0.162,-0.842,False,False,False,False,False,False,False,False,False,True,False,True
0.921,-0.341,-0.287,-0.291,-0.269,-1.027,False,True,True,False,False,False,False,True,False,False,False,True
-0.474,-0.341,-0.238,0.784,-0.269,-0.733,False,False,False,False,False,False,False,False,True,False,False,False
-0.752,0.402,-0.065,0.208,-0.269,-0.731,False,True,False,False,False,False,False,False,True,False,False,False
-1.659,0.000,-0.287,-0.291,-0.269,-0.731,False,True,False,False,False,False,False,False,True,False,False,False
-0.752,0.852,-0.287,-0.113,-0.269,-0.731,False,True,False,False,False,False,False,False,True,False,False,False
0.015,0.460,-0.117,-0.125,-0.154,-1.055,False,True,False,False,False,False,False,True,False,False,False,False
0.712,-0.078,-0.287,0.814,0.420,-0.729,False,True,False,False,False,False,False,False,True,False,False,False
-0.822,-0.216,-0.287,0.149,0.185,-0.767,False,False,False,False,False,False,False,False,True,False,False,True
2.037,-0.257,-0.287,0.975,-0.181,-0.761,False,True,False,False,False,False,False,False,True,False,False,True
-1.659,-0.341,-0.287,-0.291,-0.269,-0.761,False,True,True,False,False,False,False,False,True,False,False,True
-0.404,-0.341,-0.272,-0.291,6.364,-1.094,True,False,False,False,False,True,False,False,False,False,False,True
-0.195,-0.328,3.563,-0.291,0.396,-1.094,True,False,False,False,False,True,False,False,False,False,False,True
0.782,-0.341,2.269,9.961,-0.181,-1.100,True,False,False,False,True,False,False,False,False,False,False,False
-0.613,-0.341,-0.287,-0.291,0.365,-1.023,False,False,False,False,False,False,False,True,False,False,False,True
0.642,1.078,-0.287,0.317,-0.269,-1.021,False,True,False,True,False,False,False,True,False,False,False,True
0.154,-0.341,-0.287,-0.291,-0.269,-1.021,False,True,False,False,False,False,False,True,False,False,False,True
0.363,-0.341,-0.287,-0.291,-0.269,-0.836,False,False,True,False,False,False,False,False,False,True,False,True
-1.380,-0.341,-0.287,-0.291,-0.269,-0.834,False,False,False,False,False,False,False,False,False,True,False,True
0.503,-0.341,1.601,-0.291,-0.183,-0.334,False,False,False,False,False,False,False,False,True,False,False,True
-0.195,-0.341,-0.287,-0.291,-0.269,-0.834,False,False,True,False,False,False,False,False,False,True,False,True
-0.752,0.955,-0.287,-0.205,-0.269,-1.053,False,False,False,False,False,False,False,True,False,False,False,False
1.828,-0.192,-0.258,-0.291,-0.269,-0.725,False,False,False,False,False,False,False,False,True,False,False,False
-0.055,-0.341,-0.035,-0.291,7.682,-1.098,True,False,False,False,True,False,False,False,False,False,False,False
-0.752,-0.341,-0.287,-0.291,-0.269,-1.092,True,False,True,False,True,False,False,False,False,False,False,True
-0.055,-0.338,-0.287,-0.291,-0.266,-1.019,False,False,False,False,False,False,False,True,False,False,False,True
-0.404,0.000,-0.287,-0.291,-0.269,-1.017,False,True,True,False,False,False,False,True,False,False,False,True
-0.613,0.000,-0.285,5.576,-0.254,-1.102,False,True,False,False,False,False,True,False,False,False,False,True
-0.474,-0.341,-0.287,-0.291,-0.269,-0.334,False,False,True,False,False,False,False,False,True,False,False,True
-0.125,-0.341,-0.287,-0.291,-0.269,-1.051,False,True,False,False,False,False,False,True,False,False,False,False
-1.101,-0.341,-0.287,-0.291,-0.269,-0.334,True,False,True,False,False,False,False,False,True,False,False,True
0.224,-0.341,0.813,-0.291,-0.210,-0.832,False,False,False,False,False,False,False,False,False,True,False,True
1.688,-0.341,-0.198,2.441,0.398,-1.086,True,False,False,False,True,False,False,False,False,False,False,True
0.363,-0.341,-0.287,-0.291,-0.269,-1.086,True,False,True,False,True,False,False,False,False,False,False,True
0.921,-0.341,-0.287,-0.291,-0.269,-1.086,True,False,True,False,True,False,False,False,False,False,False,True
-0.683,-0.341,-0.287,-0.291,-0.269,-0.830,False,False,True,False,False,False,False,False,False,True,False,True
1.758,-0.341,-0.287,-0.291,0.532,-0.836,False,False,False,False,False,False,False,False,False,True,False,False
-1.171,-0.341,-0.287,-0.291,-0.269,-0.828,False,False,False,False,False,False,False,False,False,True,False,True
0.433,0.390,-0.287,1.189,-0.243,-0.749,False,False,False,False,False,False,False,False,True,False,False,True
1.828,0.284,-0.226,-0.286,-0.000,-0.828,False,False,False,False,False,False,False,False,False,True,False,True
-0.195,0.599,-0.287,0.022,0.882,-0.719,False,False,False,False,False,False,False,False,True,False,False,False
1.409,-0.341,-0.287,-0.291,-0.269,-1.094,True,False,True,False,True,False,False,False,False,False,False,False
-0.474,-0.341,0.000,-0.291,-0.269,-1.094,True,False,True,False,False,True,False,False,False,False,False,False
-0.125,-0.341,-0.211,3.288,0.801,-1.094,True,False,False,False,False,True,False,False,False,False,False,False
0.084,-0.341,2.990,-0.291,1.437,-1.094,True,False,False,False,False,True,False,False,False,False,False,False
0.712,-0.341,2.982,-0.287,-0.215,-0.334,True,False,False,False,False,False,False,False,True,False,False,True
-1.031,-0.341,-0.287,-0.291,-0.269,-1.094,True,False,True,False,False,True,False,False,False,False,False,False
0.015,-0.341,-0.287,0.000,-0.269,-1.094,True,False,True,False,False,True,False,False,False,False,False,False
0.363,3.276,0.240,-0.164,1.225,-1.094,True,False,False,False,False,True,False,False,False,False,False,False
-1.450,-0.341,-0.287,-0.291,-0.269,-0.826,False,False,False,False,False,False,False,False,False,True,False,True
-1.519,-0.341,-0.287,-0.291,-0.269,-0.826,False,False,False,False,False,False,False,False,False,True,False,True
-1.798,-0.341,-0.287,-0.291,-0.269,-0.826,False,False,True,False,False,False,False,False,False,True,False,True
-2.008,-0.341,-0.287,-0.291,-0.269,-0.826,False,False,False,False,False,False,False,False,False,True,False,True
-1.310,-0.341,-0.287,-0.291,-0.269,-0.826,False,False,False,False,False,False,False,False,False,True,False,True
-0.892,0.000,-0.287,-0.291,-0.269,-0.824,False,False,True,False,False,False,False,False,False,True,False,True
0.851,-0.297,-0.287,1.542,-0.265,-0.747,False,True,False,False,False,False,False,False,True,False,False,True
-0.752,-0.341,-0.287,-0.291,-0.269,-0.834,False,False,True,False,False,False,False,False,False,True,False,False
-0.264,-0.341,0.000,-0.291,-0.269,-1.092,True,False,True,False,True,False,False,False,False,False,False,False
0.224,-0.341,-0.287,-0.291,-0.269,-1.092,True,False,True,False,True,False,False,False,False,False,False,False
-0.195,-0.341,-0.287,-0.291,-0.269,-1.092,True,False,True,False,True,False,False,False,False,False,False,False
-0.195,-0.142,0.214,-0.291,-0.255,-0.717,False,False,False,False,False,False,False,False,True,False,False,False
-0.752,-0.341,-0.287,-0.291,-0.269,-0.832,False,False,True,False,False,False,False,False,False,True,False,False
-0.125,-0.341,1.586,-0.287,-0.210,-1.084,True,False,False,False,True,False,False,False,False,False,False,True
-0.195,-0.341,-0.287,-0.291,-0.269,-1.084,True,False,True,False,True,False,False,False,False,False,False,True
-0.055,-0.341,6.819,-0.170,0.138,-1.082,True,False,False,False,True,False,False,False,False,False,False,True
-0.683,-0.341,0.522,-0.291,0.337,-1.082,True,False,False,False,True,False,False,False,False,False,False,True
0.154,-0.341,0.871,-0.291,0.343,-1.088,True,False,False,False,False,True,False,False,False,False,False,True
0.433,-0.341,0.546,-0.282,-0.263,-0.713,False,False,False,False,False,False,False,False,True,False,False,False
1.200,-0.341,4.229,-0.291,2.014,-1.090,True,False,False,False,True,False,False,False,False,False,False,False
0.572,0.623,-0.078,-0.291,-0.210,-1.090,True,False,False,False,True,False,False,False,False,False,False,False
0.015,-0.341,-0.287,-0.291,-0.269,-1.090,True,False,True,False,True,False,False,False,False,False,False,False
-0.822,-0.341,-0.287,-0.291,-0.269,-1.090,True,False,True,False,True,False,False,False,False,False,False,False
0.084,-0.341,1.948,1.259,1.425,-1.092,True,False,False,False,False,True,False,False,False,False,False,False
-0.055,-0.341,-0.287,0.000,-0.269,-0.711,False,True,True,False,False,False,False,False,True,False,False,False
-0.892,-0.341,-0.251,-0.271,0.307,-1.041,False,False,False,False,False,False,False,True,False,False,False,False
0.782,3.232,-0.287,-0.276,-0.269,-0.741,False,True,False,False,False,False,False,False,True,False,False,True
-0.404,-0.341,-0.287,0.176,0.183,-1.013,False,False,False,False,False,False,False,True,False,False,False,True
-0.334,-0.195,0.084,-0.271,-0.269,-0.818,False,False,False,False,False,False,False,False,False,True,False,True
0.503,-0.341,-0.287,0.000,-0.269,-0.830,False,False,True,False,False,False,False,False,False,True,False,False
0.363,-0.341,-0.287,-0.291,-0.269,-0.737,False,True,True,False,False,False,False,False,True,False,False,True
2.107,-0.341,-0.287,-0.291,-0.269,-1.090,True,False,True,False,False,True,False,False,False,False,False,False
-0.613,-0.341,-0.287,0.714,-0.269,-0.735,False,False,False,False,False,False,False,False,True,False,False,True
-0.962,-0.341,-0.287,-0.291,-0.269,-1.081,True,False,True,False,True,False,False,False,False,False,False,True
-0.683,-0.341,0.000,1.311,-0.269,-0.733,False,False,False,False,False,False,False,False,True,False,False,True
2.455,-0.341,-0.287,-0.291,-0.269,-0.709,False,True,True,False,False,False,False,False,True,False,False,False
-0.334,4.202,-0.287,-0.286,-0.263,-1.039,False,True,False,False,False,False,False,True,False,False,False,False
-0.404,-0.250,0.563,-0.291,-0.269,-0.709,False,True,False,False,False,False,False,False,True,False,False,False
0.084,0.000,-0.287,-0.291,-0.269,-1.037,False,True,False,False,False,False,False,True,False,False,False,False
-2.008,-0.341,-0.287,-0.291,-0.269,-0.816,False,False,False,False,False,False,False,False,False,True,False,True
-1.450,-0.341,-0.287,-0.291,-0.269,-0.816,False,False,False,False,False,False,False,False,False,True,False,True
-1.938,-0.341,-0.287,-0.291,-0.269,-0.816,False,False,True,False,False,False,False,False,False,True,False,True
1.340,-0.341,-0.267,0.804,-0.169,-0.729,False,False,False,False,False,False,False,False,True,False,False,True
-1.171,-0.341,-0.287,-0.291,-0.269,-0.816,False,False,False,False,False,False,False,False,False,True,False,True
0.084,-0.341,0.073,0.010,-0.230,-0.727,False,False,False,False,False,False,False,False,True,False,False,True
-1.310,-0.341,-0.287,-0.291,-0.269,-0.814,False,False,False,False,False,False,False,False,False,True,False,True
-1.241,-0.341,-0.287,-0.291,-0.269,-0.814,False,False,False,False,False,False,False,False,False,True,False,True
2.037,-0.031,2.364,-0.291,-0.215,-1.086,True,False,False,False,False,True,False,False,False,False,False,False
1.618,-0.341,-0.135,0.486,-0.262,-1.035,False,False,False,False,False,False,False,True,False,False,False,False
0.503,-0.341,-0.287,-0.291,1.128,-0.725,False,False,False,False,False,False,False,False,True,False,False,True
0.224,0.569,0.133,-0.291,-0.269,-0.707,False,False,False,False,False,False,False,False,True,False,False,False
-0.892,-0.341,-0.287,-0.291,-0.269,-1.079,True,False,True,False,True,False,False,False,False,False,False,True
-0.264,-0.341,-0.287,-0.291,-0.269,-1.079,True,False,True,False,True,False,False,False,False,False,False,True
-0.055,-0.338,0.063,-0.291,-0.269,-0.705,False,False,False,False,False,False,False,False,True,False,False,False
0.224,-0.341,-0.211,5.903,0.956,-1.088,True,False,False,True,True,False,False,False,False,False,False,False
-0.055,-0.277,0.413,-0.291,-0.269,-0.334,False,True,False,False,False,False,False,False,True,False,False,True
-0.892,-0.341,-0.287,0.968,-0.062,-1.033,False,False,False,False,False,False,False,True,False,False,False,False
1.479,-0.341,3.145,-0.291,5.362,-1.077,True,False,False,True,True,False,False,False,False,False,False,True
-0.613,-0.233,-0.282,0.568,-0.269,-0.702,False,False,False,False,False,False,False,False,True,False,False,False
-0.404,0.000,-0.287,-0.281,-0.093,-0.826,False,False,False,False,False,False,False,False,False,True,False,False
1.130,-0.341,-0.287,-0.291,-0.269,-0.824,False,False,True,False,False,False,False,False,False,True,False,False
-0.404,0.255,0.033,-0.291,-0.265,-0.824,False,False,False,False,False,False,False,False,False,True,False,False
1.688,-0.341,-0.287,-0.291,-0.269,-0.810,False,False,True,False,False,False,False,False,False,True,False,True
-1.450,-0.341,-0.287,-0.291,-0.269,-0.810,False,False,True,False,False,False,False,False,False,True,False,True
-1.589,-0.341,-0.287,-0.291,-0.269,-0.810,False,False,True,False,False,False,False,False,False,True,False,True
-1.798,-0.341,-0.287,-0.291,-0.269,-0.810,False,False,True,False,False,False,False,False,False,True,False,True
-1.101,-0.339,-0.154,1.120,-0.260,-0.719,False,False,False,False,False,False,False,False,True,False,False,True
2.176,-0.341,-0.287,-0.291,-0.269,-0.810,False,False,True,False,False,False,False,False,False,True,False,True
-1.938,-0.341,-0.287,-0.291,-0.269,-0.810,False,False,False,False,False,False,False,False,False,True,False,True
0.782,-0.341,-0.287,0.036,-0.269,-0.822,False,False,False,False,False,False,False,False,False,True,False,False
1.549,-0.341,0.000,1.048,-0.265,-0.700,False,False,False,False,False,False,False,False,True,False,False,False
0.154,-0.341,-0.287,-0.291,-0.269,-0.820,False,False,True,False,False,False,False,False,False,True,False,False
-0.055,-0.341,-0.287,-0.291,-0.269,-0.808,False,False,True,False,False,False,False,False,False,True,False,True
-0.613,-0.242,0.280,-0.291,-0.269,-0.818,False,False,False,False,False,False,False,False,False,True,False,False
-1.031,-0.341,-0.287,-0.291,-0.263,-0.698,False,False,False,False,False,False,False,False,True,False,False,False
-0.404,-0.341,0.084,-0.291,0.446,-1.027,True,False,False,False,False,False,False,True,False,False,False,False
-1.729,-0.341,-0.287,-0.291,-0.269,-0.806,False,False,False,False,False,False,False,False,False,True,False,True
-0.613,-0.341,-0.287,-0.291,-0.268,-1.006,False,False,False,False,False,False,False,True,False,False,False,True
3.222,-0.341,0.022,-0.291,-0.153,-0.816,False,False,False,False,False,False,False,False,False,True,False,False
-0.334,-0.341,-0.287,-0.291,-0.269,-1.082,True,False,True,False,False,True,False,False,False,False,False,True
-0.752,-0.338,0.535,-0.190,-0.268,-0.696,False,False,False,False,False,False,False,False,True,False,False,False
-0.543,-0.341,-0.287,-0.291,-0.269,-0.334,False,True,True,False,False,False,False,False,True,False,False,True
2.107,-0.125,-0.287,1.227,-0.269,-1.002,False,True,False,False,False,False,False,True,False,False,False,True
-0.125,-0.341,-0.287,1.154,-0.267,-0.694,False,False,False,False,False,False,False,False,True,False,False,False
0.642,0.196,-0.266,-0.291,-0.067,-0.804,False,False,False,False,False,False,False,False,False,True,False,True
0.851,-0.341,-0.287,-0.291,-0.269,-1.025,False,True,True,False,False,False,False,True,False,False,False,False
0.503,-0.341,-0.287,-0.291,-0.269,-1.081,True,False,True,False,False,True,False,False,False,False,False,True
0.015,-0.341,-0.261,-0.291,0.314,-1.081,True,False,False,False,False,True,False,False,False,False,False,True
-0.474,-0.341,-0.287,-0.291,-0.269,-0.814,False,False,True,False,False,False,False,False,False,True,False,False
-0.404,-0.341,-0.287,1.802,-0.269,-0.711,False,False,False,False,False,False,False,False,True,False,False,True
0.224,-0.300,-0.041,1.485,-0.269,-0.709,False,False,False,False,False,False,False,False,True,False,False,True
-0.543,0.590,-0.260,-0.291,-0.269,-0.692,False,False,False,False,False,False,False,False,True,False,False,False
-0.195,-0.341,0.356,5.235,0.045,-1.079,True,False,False,False,False,True,False,False,False,False,False,True
2.246,-0.341,-0.287,-0.291,-0.269,-1.073,True,False,True,False,True,False,False,False,False,False,False,True
0.084,0.546,-0.279,-0.087,-0.176,-1.023,False,False,False,False,False,False,False,True,False,False,False,False
0.782,1.007,-0.171,-0.291,-0.244,-0.707,False,False,False,False,False,False,False,False,True,False,False,True
0.572,-0.341,2.646,-0.291,-0.072,-1.082,True,False,False,False,False,True,False,False,False,False,False,False
0.851,-0.341,2.362,-0.291,0.861,-1.159,True,False,False,False,False,False,False,False,False,False,False,False
0.224,12.041,-0.244,-0.272,-0.269,-1.159,True,False,False,False,False,False,False,False,False,False,False,False
0.084,-0.341,-0.167,-0.291,-0.269,-0.812,False,False,False,False,False,False,False,False,False,True,False,False
-0.125,-0.341,0.000,-0.291,-0.269,-0.705,False,False,False,False,False,False,False,False,True,False,False,True
-0.474,-0.341,-0.277,-0.291,0.231,-0.703,False,False,False,False,False,False,False,False,True,False,False,True
1.758,0.727,-0.287,0.431,-0.228,-1.090,False,True,False,False,False,False,True,False,False,False,False,True
-0.125,-0.335,-0.287,1.209,-0.269,-0.702,False,True,False,False,False,False,False,False,True,False,False,True
1.618,-0.341,-0.287,-0.291,-0.269,-0.700,False,True,True,False,False,False,False,False,True,False,False,True
-0.962,-0.341,-0.287,-0.291,-0.269,-0.700,False,True,True,False,False,False,False,False,True,False,False,True
-0.125,1.595,-0.287,-0.289,-0.261,-0.996,False,True,False,False,False,False,False,True,False,False,False,True
0.084,-0.341,1.988,0.193,4.132,-1.157,True,False,False,False,False,False,False,False,False,False,False,False
-0.683,-0.341,-0.287,0.745,-0.144,-0.698,False,False,False,False,False,False,False,False,True,False,False,True
-0.474,-0.341,-0.287,-0.291,-0.269,-0.810,False,False,True,False,False,False,False,False,False,True,False,False
0.991,1.729,1.661,-0.291,1.772,-1.081,True,False,False,False,False,True,False,False,False,False,False,False
-0.264,1.303,-0.287,-0.180,-0.265,-0.696,False,True,False,False,False,False,False,False,True,False,False,True
1.549,-0.341,-0.287,-0.291,0.565,-1.021,False,False,False,False,False,False,False,True,False,False,False,False
0.363,-0.341,-0.287,-0.291,-0.269,-0.800,False,False,True,False,False,False,False,False,False,True,False,True
-0.543,2.791,-0.287,-0.266,-0.268,-1.019,False,True,False,False,False,False,False,True,False,False,False,False
-0.543,-0.341,-0.287,-0.291,-0.269,-0.804,False,False,True,False,False,False,False,False,False,True,False,False
-0.404,-0.341,-0.287,-0.291,-0.269,-0.692,False,False,False,False,False,False,False,False,True,False,False,True
0.642,-0.341,-0.287,0.698,-0.116,-0.676,False,False,False,False,False,False,False,False,True,False,False,False
0.084,-0.341,-0.287,-0.291,-0.269,-0.802,False,False,True,False,False,False,False,False,False,True,False,False
0.154,-0.341,-0.287,-0.291,-0.269,-1.079,True,False,True,False,False,True,False,False,False,False,False,False
1.061,-0.341,-0.176,0.516,-0.269,-0.670,False,False,False,False,False,False,False,False,True,False,False,False
-1.031,-0.341,-0.287,-0.291,-0.269,-0.796,False,False,True,False,False,False,False,False,False,True,False,True
-0.752,-0.341,-0.287,-0.291,-0.269,-0.800,False,False,True,False,False,False,False,False,False,True,False,False
-0.683,-0.331,0.000,-0.289,-0.269,-0.794,False,False,False,False,False,False,False,False,False,True,False,True
-0.125,-0.341,0.000,-0.291,-0.269,-0.690,False,True,True,False,False,False,False,False,True,False,False,True
0.503,0.093,-0.027,-0.264,-0.269,-0.668,False,False,False,False,False,False,False,False,True,False,False,False
-1.310,-0.341,-0.287,-0.291,-0.269,-0.688,False,True,True,False,False,False,False,False,True,False,False,True
-1.938,-0.341,-0.287,-0.291,-0.269,-0.666,False,True,True,False,False,False,False,False,True,False,False,False
-1.729,-0.341,-0.287,-0.291,-0.269,-0.666,False,True,True,False,False,False,False,False,True,False,False,False
-0.543,0.771,-0.287,1.524,-0.231,-0.666,False,True,False,False,False,False,False,False,True,False,False,False
-0.334,0.601,-0.287,-0.291,-0.269,-0.798,False,False,False,False,False,False,False,False,False,True,False,False
-1.450,-0.341,-0.287,-0.291,-0.000,-0.792,False,False,False,False,False,False,False,False,False,True,False,True
-0.752,0.855,-0.287,-0.287,-0.252,-0.792,False,False,False,False,False,False,False,False,False,True,False,True
0.294,2.324,-0.250,-0.284,-0.269,-0.664,False,True,False,False,False,False,False,False,True,False,False,False
0.154,-0.341,17.101,-0.286,2.507,-1.069,True,False,False,True,True,False,False,False,False,False,False,True
0.991,-0.181,-0.056,0.158,-0.258,-1.069,True,False,False,False,True,False,False,False,False,False,False,True
-0.613,-0.018,-0.287,0.000,0.246,-0.662,False,False,False,False,False,False,False,False,True,False,False,False
-0.055,-0.341,-0.287,-0.291,-0.269,-1.150,True,False,True,False,False,False,False,False,False,False,False,True
0.084,-0.341,-0.287,-0.291,-0.269,-1.150,True,False,True,False,False,False,False,False,False,False,False,True
-0.055,0.000,-0.287,0.000,-0.269,-1.150,True,False,False,True,False,False,False,False,False,False,False,True
-0.683,-0.238,-0.287,-0.291,-0.269,-0.334,False,False,False,False,False,False,False,False,True,False,False,True
-0.474,-0.341,-0.287,0.839,-0.269,-0.684,False,False,False,False,False,False,False,False,True,False,False,True
-0.125,-0.339,-0.100,-0.289,-0.258,-0.682,False,False,False,False,False,False,False,False,True,False,False,True
-0.474,-0.010,-0.256,7.773,-0.043,-1.088,False,True,False,False,False,False,True,False,False,False,False,True
-1.868,-0.341,-0.287,-0.291,-0.269,-1.015,False,False,True,False,False,False,False,True,False,False,False,False
-1.729,-0.341,-0.287,-0.291,-0.269,-1.015,False,False,False,False,False,False,False,True,False,False,False,False
-1.310,-0.341,-0.287,0.000,-0.269,-1.015,False,False,False,False,False,False,False,True,False,False,False,False
-1.380,-0.341,-0.287,-0.291,-0.269,-1.015,False,False,False,False,False,False,False,True,False,False,False,False
0.572,-0.341,-0.287,-0.291,-0.269,-1.015,False,False,True,False,False,False,False,True,False,False,False,False
-1.868,-0.341,-0.287,-0.291,-0.269,-1.015,False,False,False,False,False,False,False,True,False,False,False,False
1.061,-0.341,2.136,-0.289,0.185,-1.067,True,False,False,False,True,False,False,False,False,False,False,True
-1.241,-0.341,-0.287,-0.291,-0.269,-1.067,True,False,False,False,True,False,False,False,False,False,False,True
-0.474,-0.341,-0.287,-0.291,-0.269,-0.796,False,False,True,False,False,False,False,False,False,True,False,False
0.782,-0.341,-0.287,-0.291,-0.269,-0.334,True,False,True,False,False,False,False,False,True,False,False,True
0.084,0.081,1.783,-0.291,1.954,-0.992,True,False,False,False,False,False,False,True,False,False,False,True
0.572,-0.341,-0.012,-0.291,-0.264,-0.992,True,False,False,False,False,False,False,True,False,False,False,True
-0.195,-0.341,-0.287,-0.291,-0.269,-0.992,True,False,True,False,False,False,False,True,False,False,False,True
-0.683,-0.341,-0.285,-0.108,0.323,-0.656,False,False,False,False,False,False,False,False,True,False,False,False
1.967,-0.341,0.332,-0.289,-0.222,-1.075,True,False,False,False,False,True,False,False,False,False,False,True
-1.938,-0.341,-0.287,-0.291,-0.269,-0.654,False,True,False,False,False,False,False,False,True,False,False,False
-0.822,1.096,-0.258,0.198,-0.269,-0.654,False,True,False,False,False,False,False,False,True,False,False,False
-0.195,2.609,-0.285,-0.284,0.281,-1.092,False,True,False,False,False,False,True,False,False,False,False,False
-0.543,-0.341,-0.287,-0.291,-0.269,-0.794,False,False,True,False,False,False,False,False,False,True,False,False
-0.055,-0.341,-0.287,-0.291,-0.269,-0.990,True,False,True,False,False,False,False,True,False,False,False,True
0.503,-0.341,0.244,0.000,-0.190,-0.990,True,False,False,False,False,False,False,True,False,False,False,True
-0.264,3.461,-0.287,-0.252,-0.210,-0.652,False,True,False,False,False,False,False,False,True,False,False,False
0.782,-0.341,-0.287,-0.291,-0.269,-0.790,False,False,True,False,False,False,False,False,False,True,False,False
-0.404,-0.341,-0.287,-0.291,-0.269,-0.650,False,False,True,False,False,False,False,False,True,False,False,False
-1.868,-0.341,-0.287,-0.291,-0.269,-0.784,False,False,True,False,False,False,False,False,False,True,False,True
-1.310,-0.341,-0.287,-0.291,-0.269,-0.784,False,False,False,False,False,False,False,False,False,True,False,True
0.991,-0.341,-0.287,-0.291,-0.269,-0.784,False,False,True,False,False,False,False,False,False,True,False,True
-2.008,-0.341,-0.287,-0.291,-0.269,-0.986,False,False,True,False,False,False,False,True,False,False,False,True
-0.334,-0.234,-0.187,0.278,0.027,-0.986,False,False,False,False,False,False,False,True,False,False,False,True
0.921,-0.341,-0.287,-0.291,-0.269,-0.986,False,False,True,False,False,False,False,True,False,False,False,True
0.084,1.857,-0.287,0.000,0.743,-0.670,False,True,False,False,False,False,False,False,True,False,False,True
-0.683,1.944,-0.287,0.144,-0.269,-0.670,False,True,False,False,False,False,False,False,True,False,False,True
-0.195,-0.341,-0.287,-0.291,-0.269,-0.786,False,False,True,False,False,False,False,False,False,True,False,False
1.270,0.273,-0.287,0.032,-0.269,-1.086,False,True,False,False,False,False,True,False,False,False,False,True
-0.055,-0.159,-0.282,1.597,-0.263,-1.086,False,True,False,False,False,False,True,False,False,False,False,True
-0.334,-0.341,-0.287,-0.291,-0.269,-0.782,False,False,True,False,False,False,False,False,False,True,False,True
0.015,-0.298,-0.287,0.648,-0.269,-0.984,False,False,False,False,False,False,False,True,False,False,False,True
0.224,-0.341,0.018,-0.291,-0.246,-0.646,False,False,False,False,False,False,False,False,True,False,False,False
1.061,-0.341,-0.287,-0.291,-0.269,-0.784,False,False,True,False,False,False,False,False,False,True,False,False
-0.822,-0.341,-0.287,-0.291,-0.269,-0.780,False,False,True,False,False,False,False,False,False,True,False,True
0.433,0.834,-0.279,-0.291,-0.265,-0.668,False,False,False,False,False,False,False,False,True,False,False,True
-0.404,-0.341,-0.287,-0.291,-0.269,-0.777,False,False,True,False,False,False,False,False,False,True,False,True
0.363,-0.341,-0.213,-0.282,0.403,-0.782,False,False,False,False,False,False,False,False,False,True,False,False
-0.264,1.439,-0.287,-0.261,-0.269,-0.664,False,False,False,False,False,False,False,False,True,False,False,True
2.664,-0.341,0.190,-0.291,-0.269,-0.642,False,False,False,False,False,False,False,False,True,False,False,False
-0.474,-0.341,0.673,-0.291,2.351,-1.065,True,False,False,False,True,False,False,False,False,False,False,True
-0.125,-0.341,-0.287,-0.291,-0.269,-1.065,True,False,True,False,True,False,False,False,False,False,False,True
-0.125,-0.341,-0.287,-0.291,-0.269,-0.771,False,False,True,False,False,False,False,False,False,True,False,True
-1.031,1.916,-0.286,-0.080,-0.205,-0.662,False,False,False,False,False,False,False,False,True,False,False,True
0.921,0.404,-0.221,-0.277,-0.269,-0.771,False,False,False,False,False,False,False,False,False,True,False,True
-0.683,-0.341,-0.287,-0.291,-0.269,-0.771,False,False,True,False,False,False,False,False,False,True,False,True
-0.474,-0.341,-0.287,-0.291,-0.269,-0.779,False,False,False,False,False,False,False,False,False,True,False,False
0.154,-0.275,0.203,-0.289,-0.269,-0.640,False,True,False,False,False,False,False,False,True,False,False,False
-1.310,-0.341,-0.287,-0.291,-0.269,-0.660,False,True,False,False,False,False,False,False,True,False,False,True
0.712,1.986,-0.287,0.278,0.369,-0.660,False,True,False,False,False,False,False,False,True,False,False,True
0.851,-0.341,-0.287,-0.291,-0.000,-0.660,False,True,True,False,False,False,False,False,True,False,False,True
-2.008,-0.341,-0.287,-0.291,-0.269,-0.660,False,True,False,False,False,False,False,False,True,False,False,True
-0.474,-0.341,-0.287,-0.291,-0.269,-0.777,False,False,True,False,False,False,False,False,False,True,False,False
-0.543,-0.341,-0.263,-0.291,0.207,-0.769,False,False,False,False,False,False,False,False,False,True,False,True
0.782,-0.341,-0.287,-0.291,-0.269,-1.082,False,True,True,False,False,False,True,False,False,False,False,True
-0.264,-0.341,0.338,-0.291,-0.269,-0.980,False,False,False,False,False,False,False,True,False,False,False,True
-0.404,-0.341,0.508,-0.291,-0.267,-0.654,False,False,False,False,False,False,False,False,True,False,False,True
0.294,-0.224,1.206,-0.291,-0.137,-1.063,True,False,False,False,True,False,False,False,False,False,False,True
-0.613,-0.341,-0.287,-0.291,-0.269,-1.063,True,False,True,False,True,False,False,False,False,False,False,True
0.782,-0.341,0.000,-0.291,-0.269,-0.771,False,False,True,False,False,False,False,False,False,True,False,False
-0.125,-0.341,-0.287,-0.291,-0.269,-0.767,False,False,True,False,False,False,False,False,False,True,False,False
-0.543,1.122,-0.287,-0.252,-0.269,-0.976,False,False,False,False,False,False,False,True,False,False,False,True
-0.264,0.555,0.005,-0.291,-0.269,-1.090,False,True,False,False,False,False,True,False,False,False,False,False
-1.868,-0.341,-0.287,-0.291,-0.269,-0.767,False,False,False,False,False,False,False,False,False,True,False,True
-0.683,-0.341,-0.285,1.293,-0.269,-0.650,False,False,False,False,False,False,False,False,True,False,False,True
0.851,-0.341,-0.287,-0.291,-0.269,-0.761,False,False,True,False,False,False,False,False,False,True,False,False
0.991,-0.341,1.470,0.608,-0.142,-1.075,True,False,False,False,False,True,False,False,False,False,False,False
-0.683,0.031,-0.262,0.630,-0.269,-0.759,False,False,False,False,False,False,False,False,False,True,False,False
-0.474,1.063,-0.287,-0.291,-0.200,-0.634,False,False,False,False,False,False,False,False,True,False,False,False
-0.892,-0.341,-0.268,-0.291,-0.265,-0.648,False,False,False,False,False,False,False,False,True,False,False,True
0.921,-0.341,-0.274,-0.291,2.911,-1.073,True,False,False,False,False,True,False,False,False,False,False,True
-0.613,-0.341,-0.287,-0.291,-0.269,-0.765,False,False,True,False,False,False,False,False,False,True,False,True
0.433,-0.341,0.418,0.427,-0.220,-0.972,False,False,False,False,False,False,False,True,False,False,False,True
1.688,-0.341,-0.287,-0.291,-0.269,-1.081,True,False,True,False,False,False,True,False,False,False,False,True
-0.822,-0.309,-0.287,0.864,-0.265,-0.970,False,False,False,False,False,False,False,True,False,False,False,True
-1.589,-0.341,-0.287,-0.291,-0.269,-0.763,False,False,True,False,False,False,False,False,False,True,False,True
-0.474,-0.341,-0.010,-0.291,0.056,-0.646,False,False,False,False,False,False,False,False,True,False,False,True
0.851,0.172,-0.287,0.340,-0.193,-0.646,False,False,False,False,False,False,False,False,True,False,False,True
-0.683,-0.054,0.033,-0.291,-0.269,-0.970,False,False,False,False,False,False,False,True,False,False,False,True
0.712,0.728,-0.285,-0.291,-0.269,-0.757,False,False,False,False,False,False,False,False,False,True,False,False
-0.404,-0.341,-0.287,-0.291,-0.269,-0.755,False,False,True,False,False,False,False,False,False,True,False,False
0.154,1.309,-0.287,0.178,-0.269,-1.009,False,True,False,False,False,False,False,True,False,False,False,False
0.642,-0.341,-0.287,-0.291,-0.269,-0.759,False,False,True,False,False,False,False,False,False,True,False,True
-1.938,-0.341,-0.287,0.000,-0.269,-0.753,False,False,True,False,False,False,False,False,False,True,False,False
-1.101,-0.341,-0.287,-0.291,-0.269,-0.632,False,True,True,False,False,False,False,False,True,False,False,False
-0.543,1.284,-0.238,-0.214,-0.269,-0.632,False,True,False,False,False,False,False,False,True,False,False,False
1.061,0.395,-0.286,0.061,0.041,-0.632,False,True,False,False,False,False,False,False,True,False,False,False
0.503,-0.277,-0.287,0.064,1.366,-0.644,False,True,False,False,False,False,False,False,True,False,False,True
-0.683,2.779,-0.287,0.084,-0.252,-0.644,False,True,False,False,False,False,False,False,True,False,False,True
-1.519,-0.341,-0.287,-0.291,-0.269,-0.755,False,False,False,False,False,False,False,False,False,True,False,True
0.712,0.245,-0.168,-0.291,-0.269,-0.642,False,False,False,False,False,False,False,False,True,False,False,True
-0.055,-0.341,0.031,0.268,-0.228,-0.751,False,False,False,False,False,False,False,False,False,True,False,False
-0.055,-0.341,-0.287,0.595,-0.216,-0.640,False,False,False,False,False,False,False,False,True,False,False,True
-1.031,-0.341,-0.287,-0.291,-0.269,-0.749,False,False,True,False,False,False,False,False,False,True,False,False
-0.752,-0.341,-0.287,0.712,-0.135,-0.747,False,False,False,False,False,False,False,False,False,True,False,False
-0.404,-0.341,-0.287,-0.291,-0.269,-0.753,False,False,True,False,False,False,False,False,False,True,False,True
0.294,-0.341,-0.287,0.000,-0.269,-0.753,False,False,True,False,False,False,False,False,False,True,False,True
-0.752,2.170,-0.287,-0.291,-0.269,-1.007,False,False,False,False,False,False,False,True,False,False,False,False
1.270,-0.339,0.173,-0.244,2.794,-1.059,True,False,False,False,True,False,False,False,False,False,False,True
0.921,-0.341,-0.255,-0.291,-0.258,-0.334,True,False,False,False,False,False,False,False,True,False,False,True
-0.822,-0.286,-0.287,1.405,-0.269,-0.968,False,True,False,False,False,False,False,True,False,False,False,True
-0.543,0.777,-0.285,-0.246,-0.269,-0.628,False,False,False,False,False,False,False,False,True,False,False,False
-0.822,-0.328,-0.148,-0.286,-0.269,-0.628,False,False,False,False,False,False,False,False,True,False,False,False
-0.195,-0.335,0.196,-0.291,-0.269,-0.751,False,False,False,False,False,False,False,False,False,True,False,True
-0.404,-0.341,0.068,1.209,-0.161,-0.627,False,False,False,False,False,False,False,False,True,False,False,False
-0.962,-0.341,-0.287,0.000,0.465,-0.749,False,False,False,False,False,False,False,False,False,True,False,True
-0.752,-0.341,-0.287,-0.291,-0.269,-0.747,False,False,True,False,False,False,False,False,False,True,False,True
2.525,0.052,-0.287,-0.291,1.422,-0.625,False,False,False,False,False,False,False,False,True,False,False,False
0.294,-0.321,0.000,3.076,-0.241,-1.088,True,False,False,False,False,False,True,False,False,False,False,False
-0.125,-0.341,-0.287,-0.291,-0.269,-0.745,False,False,True,False,False,False,False,False,False,True,False,False
0.851,-0.341,-0.172,-0.291,2.694,-1.071,True,False,False,False,False,True,False,False,False,False,False,True
0.921,1.753,-0.287,1.790,-0.269,-0.638,False,True,False,False,False,False,False,False,True,False,False,True
-0.125,-0.341,-0.287,-0.291,-0.269,-0.964,False,True,True,False,False,False,False,True,False,False,False,True
0.572,0.157,3.572,0.000,0.455,-0.636,False,True,False,False,False,False,False,False,True,False,False,True
-0.822,1.010,-0.287,0.116,-0.265,-0.636,False,True,False,False,False,False,False,False,True,False,False,True
-0.334,-0.341,-0.287,-0.291,-0.269,-1.057,True,False,True,False,True,False,False,False,False,False,False,True
0.712,-0.341,-0.287,-0.291,-0.269,-1.057,True,False,True,False,True,False,False,False,False,False,False,True
2.107,-0.341,-0.287,-0.291,-0.269,-1.057,True,False,True,False,True,False,False,False,False,False,False,True
0.224,-0.341,-0.287,-0.291,-0.269,-1.084,True,False,True,False,True,False,False,False,False,False,False,False
0.015,4.189,1.059,-0.291,1.301,-1.084,True,False,False,False,True,False,False,False,False,False,False,False
-1.450,-0.341,-0.287,-0.291,-0.269,-1.084,True,False,False,False,True,False,False,False,False,False,False,False
-0.055,-0.341,2.460,-0.291,-0.269,-1.084,True,False,False,False,True,False,False,False,False,False,False,False
0.433,-0.341,-0.287,-0.291,-0.269,-1.084,True,False,True,False,True,False,False,False,False,False,False,False
-0.334,0.737,-0.287,-0.291,-0.219,-0.621,False,False,False,False,False,False,False,False,True,False,False,False
-1.938,-0.341,-0.287,-0.291,-0.269,-0.743,False,False,True,False,False,False,False,False,False,True,False,False
-1.729,-0.341,-0.287,-0.291,-0.269,-0.743,False,False,True,False,False,False,False,False,False,True,False,False
-0.055,-0.341,-0.287,-0.291,-0.269,-1.086,True,False,True,False,False,False,True,False,False,False,False,False
1.200,-0.341,-0.287,0.000,-0.269,-0.634,False,True,True,False,False,False,False,False,True,False,False,True
2.664,0.331,-0.287,2.590,-0.267,-0.634,False,True,False,False,False,False,False,False,True,False,False,True
1.061,-0.341,-0.162,-0.077,-0.269,-0.962,False,False,False,False,False,False,False,True,False,False,False,True
-1.031,0.205,-0.287,3.251,-0.262,-0.619,False,False,False,False,False,False,False,False,True,False,False,False
-0.404,-0.341,-0.287,-0.284,0.583,-0.741,False,False,False,False,False,False,False,False,False,True,False,False
1.549,-0.341,-0.287,-0.291,-0.269,-0.745,False,False,True,False,False,False,False,False,False,True,False,True
-0.613,-0.341,-0.125,0.263,-0.000,-0.739,False,False,False,False,False,False,False,False,False,True,False,False
-2.008,-0.341,-0.287,-0.291,-0.269,-0.334,False,False,False,False,False,False,False,False,True,False,False,True
-2.008,-0.341,-0.287,-0.291,-0.269,-0.739,False,False,True,False,False,False,False,False,False,True,False,False
-0.404,-0.341,-0.275,-0.247,0.313,-0.737,False,False,False,False,False,False,False,False,False,True,False,False
-0.334,-0.066,-0.147,-0.291,-0.100,-1.002,False,False,False,False,False,False,False,True,False,False,False,False
0.851,-0.171,-0.171,0.091,-0.269,-0.627,False,True,False,False,False,False,False,False,True,False,False,True
0.084,0.881,-0.225,-0.276,-0.228,-1.075,False,True,False,False,False,False,True,False,False,False,False,True
-0.125,-0.341,0.858,-0.226,0.304,-0.625,False,False,False,False,False,False,False,False,True,False,False,True
-1.101,-0.341,-0.287,-0.291,-0.269,-0.743,False,False,True,False,False,False,False,False,False,True,False,True
-0.892,-0.341,-0.287,-0.291,-0.269,-0.733,False,False,True,False,False,False,False,False,False,True,False,False
0.084,-0.265,0.495,-0.291,0.536,-1.069,True,False,False,False,False,True,False,False,False,False,False,True
-1.450,-0.341,-0.287,-0.291,-0.269,-0.741,False,False,False,False,False,False,False,False,False,True,False,True
2.107,-0.341,-0.287,-0.291,0.397,-0.729,False,False,False,False,False,False,False,False,False,True,False,False
0.991,-0.341,-0.287,-0.291,-0.269,-1.073,True,False,True,False,False,False,True,False,False,False,False,True
0.084,-0.341,-0.201,-0.291,-0.170,-1.073,True,False,False,False,False,False,True,False,False,False,False,True
1.200,-0.034,0.016,-0.291,1.924,-1.067,True,False,False,False,False,True,False,False,False,False,False,True
0.712,-0.341,-0.287,-0.291,-0.269,-1.067,True,False,True,False,False,True,False,False,False,False,False,True
-0.543,-0.333,-0.130,-0.274,2.717,-1.073,True,False,False,False,False,True,False,False,False,False,False,False
2.874,-0.341,-0.287,-0.291,-0.269,-0.334,True,False,True,False,False,False,False,False,True,False,False,True
0.363,-0.341,0.745,-0.291,1.021,-1.073,True,False,False,False,False,True,False,False,False,False,False,False
0.294,-0.341,0.198,-0.291,-0.264,-1.073,True,False,False,False,False,True,False,False,False,False,False,False
1.061,-0.341,-0.287,-0.291,-0.269,-1.073,True,False,True,False,False,True,False,False,False,False,False,False
-0.892,-0.341,1.493,-0.237,2.735,-0.725,False,False,False,False,False,False,False,False,False,True,False,False
2.386,-0.336,0.215,-0.291,-0.265,-0.725,False,False,False,False,False,False,False,False,False,True,False,False
0.572,-0.341,8.218,-0.266,-0.205,-1.071,True,False,False,False,False,False,True,False,False,False,False,True
0.015,-0.341,-0.287,-0.291,-0.269,-1.055,True,False,True,False,True,False,False,False,False,False,False,True
0.015,-0.341,1.286,-0.291,0.347,-1.055,True,False,False,False,True,False,False,False,False,False,False,True
-0.474,-0.341,-0.287,-0.291,-0.269,-1.055,True,False,True,False,True,False,False,False,False,False,False,True
-0.195,-0.341,0.047,3.256,0.176,-1.055,True,False,False,False,True,False,False,False,False,False,False,True
3.292,-0.341,1.426,0.416,0.022,-1.055,True,False,False,False,True,False,False,False,False,False,False,True
2.246,-0.341,-0.056,-0.286,-0.269,-0.960,False,False,False,False,False,False,False,True,False,False,False,True
1.200,-0.341,-0.287,3.091,-0.269,-0.737,False,False,False,False,False,False,False,False,False,True,False,True
-0.683,0.000,0.280,0.357,-0.269,-0.615,False,False,False,False,False,False,False,False,True,False,False,False
-1.101,-0.341,-0.287,-0.291,-0.269,-0.723,False,False,True,False,False,False,False,False,False,True,False,False
-0.125,-0.341,0.000,-0.291,-0.269,-0.735,False,False,True,False,False,False,False,False,False,True,False,True
0.084,-0.341,-0.287,-0.291,-0.269,-0.721,False,False,True,False,False,False,False,False,False,True,False,False
-0.404,-0.037,-0.028,-0.169,-0.268,-0.621,False,False,False,False,False,False,False,False,True,False,False,True
2.386,0.199,-0.107,-0.291,-0.050,-0.717,False,False,False,False,False,False,False,False,False,True,False,False
-0.543,1.015,-0.287,-0.291,-0.246,-0.958,False,False,False,False,False,False,False,True,False,False,False,True
0.224,-0.341,-0.287,-0.291,-0.269,-0.611,False,True,True,False,False,False,False,False,True,False,False,False
0.294,-0.341,-0.287,-0.291,1.824,-0.607,False,False,False,False,False,False,False,False,True,False,False,False
0.712,0.000,-0.275,0.936,0.350,-0.607,False,False,False,False,False,False,False,False,True,False,False,False
1.409,-0.341,-0.287,-0.291,-0.269,-0.605,False,True,True,False,False,False,False,False,True,False,False,False
-0.125,0.501,-0.287,0.955,-0.269,-0.998,False,True,False,False,False,False,False,True,False,False,False,False
-0.892,-0.201,-0.287,1.189,-0.269,-0.994,False,False,False,False,False,False,False,True,False,False,False,False
0.642,-0.341,-0.287,-0.291,-0.269,-0.603,False,True,True,False,False,False,False,False,True,False,False,False
0.921,-0.341,-0.287,-0.291,-0.000,-0.992,False,True,True,False,False,False,False,True,False,False,False,False
-0.683,-0.230,-0.287,-0.291,-0.267,-0.725,False,False,False,False,False,False,False,False,False,True,False,True
-0.195,-0.341,-0.097,-0.291,-0.000,-1.084,True,False,False,False,False,False,True,False,False,False,False,False
0.224,-0.341,-0.287,-0.291,-0.262,-0.703,False,False,False,False,False,False,False,False,False,True,False,False
1.897,-0.341,-0.255,-0.291,0.354,-0.601,False,False,False,False,False,False,False,False,True,False,False,False
-2.008,-0.341,-0.287,-0.291,-0.269,-0.703,False,False,False,False,False,False,False,False,False,True,False,False
0.642,-0.288,-0.287,-0.291,0.360,-0.615,False,False,False,False,False,False,False,False,True,False,False,True
0.084,-0.341,0.023,0.000,-0.134,-0.595,False,False,False,False,False,False,False,False,True,False,False,False
-0.543,-0.333,-0.287,-0.291,0.667,-0.611,False,False,False,False,False,False,False,False,True,False,False,True
-1.241,-0.341,-0.287,-0.291,-0.269,-0.723,False,False,False,False,False,False,False,False,False,True,False,True
-1.798,-0.341,-0.287,-0.291,-0.269,-0.723,False,False,False,False,False,False,False,False,False,True,False,True
-0.822,-0.341,-0.253,1.238,-0.220,-0.723,False,False,False,False,False,False,False,False,False,True,False,True
0.433,-0.341,-0.287,-0.291,-0.269,-0.723,False,False,False,False,False,False,False,False,False,True,False,True
-0.822,0.143,-0.172,-0.291,0.063,-0.609,False,False,False,False,False,False,False,False,True,False,False,True
-2.008,-0.341,-0.287,-0.291,-0.269,-0.723,False,False,True,False,False,False,False,False,False,True,False,True
1.200,-0.341,-0.287,-0.291,-0.269,-0.723,False,False,True,False,False,False,False,False,False,True,False,True
2.386,-0.341,-0.152,-0.291,-0.269,-0.698,False,False,False,False,False,False,False,False,False,True,False,False
0.433,2.524,-0.287,0.541,-0.269,-1.082,False,True,False,False,False,False,True,False,False,False,False,False
2.246,1.348,-0.287,-0.177,-0.269,-1.082,False,True,False,False,False,False,True,False,False,False,False,False
-0.683,-0.341,-0.272,0.739,-0.269,-0.589,False,False,False,False,False,False,False,False,True,False,False,False
0.991,-0.341,-0.287,1.746,-0.269,-0.607,False,False,False,False,False,False,False,False,True,False,False,True
-1.031,-0.339,-0.287,0.853,-0.269,-0.607,False,False,False,False,False,False,False,False,True,False,False,True
3.432,-0.341,-0.287,-0.291,-0.265,-0.721,False,False,False,False,False,False,False,False,False,True,False,True
-0.543,0.263,0.020,-0.291,-0.269,-0.607,False,False,False,False,False,False,False,False,True,False,False,True
0.224,1.539,-0.287,-0.194,-0.269,-0.990,False,True,False,False,False,False,False,True,False,False,False,False
0.154,1.518,-0.287,-0.289,-0.269,-0.603,False,True,False,False,False,False,False,False,True,False,False,True
0.782,1.184,0.000,-0.291,0.021,-1.053,True,False,False,False,True,False,False,False,False,False,False,True
-1.101,-0.341,-0.287,-0.291,-0.269,-1.053,True,False,True,False,True,False,False,False,False,False,False,True
0.503,-0.341,1.184,-0.291,-0.245,-1.053,True,False,False,False,True,False,False,False,False,False,False,True
0.154,-0.242,1.043,-0.291,-0.268,-1.053,True,False,False,False,True,False,False,False,False,False,False,True
-0.752,0.819,-0.287,-0.269,-0.269,-0.599,False,False,False,False,False,False,False,False,True,False,False,True
0.782,-0.341,-0.287,-0.291,-0.269,-0.713,False,False,True,False,False,False,False,False,False,True,False,True
-0.055,-0.341,-0.287,-0.291,-0.269,-0.595,False,True,True,False,False,False,False,False,True,False,False,True
0.851,-0.341,0.000,-0.291,-0.269,-1.051,True,False,True,False,True,False,False,False,False,False,False,True
0.433,-0.341,-0.287,-0.291,-0.269,-1.051,True,False,True,False,True,False,False,False,False,False,False,True
-1.031,-0.341,-0.287,-0.291,-0.269,-0.711,False,False,True,False,False,False,False,False,False,True,False,True
-0.613,0.476,0.509,-0.227,-0.269,-0.587,False,True,False,False,False,False,False,False,True,False,False,False
-0.404,-0.335,0.000,-0.287,0.191,-0.585,False,False,False,False,False,False,False,False,True,False,False,False
-0.474,-0.341,-0.287,-0.291,-0.269,-1.081,True,False,True,False,False,False,True,False,False,False,False,False
-0.264,-0.341,-0.287,-0.291,-0.269,-1.081,True,False,False,False,False,False,True,False,False,False,False,False
-0.752,5.711,0.135,1.986,-0.269,-1.079,False,True,False,False,False,False,True,False,False,False,False,False
-0.264,-0.341,4.146,-0.291,-0.020,-1.146,True,False,False,True,False,False,False,False,False,False,False,True
0.084,-0.341,-0.287,-0.291,-0.269,-1.146,True,False,False,False,False,False,False,False,False,False,False,True
1.200,-0.341,-0.287,0.601,-0.269,-0.709,False,False,False,False,False,False,False,False,False,True,False,True
-0.125,-0.341,-0.268,-0.291,9.772,-1.049,True,False,False,False,True,False,False,False,False,False,False,True
1.688,1.198,-0.287,-0.291,-0.268,-0.696,False,False,False,False,False,False,False,False,False,True,False,False
-0.543,-0.341,-0.287,-0.291,-0.269,-0.591,False,True,True,False,False,False,False,False,True,False,False,True
0.224,-0.259,2.085,-0.291,-0.265,-1.144,True,False,False,False,False,False,False,False,False,False,False,True
0.224,-0.339,0.007,-0.291,1.597,-1.069,True,False,False,False,False,True,False,False,False,False,False,False
0.294,-0.341,4.190,-0.254,0.219,-1.069,True,False,False,True,False,True,False,False,False,False,False,False
-0.195,-0.341,-0.181,-0.291,-0.269,-1.069,True,False,False,False,False,True,False,False,False,False,False,False
1.270,-0.322,-0.283,-0.291,-0.269,-0.589,False,False,False,False,False,False,False,False,True,False,False,True
-1.101,10.531,-0.287,-0.028,-0.269,-0.587,False,True,False,False,False,False,False,False,True,False,False,True
0.363,-0.341,-0.287,-0.291,-0.269,-1.067,True,False,True,False,False,True,False,False,False,False,False,False
-0.543,-0.327,-0.287,-0.291,0.437,-0.694,False,False,False,False,False,False,False,False,False,True,False,False
-0.613,-0.028,-0.287,0.762,0.193,-0.334,False,True,False,False,False,False,False,False,True,False,False,True
-0.543,-0.094,-0.287,0.816,-0.269,-0.583,False,False,False,False,False,False,False,False,True,False,False,True
1.549,-0.341,-0.287,-0.291,-0.269,-1.079,True,False,True,False,True,False,False,False,False,False,False,False
-0.752,-0.341,-0.287,-0.291,-0.269,-1.079,True,False,True,False,True,False,False,False,False,False,False,False
-0.195,-0.339,-0.143,-0.291,3.287,-1.063,True,False,False,False,False,True,False,False,False,False,False,True
1.688,7.272,1.203,-0.291,-0.062,-0.334,True,False,False,True,False,False,False,False,True,False,False,True
0.084,-0.341,0.576,-0.219,1.019,-0.988,True,False,False,False,False,False,False,True,False,False,False,False
0.572,-0.341,-0.287,-0.291,-0.269,-0.703,False,False,True,False,False,False,False,False,False,True,False,True
1.130,-0.341,0.584,-0.291,-0.269,-1.142,True,False,False,False,False,False,False,False,False,False,False,True
2.316,0.989,-0.278,-0.291,-0.268,-0.690,False,False,False,False,False,False,False,False,False,True,False,False
0.642,-0.341,-0.287,-0.215,0.470,-0.700,False,False,False,False,False,False,False,False,False,True,False,True
-0.334,1.221,-0.287,-0.291,0.721,-0.575,False,False,False,False,False,False,False,False,True,False,False,False
-0.752,0.176,-0.287,0.265,-0.269,-0.573,False,False,False,False,False,False,False,False,True,False,False,False
-0.404,-0.341,-0.287,-0.291,-0.269,-0.579,False,True,True,False,False,False,False,False,True,False,False,True
-0.892,-0.341,0.665,-0.291,0.407,-0.577,False,False,False,False,False,False,False,False,True,False,False,True
0.572,-0.341,-0.287,-0.291,-0.269,-1.073,True,False,True,False,True,False,False,False,False,False,False,False
-0.474,1.203,-0.225,-0.291,-0.269,-0.334,False,False,False,False,False,False,False,False,True,False,False,True
-0.752,-0.341,-0.287,0.000,-0.269,-0.688,False,False,True,False,False,False,False,False,False,True,False,False
-0.264,-0.341,-0.287,-0.291,-0.269,-0.569,False,True,True,False,False,False,False,False,True,False,False,False
-0.195,0.808,-0.277,-0.272,-0.269,-0.686,False,False,False,False,False,False,False,False,False,True,False,False
-0.264,-0.335,-0.287,-0.046,-0.269,-0.567,False,False,False,False,False,False,False,False,True,False,False,False
1.828,1.081,-0.287,-0.154,-0.126,-1.067,False,True,False,False,False,False,True,False,False,False,False,True
-0.055,0.631,-0.287,0.332,-0.255,-0.986,False,True,False,False,False,False,False,True,False,False,False,False
-0.404,-0.341,-0.181,0.000,-0.269,-0.565,False,False,False,False,False,False,False,False,True,False,False,False
-0.474,-0.341,-0.272,-0.291,0.422,-0.984,False,False,False,False,False,False,False,True,False,False,False,False
-0.195,0.164,0.854,-0.291,-0.269,-0.563,False,False,False,False,False,False,False,False,True,False,False,False
-1.101,-0.341,-0.287,-0.277,0.361,-0.692,False,False,False,False,False,False,False,False,False,True,False,True
-0.752,0.308,-0.287,-0.231,0.105,-0.692,False,False,False,False,False,False,False,False,False,True,False,True
0.642,-0.341,-0.287,-0.291,-0.269,-0.561,False,True,True,False,False,False,False,False,True,False,False,False
-0.055,-0.341,-0.287,-0.291,-0.269,-0.334,False,True,True,False,False,False,False,False,True,False,False,True
1.967,0.316,-0.287,-0.291,-0.269,-0.557,False,False,False,False,False,False,False,False,True,False,False,False
-2.008,0.000,-0.287,-0.291,-0.269,-0.682,False,False,True,False,False,False,False,False,False,True,False,False
-0.752,-0.341,-0.287,-0.291,-0.269,-0.680,False,False,True,False,False,False,False,False,False,True,False,False
-0.264,-0.341,-0.287,-0.291,-0.269,-0.982,True,False,True,False,False,False,False,True,False,False,False,False
0.433,-0.341,10.623,-0.291,-0.269,-0.982,True,False,False,False,False,False,False,True,False,False,False,False
0.572,-0.341,0.551,-0.287,-0.263,-1.065,True,False,False,False,False,False,True,False,False,False,False,True
0.294,-0.341,-0.271,-0.289,1.883,-1.065,True,False,False,False,False,False,True,False,False,False,False,True
0.433,0.122,1.984,-0.291,0.032,-1.059,True,False,False,False,False,True,False,False,False,False,False,True
1.270,-0.316,1.047,2.198,-0.096,-1.059,True,False,False,False,False,True,False,False,False,False,False,True
-0.404,-0.333,-0.255,-0.291,-0.269,-0.952,False,False,False,False,False,False,False,True,False,False,False,True
-0.125,-0.341,-0.285,-0.291,0.545,-0.678,False,False,False,False,False,False,False,False,False,True,False,False
-0.125,-0.341,2.436,-0.291,-0.237,-1.065,True,False,False,False,False,True,False,False,False,False,False,False
-0.404,-0.341,-0.287,-0.291,-0.269,-1.071,True,False,True,False,True,False,False,False,False,False,False,False
0.154,-0.341,-0.287,-0.291,-0.000,-0.676,False,False,True,False,False,False,False,False,False,True,False,False
-0.683,-0.341,-0.287,0.000,-0.269,-1.063,True,False,True,False,False,True,False,False,False,False,False,False
1.688,-0.341,-0.287,-0.291,-0.269,-1.063,True,False,True,False,False,True,False,False,False,False,False,False
0.572,-0.307,-0.284,-0.291,-0.269,-0.674,False,False,False,False,False,False,False,False,False,True,False,False
-0.752,-0.341,-0.287,-0.291,-0.220,-0.571,False,False,False,False,False,False,False,False,True,False,False,True
0.921,-0.341,0.085,-0.291,-0.164,-0.552,False,False,False,False,False,False,False,False,True,False,False,False
-1.519,-0.341,-0.287,-0.291,-0.269,-0.672,False,False,True,False,False,False,False,False,False,True,False,False
-1.519,-0.341,-0.287,-0.291,-0.269,-0.672,False,False,False,False,False,False,False,False,False,True,False,False
-0.334,-0.338,-0.285,-0.291,-0.127,-0.670,False,False,False,False,False,False,False,False,False,True,False,False
-0.613,-0.321,0.225,-0.291,-0.250,-0.948,True,False,False,False,False,False,False,True,False,False,False,True
-0.334,1.415,-0.166,1.045,-0.269,-0.548,False,False,False,False,False,False,False,False,True,False,False,False
0.921,-0.341,0.255,-0.291,-0.230,-0.688,False,False,False,False,False,False,False,False,False,True,False,True
1.409,-0.341,2.065,-0.291,0.032,-0.978,True,False,False,False,False,False,False,True,False,False,False,False
1.270,-0.341,-0.287,-0.291,-0.269,-0.978,True,False,True,False,False,False,False,True,False,False,False,False
-0.892,0.910,-0.282,-0.291,-0.232,-0.334,False,False,False,False,False,False,False,False,True,False,False,True
-0.195,0.314,-0.287,1.325,-0.269,-0.544,False,True,False,True,False,False,False,False,True,False,False,False
-0.334,-0.341,-0.287,-0.281,-0.269,-0.542,False,False,False,False,False,False,False,False,True,False,False,False
0.642,-0.341,-0.287,0.000,-0.269,-0.666,False,False,True,False,False,False,False,False,False,True,False,False
-2.008,-0.341,-0.287,-0.291,-0.269,-0.666,False,False,False,False,False,False,False,False,False,True,False,False
0.572,0.107,0.701,-0.259,-0.269,-1.073,False,True,False,False,False,False,True,False,False,False,False,False
0.712,-0.341,-0.287,-0.291,-0.269,-0.686,False,False,True,False,False,False,False,False,False,True,False,True
-0.264,0.498,-0.287,-0.289,-0.262,-0.569,False,False,False,False,False,False,False,False,True,False,False,True
-0.264,-0.080,-0.206,-0.222,0.032,-0.569,False,False,False,False,False,False,False,False,True,False,False,True
0.433,-0.341,-0.287,-0.291,-0.269,-0.540,False,True,True,False,False,False,False,False,True,False,False,False
-2.008,-0.341,-0.287,-0.291,-0.269,-0.684,False,False,True,False,False,False,False,False,False,True,False,True
1.200,0.587,-0.287,-0.187,-0.269,-0.684,False,False,False,False,False,False,False,False,False,True,False,True
-1.729,-0.341,-0.287,-0.291,-0.000,-0.684,False,False,False,False,False,False,False,False,False,True,False,True
-0.683,-0.341,-0.287,-0.291,-0.269,-1.061,True,False,True,False,False,True,False,False,False,False,False,False
0.015,-0.341,0.296,-0.291,-0.183,-1.061,True,False,False,False,False,True,False,False,False,False,False,False
-0.683,0.000,-0.282,-0.291,-0.268,-0.538,False,False,False,False,False,False,False,False,True,False,False,False
1.270,-0.341,-0.287,-0.291,-0.269,-1.037,True,False,True,False,True,False,False,False,False,False,False,True
-1.938,-0.341,-0.287,-0.291,-0.269,-0.680,False,False,True,False,False,False,False,False,False,True,False,True
-1.729,-0.341,-0.287,-0.291,-0.269,-0.680,False,False,True,False,False,False,False,False,False,True,False,True
0.572,-0.341,-0.270,-0.272,-0.265,-0.567,False,False,False,False,False,False,False,False,True,False,False,True
2.246,1.501,-0.267,-0.291,0.050,-0.944,False,False,False,False,False,False,False,True,False,False,False,True
0.224,-0.341,0.000,-0.291,-0.269,-1.055,True,False,True,False,False,True,False,False,False,False,False,True
-1.729,-0.341,-0.287,-0.291,-0.000,-0.662,False,False,True,False,False,False,False,False,False,True,False,False
-0.892,-0.341,-0.287,-0.291,-0.269,-0.662,False,False,True,False,False,False,False,False,False,True,False,False
-0.264,-0.341,-0.287,-0.291,-0.269,-0.678,False,False,True,False,False,False,False,False,False,True,False,True
-0.474,1.630,-0.287,0.000,0.732,-0.536,False,False,False,False,False,False,False,False,True,False,False,False
0.851,-0.130,0.130,-0.281,-0.247,-0.676,False,False,False,False,False,False,False,False,False,True,False,True
-0.264,-0.341,-0.287,-0.291,-0.269,-0.674,False,False,True,False,False,False,False,False,False,True,False,True
-0.683,0.287,-0.287,-0.180,-0.269,-0.942,False,False,False,False,False,False,False,True,False,False,False,True
-0.543,0.122,-0.287,-0.289,-0.267,-0.660,False,False,False,False,False,False,False,False,False,True,False,False
-1.031,-0.341,-0.286,-0.291,0.432,-0.532,False,False,False,False,False,False,False,False,True,False,False,False
-0.752,-0.341,-0.287,-0.291,-0.269,-0.334,False,False,True,False,False,False,False,False,True,False,False,True
0.363,-0.341,-0.287,1.191,-0.269,-0.656,False,False,False,False,False,False,False,False,False,True,False,False
0.294,1.106,-0.287,-0.274,-0.267,-0.530,False,False,False,False,False,False,False,False,True,False,False,False
-1.031,-0.341,-0.287,-0.291,-0.269,-0.654,False,False,True,False,False,False,False,False,False,True,False,False
-0.055,-0.341,-0.287,-0.291,-0.269,-0.668,False,False,True,False,False,False,False,False,False,True,False,True
0.991,-0.341,-0.287,-0.291,-0.269,-0.652,False,False,True,False,False,False,False,False,False,True,False,False
-1.798,-0.341,-0.287,-0.291,-0.269,-0.652,False,False,False,False,False,False,False,False,False,True,False,False
-2.008,-0.341,-0.287,-0.291,-0.269,-0.652,False,False,True,False,False,False,False,False,False,True,False,False
1.270,-0.335,0.530,1.099,-0.267,-1.140,True,False,False,False,False,False,False,False,False,False,False,True
-0.055,4.513,0.000,-0.291,-0.265,-0.334,False,False,False,False,False,False,False,False,True,False,False,True
0.782,-0.341,0.219,-0.291,-0.269,-0.565,False,False,False,False,False,False,False,False,True,False,False,True
-0.822,-0.339,-0.187,-0.229,-0.000,-0.563,False,False,False,False,False,False,False,False,True,False,False,True
-0.543,-0.341,-0.287,0.074,4.427,-0.650,False,False,False,False,False,False,False,False,False,True,False,False
-0.125,1.403,-0.287,-0.281,-0.269,-0.561,False,True,False,False,False,False,False,False,True,False,False,True
0.851,-0.341,-0.236,-0.286,0.365,-0.559,False,False,False,False,False,False,False,False,True,False,False,True
-0.613,-0.341,-0.287,-0.291,-0.269,-0.936,False,False,False,False,False,False,False,True,False,False,False,True
1.897,-0.341,-0.287,-0.291,-0.269,-1.138,True,False,False,False,False,False,False,False,False,False,False,True
1.967,-0.341,-0.248,-0.291,-0.112,-1.138,True,False,False,False,False,False,False,False,False,False,False,True
1.340,-0.341,-0.287,-0.291,-0.269,-1.138,True,False,True,False,False,False,False,False,False,False,False,True
0.572,-0.341,1.212,-0.291,-0.000,-1.138,True,False,False,False,False,False,False,False,False,False,False,True
-0.613,-0.148,-0.287,-0.291,-0.269,-0.557,False,False,False,False,False,False,False,False,True,False,False,True
0.503,-0.341,-0.287,-0.291,-0.269,-0.648,False,False,True,False,False,False,False,False,False,True,False,False
0.642,-0.101,0.206,4.430,-0.193,-1.061,True,False,False,False,False,False,True,False,False,False,False,True
-0.474,-0.338,-0.287,-0.281,0.204,-0.553,False,False,False,False,False,False,False,False,True,False,False,True
0.154,3.352,-0.287,-0.045,-0.269,-0.552,False,True,False,False,False,False,False,False,True,False,False,True
-2.008,-0.341,-0.287,-0.291,-0.269,-0.552,False,True,True,False,False,False,False,False,True,False,False,True
-0.543,1.904,-0.287,1.184,-0.269,-0.552,False,True,False,False,False,False,False,False,True,False,False,True
1.409,-0.341,-0.245,0.066,1.003,-0.646,False,False,False,False,False,False,False,False,False,True,False,False
1.061,-0.341,-0.287,-0.291,-0.269,-0.646,False,False,True,False,False,False,False,False,False,True,False,False
-0.125,-0.341,0.251,-0.291,-0.213,-1.033,True,False,False,False,True,False,False,False,False,False,False,True
0.015,-0.330,-0.287,-0.291,-0.269,-0.550,False,False,False,False,False,False,False,False,True,False,False,True
-0.892,0.987,-0.287,-0.282,-0.255,-0.526,False,False,False,False,False,False,False,False,True,False,False,False
-0.613,-0.341,-0.287,-0.291,-0.269,-0.664,False,False,True,False,False,False,False,False,False,True,False,True
-0.195,-0.341,-0.287,-0.291,-0.269,-0.644,False,False,True,False,False,False,False,False,False,True,False,False
-0.683,-0.333,-0.233,-0.291,-0.000,-0.974,False,False,False,False,False,False,False,True,False,False,False,False
0.363,-0.339,-0.231,-0.291,-0.269,-0.662,False,False,False,False,False,False,False,False,False,True,False,True
0.642,-0.341,-0.287,-0.291,-0.269,-0.524,False,True,True,False,False,False,False,False,True,False,False,False
1.549,-0.341,-0.124,-0.138,-0.036,-0.334,False,False,False,False,False,False,False,False,True,False,False,True
-1.519,-0.341,-0.287,-0.291,-0.269,-0.640,False,False,False,False,False,False,False,False,False,True,False,False
-1.798,-0.341,-0.287,-0.291,-0.269,-0.640,False,False,True,False,False,False,False,False,False,True,False,False
-0.195,0.742,-0.005,0.057,-0.230,-0.518,False,True,False,True,False,False,False,False,True,False,False,False
-0.125,0.013,0.060,-0.291,-0.269,-0.932,False,False,False,False,False,False,False,True,False,False,False,True
-1.519,0.000,-0.287,-0.291,-0.269,-0.334,False,False,True,False,False,False,False,False,True,False,False,True
-0.683,0.000,-0.287,-0.291,-0.269,-0.660,False,False,True,False,False,False,False,False,False,True,False,True
-0.055,-0.341,-0.271,-0.144,0.396,-0.516,False,False,False,False,False,False,False,False,True,False,False,False
-0.125,4.938,0.487,1.643,-0.269,-0.544,False,True,False,False,False,False,False,False,True,False,False,True
0.154,-0.341,0.000,-0.291,-0.269,-0.658,False,False,True,False,False,False,False,False,False,True,False,True
-0.195,0.151,-0.287,0.046,-0.043,-0.656,False,False,False,False,False,False,False,False,False,True,False,True
0.991,-0.341,0.189,-0.262,0.108,-1.069,True,False,False,False,True,False,False,False,False,False,False,False
-0.404,-0.341,-0.279,-0.291,-0.269,-0.636,False,False,False,False,False,False,False,False,False,True,False,False
-1.031,-0.341,-0.287,-0.291,-0.269,-0.930,False,False,True,False,False,False,False,True,False,False,False,True
1.270,-0.341,0.073,-0.291,-0.209,-0.514,False,False,False,False,False,False,False,False,True,False,False,False
-0.822,-0.341,-0.287,-0.291,-0.269,-1.031,True,False,True,False,True,False,False,False,False,False,False,True
2.455,-0.341,-0.285,-0.291,0.280,-1.031,True,False,False,False,True,False,False,False,False,False,False,True
-1.101,1.345,-0.287,0.859,-0.266,-1.059,False,True,False,False,False,False,True,False,False,False,False,True
-0.752,-0.210,0.443,0.573,-0.269,-1.059,False,True,False,False,False,False,True,False,False,False,False,True
0.015,-0.341,-0.287,-0.291,-0.269,-0.929,False,True,False,True,False,False,False,True,False,False,False,True
2.874,-0.341,-0.285,-0.289,0.869,-0.510,False,False,False,False,False,False,False,False,True,False,False,False
-0.404,-0.294,-0.287,1.797,-0.228,-0.534,False,True,False,False,False,False,False,False,True,False,False,True
-0.404,3.009,-0.287,-0.142,-0.269,-1.057,False,True,False,False,False,False,True,False,False,False,False,True
0.433,1.650,-0.287,-0.251,-0.268,-0.334,False,True,False,False,False,False,False,False,True,False,False,True
-0.822,2.303,-0.287,-0.063,-0.262,-0.927,False,True,False,False,False,False,False,True,False,False,False,True
-0.195,-0.341,-0.287,-0.291,-0.269,-0.534,False,True,True,False,False,False,False,False,True,False,False,True
-0.962,2.015,-0.287,0.791,0.826,-1.057,False,True,False,False,False,False,True,False,False,False,False,True
-0.683,0.091,-0.253,1.795,-0.269,-0.534,False,True,False,False,False,False,False,False,True,False,False,True
-0.613,-0.341,-0.287,-0.291,-0.269,-0.632,False,False,True,False,False,False,False,False,False,True,False,False
1.549,0.322,-0.134,1.229,-0.269,-0.532,False,False,False,False,False,False,False,False,True,False,False,True
-0.822,-0.130,-0.287,1.315,-0.269,-0.508,False,True,False,False,False,False,False,False,True,False,False,False
-0.125,-0.184,-0.287,-0.209,-0.248,-0.508,False,True,False,False,False,False,False,False,True,False,False,False
0.991,-0.213,0.168,-0.287,-0.269,-0.630,False,False,False,False,False,False,False,False,False,True,False,False
-1.659,-0.341,-0.287,-0.291,-0.269,-0.654,False,False,False,False,False,False,False,False,False,True,False,True
-0.822,-0.341,-0.287,-0.291,-0.269,-0.652,False,False,True,False,False,False,False,False,False,True,False,True
0.782,0.892,-0.287,0.501,-0.269,-0.970,False,False,False,False,False,False,False,True,False,False,False,False
0.642,-0.335,-0.287,-0.291,1.213,-0.970,False,False,False,False,False,False,False,True,False,False,False,False
-0.613,-0.341,-0.287,-0.291,-0.269,-0.334,False,False,True,False,False,False,False,False,True,False,False,True
-1.101,-0.341,-0.287,0.000,-0.269,-0.628,False,False,True,False,False,False,False,False,False,True,False,False
-0.962,0.144,-0.265,-0.282,0.296,-0.504,False,False,False,False,False,False,False,False,True,False,False,False
-0.962,0.951,-0.287,-0.291,-0.269,-0.925,False,False,False,False,False,False,False,True,False,False,False,True
2.107,-0.328,0.693,-0.291,-0.242,-1.136,True,False,False,False,False,False,False,False,False,False,False,True
-0.334,-0.341,-0.161,-0.291,0.263,-0.530,False,False,False,False,False,False,False,False,True,False,False,True
-0.125,-0.341,-0.287,-0.291,-0.269,-0.502,False,True,True,False,False,False,False,False,True,False,False,False
1.618,1.598,-0.287,1.485,-0.269,-1.071,False,True,False,False,False,False,True,False,False,False,False,False
0.642,0.498,-0.287,-0.291,-0.055,-0.625,False,False,False,False,False,False,False,False,False,True,False,False
-0.195,-0.309,-0.287,0.544,-0.269,-0.500,False,False,False,False,False,False,False,False,True,False,False,False
-0.822,-0.238,-0.287,-0.291,0.433,-0.968,False,False,False,False,False,False,False,True,False,False,False,False
-0.822,-0.341,-0.287,-0.291,-0.269,-0.623,False,False,True,False,False,False,False,False,False,True,False,False
-0.613,-0.339,0.219,-0.291,-0.269,-0.623,False,False,False,False,False,False,False,False,False,True,False,False
-0.962,1.685,-0.220,-0.291,-0.269,-0.498,False,False,False,False,False,False,False,False,True,False,False,False
0.084,-0.341,-0.287,-0.291,-0.269,-0.619,False,False,True,False,False,False,False,False,False,True,False,False
-0.474,-0.341,-0.287,-0.291,-0.269,-0.617,False,False,True,False,False,False,False,False,False,True,False,False
-0.752,-0.341,-0.287,-0.259,-0.000,-0.923,False,False,False,False,False,False,False,True,False,False,False,True
-0.474,-0.341,-0.287,-0.291,-0.269,-0.648,False,False,True,False,False,False,False,False,False,True,False,True
-0.613,-0.341,-0.287,-0.291,-0.269,-0.646,False,False,True,False,False,False,False,False,False,True,False,True
-0.474,0.814,-0.279,-0.274,-0.269,-0.644,False,False,False,False,False,False,False,False,False,True,False,True
0.363,-0.266,0.012,0.357,-0.269,-1.069,False,True,False,True,False,False,True,False,False,False,False,False
-0.055,-0.341,0.534,-0.291,5.082,-0.921,True,False,False,False,False,False,False,True,False,False,False,True
1.479,-0.341,-0.287,-0.291,-0.269,-0.524,False,True,True,False,False,False,False,False,True,False,False,True
-0.683,-0.341,-0.287,0.539,-0.269,-0.642,False,False,False,False,False,False,False,False,False,True,False,True
-0.543,-0.341,-0.287,-0.291,0.443,-0.611,False,False,False,False,False,False,False,False,False,True,False,False
-2.008,-0.341,-0.287,-0.291,-0.269,-0.611,False,False,False,False,False,False,False,False,False,True,False,False
-1.729,-0.341,-0.287,-0.291,-0.269,-0.611,False,False,False,False,False,False,False,False,False,True,False,False
2.107,-0.341,-0.287,-0.291,-0.269,-0.609,False,False,True,False,False,False,False,False,False,True,False,False
-0.962,1.184,-0.287,-0.291,0.003,-0.520,False,False,False,False,False,False,False,False,True,False,False,True
-0.334,-0.341,-0.287,-0.291,-0.269,-0.640,False,False,True,False,False,False,False,False,False,True,False,True
-0.195,-0.341,-0.287,-0.291,-0.269,-0.638,False,False,True,False,False,False,False,False,False,True,False,True
2.664,-0.301,0.220,-0.291,-0.246,-0.518,False,False,False,False,False,False,False,False,True,False,False,True
1.828,0.549,-0.287,-0.291,-0.266,-0.636,False,False,False,False,False,False,False,False,False,True,False,True
1.479,0.784,-0.274,-0.274,-0.265,-0.514,False,False,False,False,False,False,False,False,True,False,False,True
-0.404,-0.121,0.020,-0.262,-0.268,-0.492,False,False,False,False,False,False,False,False,True,False,False,False
-0.543,3.297,-0.283,-0.291,-0.269,-0.917,False,False,False,False,False,False,False,True,False,False,False,True
-0.962,-0.183,0.000,-0.291,-0.046,-0.634,False,False,False,False,False,False,False,False,False,True,False,True
0.851,-0.341,1.745,-0.291,-0.269,-0.915,True,False,False,False,False,False,False,True,False,False,False,True
2.107,-0.341,-0.287,-0.291,-0.269,-0.512,False,True,True,False,False,False,False,False,True,False,False,True
-0.752,-0.341,-0.287,-0.291,-0.269,-0.913,False,True,False,False,False,False,False,True,False,False,False,True
-0.543,-0.171,-0.287,-0.291,0.907,-0.510,False,False,False,False,False,False,False,False,True,False,False,True
-1.031,-0.341,-0.287,-0.291,-0.269,-1.049,True,False,True,False,False,True,False,False,False,False,False,True
1.479,5.233,0.203,-0.291,0.762,-1.049,True,False,False,False,False,True,False,False,False,False,False,True
0.224,4.166,1.825,-0.083,-0.232,-1.049,True,False,False,False,False,True,False,False,False,False,False,True
1.200,-0.341,-0.287,-0.291,-0.269,-1.049,True,False,True,False,False,True,False,False,False,False,False,True
-0.125,-0.341,-0.272,-0.291,-0.269,-0.632,False,False,False,False,False,False,False,False,False,True,False,True
2.037,-0.341,-0.287,-0.291,-0.269,-0.508,False,True,True,False,False,False,False,False,True,False,False,True
-0.962,-0.341,-0.287,-0.291,-0.269,-1.029,True,False,True,False,True,False,False,False,False,False,False,True
0.433,-0.341,-0.075,0.439,-0.269,-0.603,False,False,False,False,False,False,False,False,False,True,False,False
0.084,1.509,-0.287,-0.209,-0.269,-0.490,False,True,False,False,False,False,False,False,True,False,False,False
0.084,-0.341,-0.287,-0.291,-0.269,-0.911,False,True,True,False,False,False,False,True,False,False,False,True
0.991,-0.341,-0.287,1.166,-0.257,-0.630,False,False,False,False,False,False,False,False,False,True,False,True
-0.543,-0.341,-0.287,1.063,-0.269,-0.628,False,False,False,False,False,False,False,False,False,True,False,True
-0.962,-0.341,-0.287,-0.291,-0.269,-0.627,False,False,True,False,False,False,False,False,False,True,False,True
0.572,-0.092,0.091,-0.291,-0.259,-0.488,False,False,False,False,False,False,False,False,True,False,False,False
-0.055,-0.341,6.628,-0.291,-0.258,-1.047,True,False,False,False,False,True,False,False,False,False,False,True
-0.055,-0.341,-0.287,-0.291,-0.269,-0.334,False,False,True,False,False,False,False,False,True,False,False,True
0.782,0.563,0.000,-0.065,-0.269,-0.504,False,False,False,False,False,False,False,False,True,False,False,True
0.921,-0.298,-0.287,-0.291,0.253,-0.623,False,False,False,False,False,False,False,False,False,True,False,True
-0.543,-0.341,-0.287,-0.291,-0.269,-0.623,False,False,True,False,False,False,False,False,False,True,False,True
0.154,-0.341,-0.287,-0.291,-0.269,-0.966,False,True,True,False,False,False,False,True,False,False,False,False
1.549,-0.298,-0.228,-0.291,0.294,-0.502,False,False,False,False,False,False,False,False,True,False,False,True
3.083,-0.300,-0.286,-0.172,-0.269,-0.482,False,True,False,False,False,False,False,False,True,False,False,False
-0.195,-0.341,-0.287,-0.291,-0.269,-1.045,True,False,True,False,False,True,False,False,False,False,False,True
0.294,-0.341,-0.287,-0.291,-0.269,-1.065,True,False,True,False,True,False,False,False,False,False,False,False
0.712,-0.339,-0.115,-0.236,-0.176,-0.907,False,False,False,False,False,False,False,True,False,False,False,True
-0.683,-0.333,0.113,-0.291,-0.110,-0.595,False,False,False,False,False,False,False,False,False,True,False,False
-1.171,-0.341,-0.287,-0.291,-0.269,-0.619,False,False,False,False,False,False,False,False,False,True,False,True
-1.310,-0.341,-0.287,-0.291,-0.269,-0.619,False,False,True,False,False,False,False,False,False,True,False,True
-2.008,-0.341,-0.287,-0.291,-0.269,-0.619,False,False,True,False,False,False,False,False,False,True,False,True
-2.008,-0.341,-0.287,-0.291,-0.269,-0.619,False,False,False,False,False,False,False,False,False,True,False,True
-1.938,-0.341,-0.287,-0.291,-0.269,-0.619,False,False,True,False,False,False,False,False,False,True,False,True
0.294,-0.341,-0.287,-0.287,-0.268,-0.962,False,False,False,False,False,False,False,True,False,False,False,False
-0.404,-0.341,-0.181,-0.291,-0.269,-0.478,False,False,False,False,False,False,False,False,True,False,False,False
-1.659,-0.341,-0.287,-0.291,-0.269,-0.476,False,True,True,False,False,False,False,False,True,False,False,False
-0.334,-0.341,-0.287,-0.291,-0.269,-0.617,False,False,True,False,False,False,False,False,False,True,False,True
-0.195,-0.341,-0.287,-0.291,-0.269,-0.905,False,True,False,False,False,False,False,True,False,False,False,True
0.084,-0.341,2.047,-0.284,3.301,-1.063,True,False,False,False,True,False,False,False,False,False,False,False
0.294,-0.341,0.191,-0.277,-0.243,-0.494,False,False,False,False,False,False,False,False,True,False,False,True
1.897,6.775,-0.287,4.164,-0.269,-0.475,False,True,False,False,False,False,False,False,True,False,False,False
-0.264,-0.341,-0.287,-0.291,-0.269,-0.615,False,False,True,False,False,False,False,False,False,True,False,True
-0.125,1.066,-0.275,-0.291,-0.269,-0.492,False,False,False,False,False,False,False,False,True,False,False,True
-0.264,-0.327,0.247,-0.169,-0.219,-0.473,False,False,False,False,False,False,False,False,True,False,False,False
-0.752,-0.341,-0.287,0.469,-0.037,-0.471,False,False,False,False,False,False,False,False,True,False,False,False
2.176,2.526,0.114,-0.291,-0.223,-1.043,True,False,False,True,False,True,False,False,False,False,False,True
0.851,-0.341,1.177,-0.289,-0.249,-1.043,True,False,False,False,False,True,False,False,False,False,False,True
-0.892,-0.171,-0.287,-0.227,0.122,-0.488,False,False,False,False,False,False,False,False,True,False,False,True
-0.822,-0.341,-0.287,-0.291,-0.269,-0.591,False,False,True,False,False,False,False,False,False,True,False,False
-0.195,0.000,-0.285,0.313,-0.252,-0.589,False,False,False,False,False,False,False,False,False,True,False,False
0.154,-0.338,0.221,-0.291,-0.269,-0.587,False,False,False,False,False,False,False,False,False,True,False,False
2.664,-0.124,-0.245,0.539,-0.261,-0.334,False,False,False,False,False,False,False,False,True,False,False,True
-0.892,0.000,-0.142,0.662,-0.269,-0.484,False,False,False,False,False,False,False,False,True,False,False,True
-0.334,-0.341,-0.228,-0.289,0.108,-0.482,False,False,False,False,False,False,False,False,True,False,False,True
-0.683,-0.341,0.549,-0.286,-0.045,-0.465,False,False,False,False,False,False,False,False,True,False,False,False
1.340,-0.341,1.957,-0.157,-0.000,-1.067,True,False,False,False,False,False,True,False,False,False,False,False
0.084,-0.339,3.726,-0.291,-0.009,-1.067,True,False,False,False,False,False,True,False,False,False,False,False
-0.474,-0.341,5.284,-0.256,-0.252,-1.067,True,False,False,False,False,False,True,False,False,False,False,False
-0.055,-0.341,2.487,-0.286,1.118,-1.067,True,False,False,True,False,False,True,False,False,False,False,False
-0.404,-0.341,-0.287,-0.291,-0.269,-1.067,True,False,True,False,False,False,True,False,False,False,False,False
0.015,-0.341,0.151,-0.291,1.456,-1.067,True,False,False,False,False,False,True,False,False,False,False,False
-0.474,-0.341,-0.287,-0.291,-0.000,-0.609,False,False,True,False,False,False,False,False,False,True,False,True
1.340,-0.128,-0.208,-0.291,0.191,-1.057,True,False,False,False,False,True,False,False,False,False,False,False
-0.195,-0.315,-0.287,2.357,-0.269,-0.478,False,True,False,False,False,False,False,False,True,False,False,True
-0.404,2.144,0.477,-0.291,-0.269,-0.463,False,False,False,False,False,False,False,False,True,False,False,False
1.828,1.333,-0.287,-0.291,-0.269,-0.457,False,False,False,False,False,False,False,False,True,False,False,False
1.200,3.069,-0.191,-0.061,-0.098,-0.956,True,False,False,False,False,False,False,True,False,False,False,False
0.642,-0.341,-0.287,-0.291,0.950,-0.476,False,False,False,False,False,False,False,False,True,False,False,True
-1.868,-0.341,-0.287,-0.291,-0.269,-0.607,False,False,True,False,False,False,False,False,False,True,False,True
-1.798,-0.341,-0.287,-0.291,-0.269,-0.607,False,False,True,False,False,False,False,False,False,True,False,True
-0.613,-0.341,-0.287,-0.291,-0.255,-0.455,False,False,False,False,False,False,False,False,True,False,False,False
2.525,-0.333,-0.088,0.000,-0.160,-0.605,False,False,False,False,False,False,False,False,False,True,False,True
-0.125,-0.066,-0.287,-0.287,0.316,-0.603,False,False,False,False,False,False,False,False,False,True,False,True
-0.264,-0.169,-0.287,-0.291,-0.269,-0.453,False,False,False,False,False,False,False,False,True,False,False,False
1.758,-0.341,-0.089,0.139,-0.269,-0.475,False,False,False,False,False,False,False,False,True,False,False,True
-0.264,-0.341,-0.287,-0.289,-0.247,-0.475,False,False,False,False,False,False,False,False,True,False,False,True
-1.031,-0.341,-0.287,-0.291,-0.269,-0.581,False,False,True,False,False,False,False,False,False,True,False,False
1.688,-0.341,8.197,-0.291,0.411,-1.134,True,False,False,False,False,False,False,False,False,False,False,True
-2.008,-0.341,-0.287,-0.291,-0.269,-0.579,False,False,True,False,False,False,False,False,False,True,False,False
0.712,-0.341,-0.260,1.155,-0.194,-0.954,False,False,False,False,False,False,False,True,False,False,False,False
-0.474,-0.328,0.158,-0.291,-0.269,-0.451,False,False,False,False,False,False,False,False,True,False,False,False
0.154,-0.159,-0.287,0.809,-0.269,-1.053,False,True,False,False,False,False,True,False,False,False,False,True
-0.334,-0.341,-0.287,-0.291,-0.269,-0.473,False,True,True,False,False,False,False,False,True,False,False,True
0.433,-0.341,-0.287,-0.291,2.516,-1.152,True,False,False,True,False,False,False,False,False,False,False,False
0.433,-0.197,1.871,-0.291,0.012,-1.152,True,False,False,False,False,False,False,False,False,False,False,False
0.224,-0.341,-0.287,-0.291,-0.269,-0.471,False,True,True,False,False,False,False,False,True,False,False,True
2.246,1.104,-0.027,1.340,-0.152,-0.471,False,True,False,False,False,False,False,False,True,False,False,True
2.037,-0.319,-0.287,1.519,-0.269,-0.447,False,False,False,False,False,False,False,False,True,False,False,False
-0.195,2.315,-0.274,-0.291,-0.000,-1.051,False,True,False,False,False,False,True,False,False,False,False,True
-1.729,-0.341,-0.287,-0.291,-0.269,-0.601,False,False,True,False,False,False,False,False,False,True,False,True
-1.938,-0.341,-0.287,-0.291,-0.269,-0.601,False,False,False,False,False,False,False,False,False,True,False,True
-1.450,-0.341,-0.287,-0.291,-0.269,-0.601,False,False,False,False,False,False,False,False,False,True,False,True
-1.519,-0.341,-0.287,-0.291,-0.000,-0.601,False,False,False,False,False,False,False,False,False,True,False,True
-0.264,-0.341,-0.250,-0.291,0.715,-0.601,False,False,False,False,False,False,False,False,False,True,False,True
-1.589,-0.341,-0.287,-0.291,-0.269,-0.601,False,False,False,False,False,False,False,False,False,True,False,True
0.015,-0.341,-0.287,-0.291,0.494,-0.445,False,False,False,False,False,False,False,False,True,False,False,False
2.455,-0.341,-0.287,-0.291,-0.269,-0.443,False,True,True,False,False,False,False,False,True,False,False,False
0.154,-0.341,0.956,-0.291,-0.223,-1.039,True,False,False,False,False,True,False,False,False,False,False,True
-0.264,-0.341,-0.287,-0.291,-0.269,-0.903,False,True,True,False,False,False,False,True,False,False,False,True
0.084,-0.341,0.000,-0.291,-0.269,-0.599,False,False,True,False,False,False,False,False,False,True,False,True
-2.008,-0.341,-0.287,-0.291,-0.269,-0.575,False,False,True,False,False,False,False,False,False,True,False,False
0.015,-0.341,-0.287,-0.291,1.036,-0.439,False,False,False,False,False,False,False,False,True,False,False,False
0.572,-0.298,-0.272,-0.247,-0.266,-0.573,False,False,False,False,False,False,False,False,False,True,False,False
1.409,-0.341,-0.287,-0.291,-0.269,-0.437,False,False,False,False,False,False,False,False,True,False,False,False
0.503,-0.341,0.078,2.704,0.621,-1.063,True,False,False,False,False,False,True,False,False,False,False,False
-0.613,0.372,-0.207,-0.291,-0.261,-0.435,False,False,False,False,False,False,False,False,True,False,False,False
-0.613,3.017,-0.287,-0.291,-0.269,-0.433,False,False,False,False,False,False,False,False,True,False,False,False
-0.752,-0.341,9.913,-0.170,-0.256,-1.037,True,False,False,False,False,True,False,False,False,False,False,True
-0.822,-0.341,-0.287,-0.291,-0.269,-0.334,True,False,True,False,False,False,False,False,True,False,False,True
1.340,-0.341,-0.287,-0.291,-0.269,-0.901,False,True,True,False,False,False,False,True,False,False,False,True
-0.195,-0.341,-0.285,0.004,-0.269,-0.899,False,False,False,False,False,False,False,True,False,False,False,True
0.433,-0.341,-0.232,0.911,-0.269,-0.595,False,False,False,False,False,False,False,False,False,True,False,True
0.084,-0.165,-0.287,-0.291,-0.243,-0.465,False,False,False,False,False,False,False,False,True,False,False,True
-0.474,-0.341,-0.287,-0.254,0.350,-0.431,False,False,False,False,False,False,False,False,True,False,False,False
-1.659,-0.341,-0.287,-0.291,-0.269,-0.571,False,False,True,False,False,False,False,False,False,True,False,False
0.991,-0.341,-0.287,-0.291,-0.269,-0.569,False,False,True,False,False,False,False,False,False,True,False,False
1.618,-0.341,-0.287,-0.291,-0.269,-0.897,False,True,True,False,False,False,False,True,False,False,False,True
1.479,-0.333,0.220,-0.291,0.376,-1.061,True,False,False,False,False,False,True,False,False,False,False,False
0.015,-0.335,0.240,-0.291,0.708,-0.334,True,False,False,False,False,False,False,False,True,False,False,True
-0.683,-0.341,0.182,-0.026,-0.230,-1.061,True,False,False,False,False,False,True,False,False,False,False,False
0.712,-0.341,6.081,-0.289,4.199,-1.035,True,False,False,False,False,True,False,False,False,False,False,True
0.642,-0.341,-0.065,-0.291,-0.269,-1.035,True,False,False,False,False,True,False,False,False,False,False,True
-0.543,0.000,-0.287,-0.291,-0.269,-0.593,False,False,True,False,False,False,False,False,False,True,False,True
-0.264,-0.324,-0.260,0.374,-0.269,-0.591,False,False,False,False,False,False,False,False,False,True,False,True
0.921,-0.341,-0.287,-0.291,-0.269,-1.150,True,False,True,False,False,False,False,False,False,False,False,False
0.503,-0.341,-0.287,-0.291,-0.269,-1.150,True,False,True,False,False,False,False,False,False,False,False,False
-0.683,-0.277,-0.287,0.287,-0.269,-0.589,False,False,False,False,False,False,False,False,False,True,False,True
0.921,-0.341,-0.287,-0.291,-0.269,-0.567,False,False,True,False,False,False,False,False,False,True,False,False
0.782,1.880,-0.263,-0.291,0.812,-0.459,False,False,False,False,False,False,False,False,True,False,False,True
-1.031,-0.341,-0.287,-0.291,-0.269,-0.587,False,False,True,False,False,False,False,False,False,True,False,True
1.479,0.000,0.848,-0.291,-0.051,-1.059,True,False,False,False,False,False,True,False,False,False,False,False
-0.752,1.506,-0.287,-0.234,-0.269,-0.950,False,True,False,False,False,False,False,True,False,False,False,False
1.200,-0.328,0.122,-0.291,-0.190,-0.585,False,False,False,False,False,False,False,False,False,True,False,True
-0.125,-0.341,-0.255,-0.291,0.352,-0.948,False,False,False,False,False,False,False,True,False,False,False,False
-0.962,-0.341,-0.287,-0.291,-0.269,-1.057,True,False,True,False,False,False,True,False,False,False,False,False
-0.474,2.303,-0.238,-0.291,1.067,-1.057,True,False,False,False,False,False,True,False,False,False,False,False
-2.008,-0.341,-0.287,-0.291,-0.269,-1.132,True,False,True,False,False,False,False,False,False,False,False,True
1.618,-0.341,-0.287,-0.291,-0.269,-1.132,True,False,True,False,False,False,False,False,False,False,False,True
0.642,-0.289,0.994,-0.291,-0.269,-1.132,True,False,False,False,False,False,False,False,False,False,False,True
1.200,0.767,-0.287,0.191,-0.267,-0.946,False,True,False,False,False,False,False,True,False,False,False,False
-0.404,-0.341,-0.287,-0.291,-0.269,-0.579,False,False,True,False,False,False,False,False,False,True,False,True
2.386,-0.341,2.401,-0.261,0.500,-1.049,True,False,False,False,False,True,False,False,False,False,False,False
-0.334,-0.341,-0.287,-0.291,-0.269,-1.049,True,False,True,False,False,True,False,False,False,False,False,False
1.479,-0.341,-0.287,-0.291,-0.269,-0.577,False,False,True,False,False,False,False,False,False,True,False,True
-0.613,-0.341,-0.287,-0.291,-0.269,-0.575,False,False,True,False,False,False,False,False,False,True,False,True
1.828,3.334,-0.287,-0.289,-0.018,-1.047,False,True,False,False,False,False,True,False,False,False,False,True
-0.543,-0.341,-0.287,-0.112,0.073,-0.893,False,False,False,False,False,False,False,True,False,False,False,True
1.897,-0.341,-0.287,-0.291,-0.269,-1.033,True,False,True,False,False,True,False,False,False,False,False,True
1.130,-0.325,-0.287,-0.291,-0.269,-0.944,False,False,False,False,False,False,False,True,False,False,False,False
-0.752,-0.341,-0.287,-0.291,-0.269,-0.571,False,False,True,False,False,False,False,False,False,True,False,True
1.270,-0.330,0.263,-0.262,-0.269,-0.451,False,False,False,False,False,False,False,False,True,False,False,True
0.503,-0.341,-0.287,2.234,-0.166,-0.449,False,False,False,False,False,False,False,False,True,False,False,True
1.967,1.137,-0.287,0.203,-0.269,-0.417,False,True,False,True,False,False,False,False,True,False,False,False
-1.101,4.263,-0.281,-0.219,-0.269,-1.055,False,True,False,False,False,False,True,False,False,False,False,False
-0.125,-0.159,-0.287,2.180,-0.269,-0.415,False,True,False,False,False,False,False,False,True,False,False,False
-0.613,0.746,-0.287,-0.291,-0.269,-0.447,False,False,False,False,False,False,False,False,True,False,False,True
1.270,-0.341,-0.009,0.258,-0.000,-0.561,False,False,False,False,False,False,False,False,False,True,False,False
-0.962,-0.341,-0.287,1.027,-0.269,-0.940,False,False,False,False,False,False,False,True,False,False,False,False
0.363,-0.341,-0.287,-0.202,-0.269,-0.559,False,False,False,False,False,False,False,False,False,True,False,False
-0.543,1.087,-0.287,-0.291,-0.263,-0.443,False,False,False,False,False,False,False,False,True,False,False,True
1.549,-0.341,-0.287,-0.291,0.928,-0.439,False,False,False,False,False,False,False,False,True,False,False,True
-0.404,0.238,-0.287,0.375,-0.269,-0.938,False,False,False,False,False,False,False,True,False,False,False,False
2.037,-0.341,-0.287,-0.291,0.364,-0.413,False,False,False,False,False,False,False,False,True,False,False,False
0.572,3.851,-0.287,1.607,-0.269,-1.043,False,True,False,False,False,False,True,False,False,False,False,True
1.061,0.733,-0.287,-0.282,-0.204,-1.043,False,True,False,False,False,False,True,False,False,False,False,True
-0.264,-0.341,-0.287,-0.291,-0.269,-0.567,False,False,True,False,False,False,False,False,False,True,False,True
-0.962,-0.341,-0.287,-0.291,-0.269,-1.047,True,False,True,False,False,True,False,False,False,False,False,False
0.782,-0.341,-0.048,-0.291,3.104,-1.047,True,False,False,False,False,True,False,False,False,False,False,False
0.015,-0.341,-0.016,7.910,-0.040,-1.047,True,False,False,False,False,True,False,False,False,False,False,False
0.503,-0.341,-0.287,-0.291,-0.269,-0.936,False,False,True,False,False,False,False,True,False,False,False,False
-0.543,-0.341,-0.287,0.842,-0.269,-0.936,False,False,False,False,False,False,False,True,False,False,False,False
0.433,0.117,-0.284,-0.291,0.272,-0.555,False,False,False,False,False,False,False,False,False,True,False,False
-0.334,-0.336,-0.061,-0.133,-0.128,-0.407,False,False,False,False,False,False,False,False,True,False,False,False
-1.868,-0.341,-0.287,-0.291,-0.269,-0.553,False,False,False,False,False,False,False,False,False,True,False,False
-2.008,0.000,-0.287,-0.291,-0.269,-0.553,False,False,True,False,False,False,False,False,False,True,False,False
0.991,-0.341,-0.287,-0.291,-0.254,-0.405,False,False,False,False,False,False,False,False,True,False,False,False
2.386,0.000,0.258,-0.289,2.711,-1.031,True,False,False,False,False,True,False,False,False,False,False,True
0.084,-0.341,-0.287,-0.291,-0.269,-0.550,False,False,True,False,False,False,False,False,False,True,False,False
0.642,-0.341,-0.287,-0.291,-0.269,-0.548,False,False,True,False,False,False,False,False,False,True,False,False
-0.125,0.000,12.926,-0.291,1.754,-1.029,True,False,False,False,False,True,False,False,False,False,False,True
1.758,-0.336,-0.287,-0.197,-0.269,-0.437,False,False,False,False,False,False,False,False,True,False,False,True
0.712,-0.341,-0.287,-0.291,-0.269,-1.130,True,False,True,False,False,False,False,False,False,False,False,True
0.851,5.271,-0.287,-0.289,-0.253,-1.053,False,True,False,False,False,False,True,False,False,False,False,False
-0.474,-0.341,-0.287,-0.291,0.403,-0.565,False,False,False,False,False,False,False,False,False,True,False,True
-0.404,-0.341,4.754,0.000,-0.267,-1.015,True,False,False,False,True,False,False,False,False,False,False,True
0.363,-0.318,1.957,-0.291,0.148,-1.015,True,False,False,False,True,False,False,False,False,False,False,True
-0.195,-0.341,-0.287,-0.291,-0.269,-1.015,True,False,True,True,True,False,False,False,False,False,False,True
0.712,-0.339,1.577,-0.291,-0.268,-1.015,True,False,False,False,True,False,False,False,False,False,False,True
-0.962,-0.341,-0.287,-0.291,-0.269,-1.015,True,False,True,False,True,False,False,False,False,False,False,True
2.455,-0.341,-0.287,-0.291,-0.269,-1.015,True,False,True,False,True,False,False,False,False,False,False,True
-0.264,-0.341,-0.287,-0.291,-0.269,-1.015,True,False,True,False,True,False,False,False,False,False,False,True
0.433,-0.341,-0.287,-0.291,-0.269,-0.401,False,True,True,False,False,False,False,False,True,False,False,False
-0.683,-0.341,-0.287,-0.291,-0.269,-0.563,False,False,True,False,False,False,False,False,False,True,False,True
-0.195,0.267,-0.287,0.869,-0.269,-0.435,False,False,False,False,False,False,False,False,True,False,False,True
-1.798,-0.341,-0.287,-0.291,-0.269,-0.561,False,False,True,False,False,False,False,False,False,True,False,True
0.015,1.833,-0.284,-0.291,-0.269,-0.561,False,False,False,False,False,False,False,False,False,True,False,True
1.061,-0.341,-0.287,-0.291,-0.269,-0.561,False,False,True,False,False,False,False,False,False,True,False,True
-0.125,-0.043,0.090,-0.291,-0.094,-0.932,False,False,False,False,False,False,False,True,False,False,False,False
-0.822,0.287,-0.287,-0.058,-0.116,-0.546,False,False,False,False,False,False,False,False,False,True,False,False
0.572,-0.341,1.698,-0.291,-0.264,-0.334,True,False,False,False,False,False,False,False,True,False,False,True
-0.683,-0.341,-0.287,-0.291,-0.269,-0.400,False,True,True,False,False,False,False,False,True,False,False,False
1.061,-0.341,-0.287,-0.291,-0.269,-0.544,False,False,True,False,False,False,False,False,False,True,False,False
-0.474,-0.341,-0.287,-0.241,-0.147,-0.431,False,False,False,False,False,False,False,False,True,False,False,True
-0.474,-0.018,-0.234,0.298,-0.268,-0.889,False,False,False,False,False,False,False,True,False,False,False,True
-0.543,0.000,-0.287,-0.291,-0.269,-0.429,False,True,True,False,False,False,False,False,True,False,False,True
0.154,1.269,-0.287,1.052,-0.269,-0.427,False,False,False,False,False,False,False,False,True,False,False,True
-0.822,-0.341,-0.287,0.126,-0.265,-0.930,False,False,False,False,False,False,False,True,False,False,False,False
0.084,0.010,-0.287,-0.291,-0.246,-0.557,False,False,False,False,False,False,False,False,False,True,False,True
-0.962,-0.322,-0.272,0.039,-0.269,-0.425,False,False,False,False,False,False,False,False,True,False,False,True
0.921,-0.285,0.760,-0.291,-0.269,-0.555,False,False,False,False,False,False,False,False,False,True,False,True
1.828,0.225,-0.287,-0.289,-0.269,-0.421,False,False,False,False,False,False,False,False,True,False,False,True
-0.055,-0.333,1.391,-0.269,-0.130,-1.027,True,False,False,False,False,True,False,False,False,False,False,True
0.294,0.680,-0.166,0.627,-0.234,-0.396,False,False,False,False,False,False,False,False,True,False,False,False
-0.683,-0.336,-0.284,-0.257,0.365,-0.540,False,False,False,False,False,False,False,False,False,True,False,False
-0.334,0.000,0.250,-0.291,-0.265,-0.415,False,False,False,False,False,False,False,False,True,False,False,True
-1.729,-0.341,-0.287,-0.291,-0.269,-0.552,False,False,False,False,False,False,False,False,False,True,False,True
-1.868,-0.341,-0.287,-0.291,-0.269,-0.552,False,False,True,False,False,False,False,False,False,True,False,True
0.084,-0.341,3.309,-0.291,-0.268,-1.128,True,False,False,False,False,False,False,False,False,False,False,True
0.154,-0.341,-0.287,-0.291,-0.269,-1.061,True,False,False,False,True,False,False,False,False,False,False,False
-0.822,-0.341,-0.287,-0.291,-0.269,-1.061,True,False,True,False,True,False,False,False,False,False,False,False
0.782,-0.341,-0.287,-0.291,-0.269,-1.061,True,False,True,False,True,False,False,False,False,False,False,False
0.294,-0.341,-0.287,-0.291,-0.000,-0.538,False,False,True,False,False,False,False,False,False,True,False,False
1.200,-0.341,-0.287,-0.291,-0.000,-0.550,False,False,True,False,False,False,False,False,False,True,False,True
0.084,1.554,0.255,-0.291,4.510,-1.059,True,False,False,True,True,False,False,False,False,False,False,False
-0.822,-0.341,-0.287,-0.291,0.440,-0.392,False,False,False,False,False,False,False,False,True,False,False,False
-0.683,1.386,-0.276,-0.291,0.323,-0.413,False,False,False,False,False,False,False,False,True,False,False,True
-0.474,-0.341,2.964,-0.291,-0.267,-1.013,True,False,False,False,True,False,False,False,False,False,False,True
-0.613,-0.341,-0.186,-0.291,6.454,-1.013,True,False,False,False,True,False,False,False,False,False,False,True
0.503,-0.341,0.220,-0.291,-0.269,-0.407,False,False,False,False,False,False,False,False,True,False,False,True
-2.008,-0.341,-0.287,-0.291,-0.269,-0.542,False,False,False,False,False,False,False,False,False,True,False,True
-0.822,-0.274,0.675,-0.274,-0.269,-0.881,False,False,False,False,False,False,False,True,False,False,False,True
-0.125,-0.341,-0.287,-0.291,-0.269,-0.540,False,False,True,False,False,False,False,False,False,True,False,True
-0.962,-0.341,-0.287,-0.291,-0.269,-0.540,False,False,True,False,False,False,False,False,False,True,False,True
-0.613,-0.341,-0.285,0.427,-0.016,-0.540,False,False,False,False,False,False,False,False,False,True,False,True
-0.683,-0.295,-0.287,1.469,-0.264,-0.390,False,False,False,False,False,False,False,False,True,False,False,False
-0.334,0.663,-0.287,-0.291,-0.261,-0.405,False,False,False,False,False,False,False,False,True,False,False,True
0.991,-0.341,-0.284,0.931,-0.269,-0.388,False,False,False,False,False,False,False,False,True,False,False,False
-0.195,-0.341,-0.287,-0.291,-0.269,-0.384,False,True,True,False,False,False,False,False,True,False,False,False
0.921,0.264,-0.240,-0.227,-0.269,-0.401,False,False,False,False,False,False,False,False,True,False,False,True
-0.543,-0.331,-0.204,0.551,-0.267,-0.380,False,False,False,False,False,False,False,False,True,False,False,False
1.479,-0.341,-0.287,-0.291,-0.269,-1.009,True,False,True,False,True,False,False,False,False,False,False,True
-0.264,-0.341,-0.287,-0.291,-0.269,-1.009,True,False,True,False,True,False,False,False,False,False,False,True
2.455,0.000,-0.287,-0.291,-0.269,-0.532,False,False,True,False,False,False,False,False,False,True,False,False
1.479,-0.341,-0.287,-0.291,-0.252,-0.400,False,False,False,False,False,False,False,False,True,False,False,True
-0.334,0.000,-0.287,-0.291,-0.269,-0.398,False,True,True,False,False,False,False,False,True,False,False,True
-0.125,-0.341,-0.287,0.770,-0.249,-0.396,False,False,False,False,False,False,False,False,True,False,False,True
0.921,-0.341,-0.287,-0.291,-0.000,-0.538,False,False,True,False,False,False,False,False,False,True,False,True
0.084,-0.341,-0.287,-0.291,-0.269,-0.530,False,False,True,False,False,False,False,False,False,True,False,False
-0.613,-0.338,-0.287,0.871,-0.250,-0.929,False,False,False,False,False,False,False,True,False,False,False,False
0.154,-0.095,0.472,-0.284,-0.268,-0.879,False,True,False,False,False,False,False,True,False,False,False,True
-0.195,0.085,0.177,-0.269,3.900,-1.043,True,False,False,False,False,True,False,False,False,False,False,False
0.712,-0.341,0.000,-0.291,0.718,-1.041,True,False,False,False,False,True,False,False,False,False,False,False
-0.125,-0.341,-0.287,-0.291,-0.269,-0.526,False,False,False,False,False,False,False,False,False,True,False,False
0.224,-0.341,-0.251,-0.291,0.298,-0.526,False,False,False,False,False,False,False,False,False,True,False,False
-0.264,-0.341,-0.287,-0.291,-0.269,-0.526,False,False,True,False,False,False,False,False,False,True,False,False
-1.589,-0.341,-0.287,-0.291,-0.269,-0.526,False,False,False,False,False,False,False,False,False,True,False,False
-1.798,-0.341,-0.287,-0.291,-0.269,-0.526,False,False,True,False,False,False,False,False,False,True,False,False
-1.241,-0.341,-0.287,-0.291,-0.269,-0.526,False,False,True,False,False,False,False,False,False,True,False,False
1.618,-0.341,-0.287,-0.291,-0.269,-0.524,False,False,True,False,False,False,False,False,False,True,False,False
-1.031,-0.316,-0.287,-0.291,-0.138,-0.374,False,False,False,False,False,False,False,False,True,False,False,False
2.734,-0.341,-0.108,-0.291,-0.258,-0.374,False,False,False,False,False,False,False,False,True,False,False,False
-0.752,-0.341,-0.287,-0.291,-0.269,-0.524,False,False,True,False,False,False,False,False,False,True,False,False
1.828,-0.338,-0.287,-0.291,0.531,-0.520,False,False,False,False,False,False,False,False,False,True,False,False
-0.474,1.827,-0.287,-0.291,0.104,-0.532,False,False,False,False,False,False,False,False,False,True,False,True
0.363,-0.341,2.888,-0.291,0.020,-1.049,True,False,False,False,False,False,True,False,False,False,False,False
-0.822,0.543,-0.287,0.970,-0.269,-0.392,False,True,False,False,False,False,False,False,True,False,False,True
0.642,-0.341,-0.287,-0.291,-0.269,-0.530,False,False,True,False,False,False,False,False,False,True,False,True
-1.101,-0.322,-0.287,-0.291,1.463,-0.368,False,False,False,False,False,False,False,False,True,False,False,False
-0.683,-0.341,-0.287,-0.291,-0.269,-0.528,False,False,True,False,False,False,False,False,False,True,False,True
0.084,-0.341,-0.287,-0.291,-0.269,-1.039,True,False,True,False,False,True,False,False,False,False,False,False
-0.125,-0.341,-0.287,-0.170,2.125,-1.039,True,False,False,True,False,True,False,False,False,False,False,False
-0.822,0.000,-0.287,0.601,-0.269,-0.927,False,False,False,False,False,False,False,True,False,False,False,False
1.130,-0.341,1.945,-0.291,-0.125,-1.023,True,False,False,False,False,True,False,False,False,False,False,True
-0.055,-0.087,1.222,-0.172,0.305,-1.023,True,False,False,False,False,True,False,False,False,False,False,True
-0.404,-0.072,-0.287,-0.279,0.126,-0.386,False,False,False,False,False,False,False,False,True,False,False,True
-0.334,1.613,1.809,-0.291,0.374,-1.041,True,False,False,False,False,False,True,False,False,False,False,True
-0.404,-0.327,2.272,-0.291,-0.255,-1.041,True,False,False,False,False,False,True,False,False,False,False,True
0.015,0.069,-0.287,-0.291,0.034,-0.384,False,False,False,False,False,False,False,False,True,False,False,True
1.200,0.311,-0.287,0.278,-0.215,-0.518,False,False,False,False,False,False,False,False,False,True,False,False
-0.822,-0.328,0.284,-0.291,-0.269,-0.366,False,False,False,False,False,False,False,False,True,False,False,False
-0.613,-0.341,-0.287,-0.284,0.410,-0.516,False,False,False,False,False,False,False,False,False,True,False,False
-0.334,-0.157,-0.275,-0.291,0.178,-0.374,False,False,False,False,False,False,False,False,True,False,False,True
0.782,-0.312,-0.281,-0.289,5.032,-1.146,True,False,False,False,False,False,False,False,False,False,False,False
-0.125,-0.341,-0.287,-0.291,-0.269,-1.146,True,False,True,False,False,False,False,False,False,False,False,False
0.642,-0.341,0.083,4.128,-0.182,-1.035,True,False,False,False,False,True,False,False,False,False,False,False
2.525,-0.263,2.504,-0.291,0.081,-1.126,True,False,False,False,False,False,False,False,False,False,False,True
-0.683,-0.341,0.554,-0.291,0.222,-1.126,True,False,False,False,False,False,False,False,False,False,False,True
1.758,-0.341,-0.287,1.169,-0.268,-0.372,False,False,False,False,False,False,False,False,True,False,False,True
0.642,-0.341,0.162,-0.291,-0.269,-0.370,False,False,False,False,False,False,False,False,True,False,False,True
0.782,-0.263,-0.287,-0.289,0.180,-0.524,False,False,False,False,False,False,False,False,False,True,False,True
-0.543,0.000,-0.286,-0.068,0.215,-0.364,False,False,False,False,False,False,False,False,True,False,False,False
-0.474,-0.328,-0.287,1.050,-0.258,-0.362,False,False,False,False,False,False,False,False,True,False,False,False
0.294,0.199,0.000,-0.291,-0.269,-0.360,False,False,False,False,False,False,False,False,True,False,False,False
-0.752,-0.297,-0.287,3.584,-0.268,-1.039,False,True,False,False,False,False,True,False,False,False,False,True
0.991,0.487,-0.287,-0.222,-0.269,-0.875,False,True,False,False,False,False,False,True,False,False,False,True
-1.101,9.855,-0.287,2.396,-0.269,-0.334,False,True,False,False,False,False,False,False,True,False,False,True
-0.195,2.314,-0.287,-0.291,-0.269,-0.368,False,True,False,False,False,False,False,False,True,False,False,True
-0.474,3.146,-0.287,-0.254,-0.269,-1.039,False,True,False,False,False,False,True,False,False,False,False,True
-0.543,-0.341,-0.287,-0.291,-0.269,-0.358,False,True,True,False,False,False,False,False,True,False,False,False
-0.264,-0.341,-0.280,-0.291,0.917,-0.366,False,False,False,False,False,False,False,False,True,False,False,True
0.015,-0.013,-0.281,0.732,-0.269,-0.364,False,True,False,False,False,False,False,False,True,False,False,True
1.409,2.121,-0.287,-0.177,-0.269,-0.364,False,True,False,False,False,False,False,False,True,False,False,True
0.015,-0.341,-0.287,-0.291,-0.269,-1.007,True,False,True,False,True,False,False,False,False,False,False,True
1.130,-0.325,0.399,2.177,-0.269,-1.037,False,True,False,False,False,False,True,False,False,False,False,True
1.130,-0.341,-0.287,0.938,-0.265,-0.362,False,False,False,False,False,False,False,False,True,False,False,True
0.084,-0.245,5.555,0.126,3.736,-1.021,True,False,False,False,False,True,False,False,False,False,False,True
0.015,0.836,-0.287,-0.284,-0.249,-0.360,False,False,False,False,False,False,False,False,True,False,False,True
-0.195,-0.341,-0.287,-0.291,-0.269,-0.334,False,False,False,False,False,False,False,False,True,False,False,True
-0.892,-0.341,-0.287,-0.291,-0.269,-0.516,False,False,True,False,False,False,False,False,False,True,False,True
-0.613,-0.339,-0.287,-0.291,-0.268,-0.514,False,False,False,False,False,False,False,False,False,True,False,True
0.294,0.016,-0.286,-0.289,-0.269,-0.510,False,False,False,False,False,False,False,False,False,True,False,False
-0.752,-0.341,-0.287,-0.291,-0.269,-0.508,False,False,True,False,False,False,False,False,False,True,False,False
-0.334,0.569,0.085,2.059,-0.268,-0.354,False,True,False,False,False,False,False,False,True,False,False,False
0.015,0.963,-0.096,-0.261,-0.269,-0.352,False,True,False,False,False,False,False,False,True,False,False,False
0.782,-0.341,-0.287,-0.291,-0.269,-1.006,True,False,True,False,True,False,False,False,False,False,False,True
-0.125,-0.341,-0.287,-0.291,-0.269,-1.035,True,False,True,False,False,False,True,False,False,False,False,True
0.433,-0.341,-0.287,-0.291,-0.269,-0.508,False,False,True,False,False,False,False,False,False,True,False,True
0.154,-0.341,5.181,-0.291,-0.033,-0.334,True,False,False,False,False,False,False,False,True,False,False,True
-0.195,-0.341,-0.287,-0.291,-0.269,-0.506,False,False,True,False,False,False,False,False,False,True,False,False
1.409,-0.341,-0.287,1.480,-0.269,-1.033,False,True,False,False,False,False,True,False,False,False,False,True
-0.404,-0.341,-0.287,-0.291,-0.269,-0.504,False,False,True,False,False,False,False,False,False,True,False,False
-0.404,-0.341,-0.287,-0.291,-0.269,-0.502,False,False,True,False,False,False,False,False,False,True,False,False
-1.031,-0.341,-0.287,-0.291,-0.269,-0.502,False,False,True,False,False,False,False,False,False,True,False,False
-0.543,0.827,-0.287,-0.291,-0.269,-0.504,False,False,False,False,False,False,False,False,False,True,False,True
-0.752,-0.341,-0.287,-0.291,0.460,-0.500,False,False,False,False,False,False,False,False,False,True,False,False
-0.125,0.746,-0.287,-0.291,-0.269,-0.358,False,False,False,False,False,False,False,False,True,False,False,True
-0.683,0.752,-0.248,-0.279,-0.269,-0.350,False,False,False,False,False,False,False,False,True,False,False,False
-0.474,0.605,-0.287,-0.291,-0.106,-0.498,False,False,False,False,False,False,False,False,False,True,False,False
-0.822,0.775,-0.287,-0.287,-0.269,-0.348,False,False,False,False,False,False,False,False,True,False,False,False
-1.101,-0.341,-0.286,0.513,-0.114,-0.346,False,False,False,False,False,False,False,False,True,False,False,False
-0.195,-0.341,0.000,-0.291,0.525,-0.925,False,False,False,False,False,False,False,True,False,False,False,False
-0.125,1.257,-0.287,-0.219,-0.269,-1.031,False,True,False,False,False,False,True,False,False,False,False,True
-0.892,-0.341,-0.287,-0.291,-0.269,-0.356,False,True,True,False,False,False,False,False,True,False,False,True
-0.613,1.397,-0.287,-0.291,-0.266,-0.344,False,True,False,False,False,False,False,False,True,False,False,False
-0.613,-0.227,-0.287,-0.291,-0.269,-0.923,False,False,False,False,False,False,False,True,False,False,False,False
-0.404,0.305,-0.287,0.315,-0.269,-0.923,False,False,False,False,False,False,False,True,False,False,False,False
2.246,-0.338,-0.287,-0.262,-0.244,-0.500,False,False,False,False,False,False,False,False,False,True,False,True
-0.125,-0.341,-0.287,-0.291,-0.269,-0.342,False,True,True,False,False,False,False,False,True,False,False,False
-1.798,-0.341,-0.287,-0.291,-0.269,-0.342,False,True,False,False,False,False,False,False,True,False,False,False
-1.729,-0.341,-0.287,-0.291,-0.269,-0.342,False,True,False,False,False,False,False,False,True,False,False,False
-1.101,-0.341,-0.287,-0.291,-0.269,-0.498,False,False,True,False,False,False,False,False,False,True,False,True
-0.683,-0.341,-0.287,-0.291,-0.269,-0.354,False,True,True,False,False,False,False,False,True,False,False,True
-0.752,-0.341,-0.287,0.878,-0.269,-0.340,False,False,False,False,False,False,False,False,True,False,False,False
2.595,-0.341,-0.287,2.404,-0.269,-0.921,False,False,False,False,False,False,False,True,False,False,False,False
0.712,-0.341,-0.287,-0.291,-0.269,-0.352,False,True,True,False,False,False,False,False,True,False,False,True
-0.543,-0.341,0.611,-0.291,-0.269,-0.350,False,False,False,False,False,False,False,False,True,False,False,True
-1.519,-0.341,-0.287,-0.291,-0.269,-0.496,False,False,True,False,False,False,False,False,False,True,False,True
1.897,-0.341,-0.287,-0.291,-0.269,-0.334,False,False,True,False,False,False,False,False,True,False,False,True
-0.962,-0.341,0.309,-0.077,-0.269,-0.338,False,False,False,False,False,False,False,False,True,False,False,False
-0.125,1.397,-0.287,-0.212,-0.176,-0.871,False,True,False,False,False,False,False,True,False,False,False,True
-1.101,0.537,-0.146,-0.189,-0.263,-0.348,False,False,False,False,False,False,False,False,True,False,False,True
-0.752,-0.341,-0.287,-0.291,-0.269,-1.002,True,False,True,False,True,False,False,False,False,False,False,True
0.642,-0.341,-0.287,-0.291,-0.269,-0.494,False,False,True,False,False,False,False,False,False,True,False,False
1.130,2.900,-0.287,-0.291,-0.269,-0.336,False,False,False,False,False,False,False,False,True,False,False,False
-0.543,-0.341,-0.287,-0.291,-0.000,-0.492,False,False,True,False,False,False,False,False,False,True,False,False
-0.683,-0.222,-0.287,-0.291,-0.269,-0.490,False,False,False,False,False,False,False,False,False,True,False,False
1.409,0.646,-0.272,-0.291,-0.267,-0.346,False,False,False,False,False,False,False,False,True,False,False,True
-0.543,-0.341,0.227,-0.291,-0.269,-0.342,False,False,False,False,False,False,False,False,True,False,False,True
-0.752,-0.341,-0.035,3.102,-0.269,-0.340,False,False,False,False,False,False,False,False,True,False,False,True
0.991,-0.341,-0.287,-0.291,-0.269,-0.330,False,True,True,False,False,False,False,False,True,False,False,False
-0.125,-0.341,-0.287,-0.291,-0.269,-0.338,False,True,True,False,False,False,False,False,True,False,False,True
-2.008,-0.341,-0.287,-0.291,-0.269,-0.338,False,True,False,False,False,False,False,False,True,False,False,True
-0.125,-0.341,-0.287,-0.281,-0.250,-0.488,False,False,False,False,False,False,False,False,False,True,False,False
-0.543,-0.341,-0.287,-0.291,-0.269,-1.053,True,False,True,False,True,False,False,False,False,False,False,False
-0.613,-0.283,-0.149,0.538,-0.000,-0.326,False,False,False,False,False,False,False,False,True,False,False,False
0.433,-0.341,-0.287,-0.291,-0.269,-0.334,False,True,True,False,False,False,False,False,True,False,False,True
-0.613,-0.019,-0.287,1.368,-0.258,-0.334,False,True,False,False,False,False,False,False,True,False,False,True
-0.334,0.248,-0.287,-0.279,-0.269,-0.323,False,False,False,False,False,False,False,False,True,False,False,False
0.851,-0.338,-0.287,0.632,-0.209,-0.484,False,False,False,False,False,False,False,False,False,True,False,False
-0.404,-0.341,0.198,-0.291,-0.269,-0.492,False,False,False,False,False,False,False,False,False,True,False,True
-0.125,-0.341,-0.287,-0.291,-0.269,-0.482,False,False,True,False,False,False,False,False,False,True,False,False
2.037,-0.341,-0.287,-0.291,-0.269,-0.490,False,False,True,False,False,False,False,False,False,True,False,True
1.688,-0.341,-0.287,-0.291,-0.269,-0.319,False,True,True,False,False,False,False,False,True,False,False,False
0.084,0.322,1.961,-0.291,-0.021,-1.019,True,False,False,False,False,True,False,False,False,False,False,True
-0.334,-0.339,-0.287,-0.291,-0.051,-0.332,False,False,False,False,False,False,False,False,True,False,False,True
0.154,-0.271,0.926,-0.291,0.838,-1.051,True,False,False,False,True,False,False,False,False,False,False,False
1.200,0.580,-0.287,-0.222,-0.048,-0.330,False,True,False,False,False,False,False,False,True,False,False,True
-0.613,1.081,-0.250,-0.239,-0.269,-0.330,False,True,False,False,False,False,False,False,True,False,False,True
-0.613,-0.341,-0.287,-0.291,-0.269,-0.486,False,False,True,False,False,False,False,False,False,True,False,True
0.084,-0.341,-0.139,-0.291,-0.269,-0.315,False,False,False,False,False,False,False,False,True,False,False,False
-0.334,-0.341,-0.023,-0.291,-0.213,-0.313,False,False,False,False,False,False,False,False,True,False,False,False
0.363,-0.341,-0.287,-0.291,-0.269,-0.478,False,False,False,False,False,False,False,False,False,True,False,False
-0.613,2.312,-0.287,0.456,-0.202,-0.328,False,False,False,False,False,False,False,False,True,False,False,True
1.340,-0.341,-0.287,-0.291,-0.269,-0.326,False,True,True,False,False,False,False,False,True,False,False,True
-0.264,-0.341,-0.287,0.745,-0.207,-0.311,False,False,False,False,False,False,False,False,True,False,False,False
0.991,-0.341,-0.287,-0.291,-0.269,-0.482,False,False,True,False,False,False,False,False,False,True,False,True
-0.125,-0.341,-0.112,-0.092,-0.265,-0.309,False,False,False,False,False,False,False,False,True,False,False,False
1.270,0.000,-0.267,-0.291,1.002,-1.049,True,False,False,False,True,False,False,False,False,False,False,False
-0.195,-0.301,2.590,-0.291,-0.269,-1.049,True,False,False,False,True,False,False,False,False,False,False,False
0.572,-0.341,-0.287,-0.291,-0.269,-1.049,True,False,True,False,True,False,False,False,False,False,False,False
0.921,-0.341,0.453,-0.291,-0.019,-1.049,True,False,False,False,True,False,False,False,False,False,False,False
2.246,-0.341,0.123,1.219,-0.209,-0.869,False,False,False,False,False,False,False,True,False,False,False,True
0.015,1.847,0.408,-0.212,-0.269,-0.305,False,True,False,False,False,False,False,False,True,False,False,False
0.224,-0.341,0.947,-0.269,-0.000,-1.029,True,False,False,False,False,False,True,False,False,False,False,True
1.549,2.192,-0.287,-0.262,-0.269,-0.303,False,True,False,False,False,False,False,False,True,False,False,False
0.991,2.720,-0.287,0.647,-0.269,-1.027,False,True,False,False,False,False,True,False,False,False,False,True
-0.264,-0.341,-0.287,-0.291,-0.269,-1.000,True,False,True,False,True,False,False,False,False,False,False,True
0.154,-0.341,-0.287,0.022,-0.269,-0.867,False,False,False,False,False,False,False,True,False,False,False,True
-1.101,-0.341,-0.279,1.144,-0.205,-0.325,False,False,False,False,False,False,False,False,True,False,False,True
-0.613,0.487,-0.287,0.091,-0.269,-0.478,False,False,False,False,False,False,False,False,False,True,False,True
0.015,1.715,-0.275,-0.291,-0.269,-0.323,False,False,False,False,False,False,False,False,True,False,False,True
-0.892,-0.341,-0.287,-0.291,-0.269,-0.476,False,False,True,False,False,False,False,False,False,True,False,True
-0.962,-0.341,1.185,-0.291,-0.269,-0.321,False,False,False,False,False,False,False,False,True,False,False,True
1.479,-0.341,-0.284,-0.291,-0.269,-0.299,False,False,False,False,False,False,False,False,True,False,False,False
0.851,-0.341,18.412,-0.291,-0.264,-1.124,True,False,False,True,False,False,False,False,False,False,False,True
0.991,-0.338,1.111,-0.236,-0.094,-1.124,True,False,False,False,False,False,False,False,False,False,False,True
0.224,-0.341,-0.287,-0.291,-0.269,-1.124,True,False,True,False,False,False,False,False,False,False,False,True
0.503,-0.341,1.724,-0.291,-0.205,-1.124,True,False,False,False,False,False,False,False,False,False,False,True
-0.752,-0.341,-0.287,-0.291,-0.269,-0.334,False,False,True,False,False,False,False,False,True,False,False,True
1.270,-0.341,-0.287,1.182,-0.267,-0.473,False,False,False,False,False,False,False,False,False,True,False,True
0.015,-0.341,-0.287,-0.291,-0.269,-0.476,False,False,True,False,False,False,False,False,False,True,False,False
-0.125,-0.341,-0.233,-0.291,0.234,-0.471,False,False,False,False,False,False,False,False,False,True,False,True
-1.031,-0.341,0.089,-0.291,-0.269,-0.319,False,False,False,False,False,False,False,False,True,False,False,True
-0.264,-0.341,-0.287,-0.291,-0.269,-0.475,False,False,True,False,False,False,False,False,False,True,False,False
2.386,1.436,-0.287,-0.289,-0.269,-0.865,False,True,False,False,False,False,False,True,False,False,False,True
-0.474,-0.268,-0.081,0.014,-0.133,-0.315,False,False,False,False,False,False,False,False,True,False,False,True
0.224,-0.338,-0.026,-0.247,-0.269,-0.863,False,True,False,False,False,False,False,True,False,False,False,True
0.154,-0.341,-0.279,0.832,-0.266,-0.313,False,False,False,False,False,False,False,False,True,False,False,True
-0.334,-0.341,0.478,-0.291,-0.269,-0.313,False,False,False,False,False,False,False,False,True,False,False,True
0.712,-0.327,-0.276,-0.291,0.506,-0.469,False,False,False,False,False,False,False,False,False,True,False,False
-0.613,-0.341,-0.287,-0.291,-0.269,-0.293,False,True,True,False,False,False,False,False,True,False,False,False
-0.613,-0.341,-0.287,-0.291,-0.269,-0.293,False,True,True,False,False,False,False,False,True,False,False,False
-0.683,-0.341,-0.287,-0.291,-0.269,-0.913,False,True,False,False,False,False,False,True,False,False,False,False
-0.613,0.496,-0.282,1.966,-0.000,-0.913,False,True,False,False,False,False,False,True,False,False,False,False
0.154,-0.309,-0.287,1.435,-0.000,-1.047,False,True,False,False,False,False,True,False,False,False,False,False
-0.822,-0.341,-0.287,-0.291,-0.269,-0.293,False,True,True,False,False,False,False,False,True,False,False,False
-0.334,3.507,-0.287,-0.189,-0.269,-0.293,False,True,False,False,False,False,False,False,True,False,False,False
-0.125,-0.033,0.051,-0.291,-0.269,-0.291,False,False,False,False,False,False,False,False,True,False,False,False
-0.055,-0.341,-0.186,0.950,-0.182,-1.013,True,False,False,False,False,True,False,False,False,False,False,True
0.851,-0.341,-0.287,-0.291,-0.269,-1.013,True,False,True,False,False,True,False,False,False,False,False,True
-0.264,-0.341,-0.287,-0.291,-0.269,-1.122,True,False,True,False,False,False,False,False,False,False,False,True
-0.195,-0.200,-0.287,0.494,-0.269,-0.311,False,False,False,False,False,False,False,False,True,False,False,True
-0.125,0.395,0.408,1.251,-0.268,-0.287,False,False,False,False,False,False,False,False,True,False,False,False
-0.474,-0.283,0.016,-0.157,-0.162,-0.463,False,False,False,False,False,False,False,False,False,True,False,False
2.316,0.144,0.452,0.975,-0.194,-1.120,True,False,False,False,False,False,False,False,False,False,False,True
2.037,-0.338,-0.287,-0.267,0.748,-1.120,True,False,False,False,False,False,False,False,False,False,False,True
0.572,-0.341,0.571,-0.291,0.578,-0.461,False,False,False,False,False,False,False,False,False,True,False,False
1.758,0.722,-0.267,-0.005,-0.269,-0.469,False,False,False,False,False,False,False,False,False,True,False,True
-0.195,-0.341,-0.281,-0.291,-0.268,-0.279,False,False,False,False,False,False,False,False,True,False,False,False
1.061,-0.341,-0.287,-0.291,-0.269,-1.029,True,False,True,False,False,True,False,False,False,False,False,False
0.363,-0.341,-0.287,-0.291,-0.269,-1.029,True,False,True,False,False,True,False,False,False,False,False,False
1.270,-0.341,-0.287,-0.291,-0.269,-0.467,False,False,True,False,False,False,False,False,False,True,False,True
-0.125,-0.341,1.808,0.000,0.308,-1.027,True,False,False,True,False,True,False,False,False,False,False,False
-0.474,-0.341,-0.287,-0.291,-0.269,-1.047,True,False,True,False,True,False,False,False,False,False,False,False
1.200,0.000,-0.287,-0.291,-0.269,-0.459,False,False,True,False,False,False,False,False,False,True,False,False
0.015,-0.341,-0.287,1.191,-0.269,-0.307,False,False,False,False,False,False,False,False,True,False,False,True
0.991,0.395,-0.285,-0.063,-0.269,-0.457,False,False,False,False,False,False,False,False,False,True,False,False
0.921,-0.341,-0.287,-0.237,-0.269,-0.277,False,False,False,False,False,False,False,False,True,False,False,False
0.712,-0.341,-0.287,-0.269,0.497,-0.305,False,False,False,False,False,False,False,False,True,False,False,True
0.084,0.593,-0.287,0.019,0.150,-0.275,False,True,False,False,False,False,False,False,True,False,False,False
0.991,3.173,-0.287,0.792,-0.269,-0.859,False,True,False,False,False,False,False,True,False,False,False,True
-0.683,-0.341,-0.287,-0.291,-0.269,-0.455,False,False,True,False,False,False,False,False,False,True,False,False
-0.195,-0.341,-0.287,-0.291,-0.269,-0.273,False,True,True,False,False,False,False,False,True,False,False,False
1.200,-0.081,-0.287,1.813,-0.269,-0.271,False,True,False,False,False,False,False,False,True,False,False,False
-1.798,-0.341,-0.287,-0.291,-0.269,-0.453,False,False,False,False,False,False,False,False,False,True,False,False
-0.543,-0.341,-0.287,-0.291,-0.269,-0.334,False,False,True,False,False,False,False,False,True,False,False,True
-1.938,-0.341,-0.287,-0.291,-0.269,-0.453,False,False,False,False,False,False,False,False,False,True,False,False
-0.474,-0.341,-0.287,-0.291,0.418,-0.857,False,False,False,False,False,False,False,True,False,False,False,True
-0.125,-0.341,-0.287,-0.291,-0.269,-1.021,True,False,True,False,False,True,False,False,False,False,False,False
-0.055,-0.341,-0.287,-0.291,-0.269,-1.021,True,False,True,False,False,True,False,False,False,False,False,False
0.503,0.025,-0.287,0.831,-0.269,-0.269,False,True,False,False,False,False,False,False,True,False,False,False
-0.683,-0.301,-0.091,0.496,-0.269,-0.463,False,False,False,False,False,False,False,False,False,True,False,True
-0.752,-0.341,-0.287,0.000,-0.269,-1.019,True,False,True,False,False,True,False,False,False,False,False,False
1.270,-0.341,-0.200,0.000,3.234,-0.998,True,False,False,False,True,False,False,False,False,False,False,True
-0.752,-0.310,0.380,-0.291,10.005,-0.996,True,False,False,False,True,False,False,False,False,False,False,True
-1.589,-0.341,-0.287,-0.291,-0.269,-0.909,False,False,False,False,False,False,False,True,False,False,False,False
-0.613,-0.341,0.054,-0.289,0.065,-0.267,False,False,False,False,False,False,False,False,True,False,False,False
-0.752,0.057,-0.098,1.596,-0.269,-0.263,False,True,False,False,False,False,False,False,True,False,False,False
0.572,-0.341,-0.287,-0.291,-0.000,-0.261,False,False,False,False,False,False,False,False,True,False,False,False
-0.474,-0.322,0.181,1.052,-0.269,-0.855,False,False,False,False,False,False,False,True,False,False,False,True
0.572,-0.310,-0.287,3.993,-0.269,-0.259,False,True,False,False,False,False,False,False,True,False,False,False
-1.589,-0.341,-0.287,-0.291,-0.269,-0.457,False,False,False,False,False,False,False,False,False,True,False,True
0.503,-0.336,-0.287,0.437,-0.025,-0.457,False,False,False,False,False,False,False,False,False,True,False,True
1.200,0.305,-0.264,-0.291,0.232,-0.299,False,False,False,False,False,False,False,False,True,False,False,True
3.222,-0.341,-0.287,1.758,1.292,-0.257,False,False,False,False,False,False,False,False,True,False,False,False
0.572,-0.341,-0.282,-0.174,-0.041,-0.257,False,False,False,False,False,False,False,False,True,False,False,False
-0.474,-0.341,-0.287,0.000,-0.269,-0.449,False,False,True,False,False,False,False,False,False,True,False,False
0.294,0.069,-0.029,-0.289,-0.265,-0.255,False,False,False,False,False,False,False,False,True,False,False,False
0.433,-0.077,-0.287,0.347,-0.214,-0.293,False,True,False,False,False,False,False,False,True,False,False,True
-0.683,-0.341,0.000,-0.291,6.963,-1.017,True,False,False,False,False,True,False,False,False,False,False,False
0.363,-0.341,-0.274,0.000,3.056,-1.017,True,False,False,False,False,True,False,False,False,False,False,False
-0.404,1.190,-0.287,-0.236,-0.269,-0.291,False,False,False,False,False,False,False,False,True,False,False,True
0.572,1.945,0.000,-0.291,-0.269,-0.453,False,False,False,False,False,False,False,False,False,True,False,True
-0.334,1.732,-0.287,-0.289,-0.269,-0.291,False,False,False,False,False,False,False,False,True,False,False,True
1.758,-0.341,1.833,-0.291,-0.239,-1.142,True,False,False,True,False,False,False,False,False,False,False,False
1.618,1.747,-0.287,-0.237,-0.269,-0.253,False,True,False,False,False,False,False,False,True,False,False,False
2.176,-0.341,-0.287,-0.291,-0.269,-0.451,False,False,True,False,False,False,False,False,False,True,False,True
-1.938,-0.341,-0.287,-0.291,-0.269,-1.015,True,False,False,False,False,True,False,False,False,False,False,False
-0.125,-0.341,-0.287,-0.291,-0.269,-1.015,True,False,False,False,False,True,False,False,False,False,False,False
-0.474,-0.341,-0.101,-0.286,2.311,-1.015,True,False,False,False,False,True,False,False,False,False,False,False
-0.125,-0.341,7.288,-0.291,-0.269,-1.015,True,False,False,False,False,True,False,False,False,False,False,False
1.340,-0.341,-0.287,-0.291,-0.269,-1.015,True,False,True,False,False,True,False,False,False,False,False,False
1.270,1.660,-0.019,-0.284,-0.269,-1.015,True,False,False,False,False,True,False,False,False,False,False,False
-0.264,-0.341,-0.287,-0.291,-0.269,-1.025,True,False,True,False,False,False,True,False,False,False,False,True
1.409,-0.327,1.234,-0.132,-0.121,-1.025,True,False,False,False,False,False,True,False,False,False,False,True
0.294,-0.341,0.975,-0.289,-0.265,-1.025,True,False,False,False,False,False,True,False,False,False,False,True
2.664,-0.341,2.670,-0.291,-0.264,-1.025,True,False,False,False,False,False,True,False,False,False,False,True
-1.659,-0.341,-0.287,-0.291,-0.269,-0.445,False,False,True,False,False,False,False,False,False,True,False,False
2.176,-0.341,-0.287,-0.291,-0.269,-1.043,True,False,True,False,False,False,True,False,False,False,False,False
1.897,-0.341,-0.287,-0.291,-0.269,-1.043,True,False,True,False,False,False,True,False,False,False,False,False
2.107,-0.341,1.099,-0.291,-0.259,-1.043,True,False,False,False,False,False,True,False,False,False,False,False
1.061,-0.341,-0.287,-0.291,-0.269,-1.043,True,False,True,False,False,False,True,False,False,False,False,False
0.294,-0.341,0.191,-0.289,-0.195,-0.443,False,False,False,False,False,False,False,False,False,True,False,False
-0.055,-0.341,-0.287,0.000,-0.269,-0.449,False,False,True,False,False,False,False,False,False,True,False,True
0.015,1.729,-0.287,1.033,-0.269,-0.251,False,True,False,False,False,False,False,False,True,False,False,False
-1.101,-0.341,-0.287,-0.291,-0.269,-0.447,False,False,True,False,False,False,False,False,False,True,False,True
0.363,-0.341,-0.287,-0.291,-0.269,-1.045,True,False,True,False,True,False,False,False,False,False,False,False
1.130,-0.341,-0.287,-0.291,-0.269,-0.445,False,False,True,False,False,False,False,False,False,True,False,True
0.712,-0.341,-0.003,-0.291,-0.269,-0.443,False,False,False,False,False,False,False,False,False,True,False,True
-0.752,-0.147,-0.264,0.757,-0.265,-0.250,False,False,False,False,False,False,False,False,True,False,False,False
1.967,-0.341,-0.287,-0.291,-0.269,-0.441,False,False,True,False,False,False,False,False,False,True,False,False
-0.125,-0.341,0.189,-0.291,-0.249,-0.289,False,False,False,False,False,False,False,False,True,False,False,True
-0.264,-0.341,-0.287,-0.291,-0.269,-0.441,False,False,True,False,False,False,False,False,False,True,False,True
-0.474,-0.341,-0.287,-0.291,-0.269,-0.439,False,False,True,False,False,False,False,False,False,True,False,True
0.224,-0.341,2.288,0.359,-0.267,-1.043,True,False,False,False,True,False,False,False,False,False,False,False
0.015,-0.341,0.000,-0.291,-0.269,-0.246,False,True,True,False,False,False,False,False,True,False,False,False
-0.543,0.502,-0.287,-0.257,-0.269,-0.283,False,False,False,False,False,False,False,False,True,False,False,True
-0.892,-0.341,-0.287,-0.291,-0.269,-0.907,False,True,False,False,False,False,False,True,False,False,False,False
1.130,-0.341,-0.287,-0.291,-0.269,-1.118,True,False,True,False,False,False,False,False,False,False,False,True
1.061,1.795,0.283,-0.262,3.068,-1.118,True,False,False,True,False,False,False,False,False,False,False,True
-0.125,-0.341,-0.287,-0.291,-0.269,-0.435,False,False,True,False,False,False,False,False,False,True,False,False
-0.195,-0.319,-0.287,-0.291,-0.269,-0.242,False,False,False,False,False,False,False,False,True,False,False,False
1.200,1.615,-0.287,-0.195,-0.269,-0.240,False,True,False,False,False,False,False,False,True,False,False,False
-0.334,-0.341,-0.287,0.794,-0.269,-0.281,False,False,False,False,False,False,False,False,True,False,False,True
-0.962,-0.341,0.205,-0.291,-0.269,-0.279,False,False,False,False,False,False,False,False,True,False,False,True
1.688,-0.341,0.000,-0.291,-0.269,-0.431,False,False,True,False,False,False,False,False,False,True,False,True
-0.055,0.589,-0.274,-0.291,-0.269,-0.236,False,False,False,False,False,False,False,False,True,False,False,False
-1.241,-0.341,-0.287,-0.291,-0.269,-0.433,False,False,True,False,False,False,False,False,False,True,False,False
-1.519,-0.341,-0.287,-0.291,-0.269,-0.433,False,False,True,False,False,False,False,False,False,True,False,False
-2.008,-0.341,-0.287,-0.291,-0.269,-0.433,False,False,True,False,False,False,False,False,False,True,False,False
-0.962,-0.341,-0.287,-0.291,-0.269,-0.433,False,False,True,False,False,False,False,False,False,True,False,False
0.154,-0.339,0.000,-0.287,-0.269,-0.433,False,False,False,False,False,False,False,False,False,True,False,False
-1.380,0.000,-0.287,-0.291,-0.269,-0.433,False,False,False,False,False,False,False,False,False,True,False,False
1.061,-0.341,0.480,-0.160,0.824,-1.023,True,False,False,True,False,False,True,False,False,False,False,True
0.433,-0.341,0.166,-0.291,-0.106,-0.429,False,False,False,False,False,False,False,False,False,True,False,True
0.084,-0.300,3.107,-0.147,-0.269,-0.427,False,False,False,False,False,False,False,False,False,True,False,True
-1.101,0.993,-0.287,-0.291,-0.269,-0.275,False,False,False,False,False,False,False,False,True,False,False,True
1.130,0.831,-0.236,-0.291,-0.269,-1.019,False,True,False,True,False,False,True,False,False,False,False,True
-1.729,-0.341,0.000,-0.291,-0.269,-1.019,False,True,True,False,False,False,True,False,False,False,False,True
-0.543,-0.341,0.000,-0.291,-0.269,-1.019,False,True,True,False,False,False,True,False,False,False,False,True
-0.613,-0.341,-0.031,1.373,-0.269,-0.903,False,False,False,False,False,False,False,True,False,False,False,False
-0.334,-0.341,-0.287,-0.291,-0.269,-0.429,False,False,True,False,False,False,False,False,False,True,False,False
-1.798,-0.341,-0.287,-0.291,-0.269,-0.427,False,False,True,False,False,False,False,False,False,True,False,False
0.015,-0.341,-0.287,1.035,-0.269,-0.228,False,False,False,False,False,False,False,False,True,False,False,False
-0.055,3.322,5.311,-0.222,0.139,-1.009,True,False,False,False,False,True,False,False,False,False,False,True
1.061,-0.341,-0.285,-0.281,-0.240,-0.425,False,False,False,False,False,False,False,False,False,True,False,False
1.479,-0.341,-0.287,0.000,-0.269,-1.037,True,False,True,False,False,False,True,False,False,False,False,False
0.433,-0.341,-0.287,-0.291,-0.269,-0.226,False,True,True,False,False,False,False,False,True,False,False,False
-0.683,-0.341,-0.287,-0.289,-0.269,-0.224,False,False,False,False,False,False,False,False,True,False,False,False
-0.474,0.537,-0.287,0.156,-0.174,-0.899,False,True,False,False,False,False,False,True,False,False,False,False
0.084,-0.336,-0.287,1.182,-0.234,-0.222,False,False,False,False,False,False,False,False,True,False,False,False
0.503,-0.341,2.696,-0.291,-0.184,-1.017,True,False,False,False,False,False,True,False,False,False,False,True
-0.613,0.363,-0.287,2.106,-0.269,-0.850,False,True,False,False,False,False,False,True,False,False,False,True
-0.474,-0.341,-0.287,0.812,-0.269,-0.421,False,False,False,False,False,False,False,False,False,True,False,False
-0.474,-0.341,-0.268,-0.291,0.325,-0.271,False,False,False,False,False,False,False,False,True,False,False,True
0.224,-0.341,-0.287,-0.291,-0.269,-1.013,True,False,True,False,False,True,False,False,False,False,False,False
0.433,-0.047,-0.287,0.844,-0.269,-0.216,False,False,False,False,False,False,False,False,True,False,False,False
0.851,-0.341,-0.267,-0.291,-0.269,-0.214,False,False,False,False,False,False,False,False,True,False,False,False
1.967,-0.341,-0.287,-0.291,-0.269,-0.421,False,False,True,False,False,False,False,False,False,True,False,True
-1.798,-0.341,-0.287,-0.291,-0.269,-0.421,False,False,True,False,False,False,False,False,False,True,False,True
-1.241,-0.341,-0.287,-0.291,-0.269,-0.421,False,False,False,False,False,False,False,False,False,True,False,True
-1.729,-0.341,-0.287,-0.291,-0.269,-0.421,False,False,False,False,False,False,False,False,False,True,False,True
-0.822,-0.341,-0.287,-0.291,-0.269,-0.421,False,False,True,False,False,False,False,False,False,True,False,True
0.084,-0.341,-0.287,-0.291,-0.269,-0.421,False,False,False,False,False,False,False,False,False,True,False,True
-1.241,-0.341,-0.287,-0.291,-0.269,-0.334,False,False,True,False,False,False,False,False,True,False,False,True
-0.404,2.347,-0.287,-0.160,-0.266,-0.267,False,True,False,False,False,False,False,False,True,False,False,True
2.037,0.000,-0.036,-0.291,0.163,-0.897,False,False,False,False,False,False,False,True,False,False,False,False
-0.474,-0.341,-0.258,-0.291,-0.269,-0.419,False,False,False,False,False,False,False,False,False,True,False,True
-0.334,-0.341,-0.287,0.000,3.367,-0.417,False,False,False,False,False,False,False,False,False,True,False,False
-0.613,0.824,-0.275,-0.291,-0.269,-0.895,False,False,False,False,False,False,False,True,False,False,False,False
0.572,-0.341,-0.287,-0.291,-0.269,-0.415,False,False,True,False,False,False,False,False,False,True,False,False
1.409,0.739,-0.287,-0.291,-0.000,-0.413,False,False,False,False,False,False,False,False,False,True,False,False
1.200,-0.341,0.062,-0.291,0.420,-0.846,False,False,False,False,False,False,False,True,False,False,False,True
0.084,0.954,-0.287,-0.241,-0.269,-0.415,False,False,False,False,False,False,False,False,False,True,False,True
0.503,-0.341,0.221,-0.291,-0.269,-0.413,False,False,False,False,False,False,False,False,False,True,False,True
-0.543,-0.341,0.202,-0.217,-0.265,-0.210,False,False,False,False,False,False,False,False,True,False,False,False
-0.264,0.954,-0.287,0.243,-0.269,-0.844,False,True,False,True,False,False,False,True,False,False,False,True
0.921,-0.341,-0.287,-0.291,-0.269,-0.411,False,False,True,False,False,False,False,False,False,True,False,False
-1.101,-0.341,-0.287,0.000,-0.269,-0.409,False,False,True,False,False,False,False,False,False,True,False,False
-0.264,-0.330,-0.287,-0.291,-0.269,-0.411,False,False,False,False,False,False,False,False,False,True,False,True
0.015,-0.341,0.054,-0.279,1.108,-1.007,True,False,False,False,False,True,False,False,False,False,False,True
-0.822,-0.341,-0.287,-0.291,-0.269,-1.007,True,False,True,False,False,True,False,False,False,False,False,True
0.503,0.915,3.196,-0.073,0.764,-1.007,True,False,False,False,False,True,False,False,False,False,False,True
1.061,-0.341,-0.287,-0.291,-0.269,-1.007,False,False,True,False,False,True,False,False,False,False,False,True
-0.752,-0.341,-0.287,-0.291,-0.269,-0.259,False,True,True,False,False,False,False,False,True,False,False,True
-0.474,0.102,-0.040,-0.291,-0.266,-0.206,False,False,False,False,False,False,False,False,True,False,False,False
-0.474,-0.341,-0.287,-0.291,-0.269,-0.407,False,False,True,False,False,False,False,False,False,True,False,False
0.991,-0.341,-0.287,0.000,-0.269,-0.405,False,False,True,False,False,False,False,False,False,True,False,False
0.015,-0.312,1.039,-0.262,-0.269,-0.204,False,False,False,False,False,False,False,False,True,False,False,False
-0.334,-0.341,-0.287,-0.291,-0.269,-0.403,False,False,True,False,False,False,False,False,False,True,False,False
-0.752,-0.341,-0.287,-0.291,-0.269,-0.407,False,False,True,False,False,False,False,False,False,True,False,True
0.921,-0.341,0.860,-0.287,1.890,-1.175,True,False,False,False,False,False,False,False,False,False,True,False
0.991,-0.327,-0.287,1.515,0.374,-0.405,False,False,False,False,False,False,False,False,False,True,False,True
0.224,-0.324,-0.268,-0.291,-0.261,-0.401,False,False,False,False,False,False,False,False,False,True,False,False
-0.962,-0.341,-0.287,-0.291,-0.269,-0.400,False,False,True,False,False,False,False,False,False,True,False,False
-0.474,-0.341,-0.287,-0.291,-0.269,-0.891,False,True,False,False,False,False,False,True,False,False,False,False
-0.613,-0.341,-0.287,-0.291,-0.269,-0.398,False,False,True,False,False,False,False,False,False,True,False,False
0.363,-0.289,-0.147,2.319,-0.269,-0.401,False,False,False,False,False,False,False,False,False,True,False,True
2.874,-0.341,-0.287,-0.291,-0.269,-0.257,False,True,True,False,False,False,False,False,True,False,False,True
-0.752,-0.341,-0.287,-0.291,-0.269,-0.257,False,True,True,False,False,False,False,False,True,False,False,True
-0.195,-0.341,-0.287,-0.291,-0.269,-0.992,True,False,True,False,True,False,False,False,False,False,False,True
-0.822,-0.171,-0.252,0.265,0.266,-0.196,False,False,False,False,False,False,False,False,True,False,False,False
-1.101,-0.341,-0.286,-0.291,-0.085,-0.194,False,False,False,False,False,False,False,False,True,False,False,False
-0.683,-0.341,-0.287,-0.159,-0.269,-0.192,False,False,False,False,False,False,False,False,True,False,False,False
0.224,-0.341,-0.287,-0.291,-0.269,-1.011,True,False,True,False,False,True,False,False,False,False,False,False
0.294,-0.335,-0.287,-0.244,2.164,-0.255,False,False,False,False,False,False,False,False,True,False,False,True
-0.543,0.810,-0.287,-0.291,-0.234,-0.188,False,False,False,False,False,False,False,False,True,False,False,False
-0.404,-0.341,-0.287,-0.291,-0.269,-0.184,False,True,True,False,False,False,False,False,True,False,False,False
-0.334,0.004,0.050,-0.269,-0.269,-0.182,False,False,False,False,False,False,False,False,True,False,False,False
-0.822,-0.341,-0.280,0.534,0.059,-0.253,False,False,False,False,False,False,False,False,True,False,False,True
0.363,-0.341,-0.287,-0.291,-0.269,-0.180,False,True,True,False,False,False,False,False,True,False,False,False
0.154,1.870,-0.023,-0.164,-0.269,-1.035,False,False,False,False,False,False,True,False,False,False,False,False
0.991,-0.331,-0.139,-0.286,-0.221,-0.178,False,False,False,False,False,False,False,False,True,False,False,False
0.991,0.572,-0.285,-0.246,-0.208,-0.842,False,False,False,False,False,False,False,True,False,False,False,True
0.294,-0.341,-0.287,0.816,-0.186,-0.176,False,False,False,False,False,False,False,False,True,False,False,False
-0.055,-0.341,-0.287,-0.291,-0.269,-0.174,False,True,True,False,False,False,False,False,True,False,False,False
-0.125,-0.341,-0.287,-0.291,-0.269,-0.889,False,True,True,False,False,False,False,True,False,False,False,False
-1.519,-0.341,-0.287,-0.291,-0.269,-0.174,False,True,True,False,False,False,False,False,True,False,False,False
-0.892,-0.341,-0.287,-0.291,-0.269,-0.398,False,False,True,False,False,False,False,False,False,True,False,True
0.921,0.457,-0.286,-0.244,-0.000,-0.250,False,False,False,False,False,False,False,False,True,False,False,True
-0.125,-0.341,-0.287,-0.291,-0.269,-0.887,False,True,True,False,False,False,False,True,False,False,False,False
-0.683,-0.341,-0.287,-0.291,0.299,-0.171,False,False,False,False,False,False,False,False,True,False,False,False
0.921,0.499,-0.287,1.664,-0.026,-0.248,False,True,False,False,False,False,False,False,True,False,False,True
-1.101,-0.341,-0.287,-0.291,-0.269,-0.390,False,False,True,False,False,False,False,False,False,True,False,False
-0.892,-0.341,-0.287,-0.291,-0.269,-0.388,False,False,True,False,False,False,False,False,False,True,False,False
-0.543,-0.294,-0.229,0.677,-0.269,-0.169,False,False,False,False,False,False,False,False,True,False,False,False
-0.055,-0.341,-0.287,-0.291,-0.269,-0.384,False,False,True,False,False,False,False,False,False,True,False,False
2.804,-0.341,-0.287,-0.291,-0.269,-0.396,False,False,True,False,False,False,False,False,False,True,False,True
-0.962,-0.341,-0.287,-0.291,-0.269,-0.394,False,False,True,False,False,False,False,False,False,True,False,True
1.340,-0.253,-0.287,-0.271,-0.269,-0.840,False,False,False,False,False,False,False,True,False,False,False,True
0.921,0.000,-0.287,-0.189,-0.269,-0.246,False,False,False,False,False,False,False,False,True,False,False,True
0.921,1.174,-0.287,-0.209,-0.259,-1.013,False,True,False,False,False,False,True,False,False,False,False,True
-0.404,-0.130,-0.287,-0.291,-0.269,-0.392,False,False,False,False,False,False,False,False,False,True,False,True
-0.195,-0.341,0.000,-0.291,-0.000,-0.392,False,False,False,False,False,False,False,False,False,True,False,True
1.130,-0.341,-0.287,0.462,0.052,-0.382,False,False,False,False,False,False,False,False,False,True,False,False
0.084,0.805,-0.285,-0.241,-0.269,-0.836,False,False,False,False,False,False,False,True,False,False,False,True
0.503,-0.341,-0.287,0.000,-0.269,-0.240,False,True,True,False,False,False,False,False,True,False,False,True
-0.125,-0.341,-0.270,-0.291,2.946,-1.009,True,False,False,False,False,True,False,False,False,False,False,False
0.433,-0.341,-0.287,-0.289,0.846,-0.167,False,False,False,False,False,False,False,False,True,False,False,False
-0.543,-0.341,0.000,-0.291,-0.269,-1.007,True,False,True,False,False,True,False,False,False,False,False,False
1.479,-0.341,-0.287,-0.291,-0.269,-1.007,True,False,True,False,False,True,False,False,False,False,False,False
1.618,-0.341,-0.287,-0.291,-0.269,-0.380,False,False,True,False,False,False,False,False,False,True,False,False
-0.543,-0.341,-0.287,-0.291,-0.269,-0.334,False,False,True,False,False,False,False,False,True,False,False,True
0.851,0.693,-0.287,-0.291,-0.254,-0.238,False,False,False,False,False,False,False,False,True,False,False,True
0.433,3.591,-0.165,-0.291,-0.269,-0.236,False,False,False,False,False,False,False,False,True,False,False,True
-0.195,0.496,-0.167,-0.241,-0.268,-0.165,False,False,False,False,False,False,False,False,True,False,False,False
-0.822,0.545,0.176,-0.200,0.279,-0.165,False,False,False,False,False,False,False,False,True,False,False,False
2.804,6.455,-0.287,0.588,0.172,-1.009,False,True,False,False,False,False,True,False,False,False,False,True
-0.125,-0.341,-0.287,-0.291,-0.269,-1.035,True,False,True,False,True,False,False,False,False,False,False,False
-0.264,-0.338,1.445,0.633,0.958,-0.386,False,False,False,False,False,False,False,False,False,True,False,True
-0.125,-0.341,-0.287,-0.291,-0.269,-0.230,False,True,True,False,False,False,False,False,True,False,False,True
-0.264,-0.244,-0.287,-0.291,-0.269,-0.228,False,False,False,False,False,False,False,False,True,False,False,True
0.503,-0.341,-0.287,-0.291,0.277,-0.334,False,False,False,False,False,False,False,False,True,False,False,True
-1.031,-0.116,-0.287,-0.234,-0.269,-0.830,False,False,False,False,False,False,False,True,False,False,False,True
-0.125,-0.341,-0.287,-0.291,-0.269,-1.002,True,False,True,False,False,True,False,False,False,False,False,True
-0.474,0.072,-0.260,-0.291,0.100,-0.382,False,False,False,False,False,False,False,False,False,True,False,True
-0.334,0.983,-0.280,-0.289,-0.266,-0.380,False,False,False,False,False,False,False,False,False,True,False,True
-0.125,0.131,-0.287,0.956,-0.269,-0.159,False,True,False,False,False,False,False,False,True,False,False,False
-1.729,-0.341,-0.287,-0.291,-0.269,-0.159,False,True,False,False,False,False,False,False,True,False,False,False
-0.683,-0.341,-0.279,0.196,-0.267,-0.883,False,False,False,False,False,False,False,True,False,False,False,False
-0.683,-0.341,-0.284,-0.284,-0.059,-0.883,False,False,False,False,False,False,False,True,False,False,False,False
0.642,-0.341,1.284,-0.214,-0.265,-1.140,False,False,False,False,False,False,False,False,False,False,False,False
0.712,-0.341,-0.287,-0.291,-0.269,-1.140,True,False,True,False,False,False,False,False,False,False,False,False
-0.404,-0.286,1.260,-0.291,0.440,-1.140,True,False,False,False,False,False,False,False,False,False,False,False
1.967,-0.341,0.000,-0.291,-0.269,-1.007,True,False,True,False,False,False,True,False,False,False,False,True
-0.752,-0.341,-0.287,-0.291,-0.269,-1.007,True,False,True,False,False,False,True,False,False,False,False,True
0.991,-0.341,-0.282,1.626,-0.269,-0.224,False,False,False,False,False,False,False,False,True,False,False,True
-0.055,-0.289,-0.287,1.956,-0.269,-0.157,False,True,False,False,False,False,False,False,True,False,False,False
0.294,-0.341,5.206,-0.291,3.714,-0.998,True,False,False,False,False,True,False,False,False,False,False,True
0.572,-0.341,-0.287,-0.291,-0.269,-0.998,True,False,True,False,False,True,False,False,False,False,False,True
-0.055,-0.341,-0.253,-0.291,-0.269,-0.334,False,False,False,False,False,False,False,False,True,False,False,True
-0.055,-0.338,1.057,-0.291,4.913,-0.988,True,False,False,True,True,False,False,False,False,False,False,True
-0.752,-0.341,-0.287,-0.291,-0.269,-0.988,True,False,True,False,True,False,False,False,False,False,False,True
0.015,-0.227,-0.277,-0.291,0.178,-0.376,False,False,False,False,False,False,False,False,False,True,False,False
0.015,-0.341,-0.287,-0.291,-0.269,-1.006,True,False,True,False,False,True,False,False,False,False,False,False
-0.055,-0.341,-0.287,-0.291,-0.269,-1.006,True,False,True,False,False,True,False,False,False,False,False,False
-0.334,-0.080,0.199,0.285,-0.269,-0.220,False,False,False,False,False,False,False,False,True,False,False,True
2.107,-0.341,3.104,-0.291,0.733,-1.004,True,False,False,False,False,True,False,False,False,False,False,False
0.991,-0.341,-0.287,-0.291,-0.269,-0.879,False,True,True,False,False,False,False,True,False,False,False,False
-0.613,-0.341,-0.287,-0.291,-0.269,-0.151,False,True,True,False,False,False,False,False,True,False,False,False
-0.404,-0.341,-0.287,0.000,-0.269,-1.033,True,False,True,False,True,False,False,False,False,False,False,False
-0.125,-0.341,-0.287,-0.291,-0.269,-1.031,True,False,True,False,False,False,True,False,False,False,False,False
0.642,-0.341,-0.287,-0.291,-0.269,-1.031,True,False,True,False,True,False,False,False,False,False,False,False
0.642,-0.341,-0.287,-0.291,-0.269,-0.378,False,False,True,False,False,False,False,False,False,True,False,True
1.340,0.628,-0.029,-0.107,-0.269,-0.216,False,True,False,False,False,False,False,False,True,False,False,True
-0.264,2.288,-0.287,0.026,-0.269,-0.214,False,True,False,False,False,False,False,False,True,False,False,True
-0.264,-0.341,-0.287,-0.291,-0.269,-0.374,False,False,True,False,False,False,False,False,False,True,False,False
-0.334,0.777,-0.264,2.525,-0.269,-0.212,False,True,False,False,False,False,False,False,True,False,False,True
2.804,-0.341,-0.287,-0.291,-0.269,-0.212,False,True,True,False,False,False,False,False,True,False,False,True
-0.613,-0.341,0.118,-0.291,0.988,-1.029,True,False,False,False,True,False,False,False,False,False,False,False
-0.752,-0.341,-0.287,-0.291,-0.269,-1.029,True,False,True,False,True,False,False,False,False,False,False,False
-0.055,-0.341,-0.287,-0.291,-0.269,-0.370,False,False,True,False,False,False,False,False,False,True,False,False
-0.404,-0.341,-0.282,0.198,0.039,-0.877,False,False,False,False,False,False,False,True,False,False,False,False
-0.334,0.182,-0.287,0.464,0.245,-0.828,False,True,False,False,False,False,False,True,False,False,False,True
1.061,-0.341,0.642,-0.078,0.840,-1.025,True,False,False,False,True,False,False,False,False,False,False,False
0.015,0.924,-0.287,-0.244,-0.233,-0.875,False,True,False,False,False,False,False,True,False,False,False,False
-1.589,-0.341,-0.287,-0.291,-0.269,-0.986,True,False,False,False,True,False,False,False,False,False,False,True
0.921,-0.278,0.912,-0.291,-0.231,-0.986,True,False,False,False,True,False,False,False,False,False,False,True
3.432,-0.341,-0.287,-0.291,-0.269,-0.368,False,False,True,False,False,False,False,False,False,True,False,False
0.503,0.490,-0.175,-0.251,-0.201,-0.208,False,False,False,False,False,False,False,False,True,False,False,True
0.572,-0.341,-0.225,-0.291,1.021,-0.334,True,False,False,False,False,False,False,False,True,False,False,True
0.851,-0.341,7.747,-0.287,1.067,-1.138,True,False,False,False,False,False,False,False,False,False,False,False
-0.752,0.951,-0.257,-0.291,-0.269,-0.374,False,False,False,False,False,False,False,False,False,True,False,True
2.316,2.180,-0.287,-0.252,-0.258,-0.147,False,True,False,False,False,False,False,False,True,False,False,False
-2.008,-0.341,-0.287,-0.291,-0.269,-0.147,False,True,False,False,False,False,False,False,True,False,False,False
1.828,1.601,-0.287,-0.279,-0.269,-0.147,False,True,False,False,False,False,False,False,True,False,False,False
-0.892,-0.341,-0.287,-0.291,-0.269,-0.366,False,False,True,False,False,False,False,False,False,True,False,False
0.224,0.020,-0.189,-0.286,0.017,-0.145,False,False,False,False,False,False,False,False,True,False,False,False
-0.683,-0.341,0.418,-0.284,-0.269,-0.206,False,False,False,False,False,False,False,False,True,False,False,True
-1.519,-0.341,-0.287,-0.291,-0.000,-0.372,False,False,False,False,False,False,False,False,False,True,False,True
-1.729,-0.341,-0.287,-0.291,-0.269,-0.372,False,False,False,False,False,False,False,False,False,True,False,True
0.084,-0.341,-0.287,-0.291,-0.269,-1.006,True,False,True,False,False,False,True,False,False,False,False,True
-0.334,-0.341,-0.287,-0.291,-0.269,-1.023,True,False,True,False,True,False,False,False,False,False,False,False
0.363,-0.341,-0.287,-0.291,-0.269,-1.023,True,False,True,False,True,False,False,False,False,False,False,False
0.084,-0.341,-0.287,-0.291,-0.269,-0.996,True,False,True,False,False,True,False,False,False,False,False,True
-1.798,-0.341,-0.287,-0.291,-0.269,-0.141,False,True,False,False,False,False,False,False,True,False,False,False
0.224,-0.341,-0.287,-0.291,-0.269,-0.141,False,True,False,False,False,False,False,False,True,False,False,False
1.828,0.270,-0.287,1.253,-0.269,-0.141,False,True,False,False,False,False,False,False,True,False,False,False
-2.008,-0.341,-0.287,-0.291,-0.269,-0.141,False,True,True,False,False,False,False,False,True,False,False,False
1.549,-0.341,0.935,-0.291,-0.235,-0.334,True,False,False,False,False,False,False,False,True,False,False,True
-2.008,-0.341,-0.287,-0.291,-0.269,-0.364,False,False,True,False,False,False,False,False,False,True,False,False
-0.543,0.996,-0.287,-0.291,-0.269,-0.364,False,False,False,False,False,False,False,False,False,True,False,False
-1.868,-0.341,-0.287,-0.291,-0.269,-0.364,False,False,False,False,False,False,False,False,False,True,False,False
-0.683,-0.047,-0.260,-0.291,-0.268,-0.826,False,False,False,False,False,False,False,True,False,False,False,True
-0.334,-0.341,-0.287,-0.291,-0.269,-0.139,False,True,True,False,False,False,False,False,True,False,False,False
-0.613,3.452,-0.287,-0.130,-0.269,-0.139,False,True,False,False,False,False,False,False,True,False,False,False
0.921,-0.338,1.609,-0.291,-0.260,-0.824,True,False,False,False,False,False,False,True,False,False,False,True
-0.822,-0.341,-0.287,-0.291,-0.269,-0.137,False,True,True,False,False,False,False,False,True,False,False,False
0.224,0.566,-0.287,-0.060,0.282,-0.871,False,True,False,False,False,False,False,True,False,False,False,False
-0.055,-0.121,-0.282,0.642,-0.204,-0.360,False,False,False,False,False,False,False,False,False,True,False,False
-0.543,-0.341,-0.287,-0.291,-0.269,-0.994,True,False,True,False,False,True,False,False,False,False,False,True
1.897,-0.341,-0.287,-0.291,-0.269,-0.994,True,False,True,True,False,True,False,False,False,False,False,True
-0.055,-0.341,-0.287,-0.291,-0.269,-1.000,True,False,True,False,False,True,False,False,False,False,False,False
0.921,-0.325,-0.097,-0.271,0.153,-0.198,False,False,False,False,False,False,False,False,True,False,False,True
-0.752,1.407,-0.287,-0.291,-0.097,-0.194,False,False,False,False,False,False,False,False,True,False,False,True
-0.334,-0.312,0.137,-0.291,-0.269,-0.364,False,False,False,False,False,False,False,False,False,True,False,True
-0.613,0.411,-0.275,-0.264,-0.045,-0.869,False,False,False,False,False,False,False,True,False,False,False,False
-0.474,-0.301,-0.287,-0.291,0.378,-0.129,False,False,False,False,False,False,False,False,True,False,False,False
-0.474,-0.192,-0.287,-0.214,-0.269,-0.358,False,False,False,False,False,False,False,False,False,True,False,False
-0.543,-0.341,-0.287,0.000,-0.269,-0.354,False,False,False,False,False,False,False,False,False,True,False,False
-0.055,-0.335,-0.183,0.953,-0.269,-0.350,False,False,False,False,False,False,False,False,False,True,False,False
-0.195,-0.341,-0.287,-0.291,-0.269,-0.998,True,False,True,False,False,True,False,False,False,False,False,False
1.479,-0.341,-0.287,-0.291,-0.269,-0.998,True,False,True,False,False,True,False,False,False,False,False,False
-0.195,-0.341,4.825,-0.291,-0.182,-0.998,True,False,False,False,False,True,False,False,False,False,False,False
0.084,-0.341,0.109,-0.291,1.736,-0.998,True,False,False,True,False,True,False,False,False,False,False,False
0.015,-0.341,-0.287,-0.291,-0.269,-0.998,True,False,True,False,False,True,False,False,False,False,False,False
-1.450,-0.341,-0.287,-0.291,-0.269,-0.348,False,False,False,False,False,False,False,False,False,True,False,False
1.130,0.275,-0.194,0.186,-0.269,-0.348,False,False,False,False,False,False,False,False,False,True,False,False
0.433,-0.341,-0.287,-0.291,-0.269,-0.348,False,False,True,False,False,False,False,False,False,True,False,False
-0.752,-0.327,-0.025,-0.291,-0.263,-0.192,False,False,False,False,False,False,False,False,True,False,False,True
-0.404,-0.341,-0.211,-0.291,-0.156,-0.362,False,False,False,False,False,False,False,False,False,True,False,True
0.015,0.877,-0.287,-0.291,-0.269,-1.029,False,True,False,True,False,False,True,False,False,False,False,False
-0.752,1.330,-0.282,4.108,-0.269,-1.029,False,True,False,False,False,False,True,False,False,False,False,False
-0.055,0.878,-0.286,-0.269,-0.214,-0.346,False,False,False,False,False,False,False,False,False,True,False,False
0.363,-0.341,-0.287,-0.291,-0.269,-0.984,True,False,True,False,True,False,False,False,False,False,False,True
-2.008,-0.341,-0.287,-0.291,-0.269,-0.125,False,True,False,False,False,False,False,False,True,False,False,False
-1.729,-0.341,-0.287,-0.291,-0.269,-0.125,False,True,False,False,False,False,False,False,True,False,False,False
-0.055,1.081,-0.249,-0.291,-0.265,-1.027,False,True,False,False,False,False,True,False,False,False,False,False
-1.450,-0.341,-0.287,-0.291,-0.269,-0.125,False,True,False,False,False,False,False,False,True,False,False,False
-0.613,-0.251,-0.287,2.465,-0.269,-1.025,False,True,False,False,False,False,True,False,False,False,False,False
-0.613,-0.341,-0.287,-0.291,-0.269,-0.123,False,True,True,False,False,False,False,False,True,False,False,False
-0.264,-0.341,-0.287,-0.291,-0.269,-0.190,False,True,True,False,False,False,False,False,True,False,False,True
0.154,1.168,-0.283,1.740,0.337,-0.190,False,False,False,False,False,False,False,False,True,False,False,True
0.572,-0.300,-0.287,1.602,0.894,-0.121,False,True,False,False,False,False,False,False,True,False,False,False
-0.543,-0.341,-0.287,-0.291,-0.269,-0.334,False,False,True,False,False,False,False,False,True,False,False,True
-0.334,-0.341,-0.287,-0.291,-0.269,-0.119,False,True,True,False,False,False,False,False,True,False,False,False
0.363,-0.341,-0.287,-0.291,-0.269,-0.865,False,True,True,False,False,False,False,True,False,False,False,False
-2.008,-0.341,-0.287,-0.291,-0.269,-0.865,False,True,False,False,False,False,False,True,False,False,False,False
-0.264,-0.341,-0.287,-0.291,-0.269,-0.865,False,True,True,False,False,False,False,True,False,False,False,False
0.991,-0.341,-0.287,-0.291,-0.269,-1.004,False,True,True,False,False,False,True,False,False,False,False,True
-0.125,1.024,-0.287,-0.291,-0.268,-0.117,False,False,False,False,False,False,False,False,True,False,False,False
1.130,-0.325,-0.277,1.050,-0.000,-0.117,False,False,False,False,False,False,False,False,True,False,False,False
2.386,-0.341,-0.287,-0.291,-0.269,-0.982,True,False,True,False,True,False,False,False,False,False,False,True
-0.822,-0.341,-0.287,-0.291,-0.269,-0.982,True,False,True,False,True,False,False,False,False,False,False,True
0.433,-0.341,0.635,-0.287,0.201,-0.982,True,False,False,False,True,False,False,False,False,False,False,True
-1.171,-0.341,-0.287,-0.291,-0.269,-0.982,True,False,False,False,True,False,False,False,False,False,False,True
-0.125,-0.341,-0.287,-0.291,-0.269,-0.356,False,False,True,False,False,False,False,False,False,True,False,True
-0.822,-0.341,0.092,-0.291,-0.077,-0.109,False,False,False,False,False,False,False,False,True,False,False,False
0.224,-0.251,-0.287,0.494,-0.269,-0.340,False,False,False,False,False,False,False,False,False,True,False,False
-0.404,-0.341,-0.287,-0.291,-0.269,-0.863,False,False,True,False,False,False,False,True,False,False,False,False
-0.822,2.691,-0.287,-0.291,-0.269,-0.182,False,False,False,False,False,False,False,False,True,False,False,True
0.363,0.405,-0.287,-0.269,-0.269,-0.180,False,False,False,False,False,False,False,False,True,False,False,True
-0.962,-0.341,-0.287,1.174,-0.000,-0.107,False,False,False,False,False,False,False,False,True,False,False,False
-1.031,-0.341,-0.287,-0.291,-0.269,-0.336,False,False,True,False,False,False,False,False,False,True,False,False
-0.474,-0.341,-0.287,0.163,0.921,-0.861,False,False,False,False,False,False,False,True,False,False,False,False
-0.683,0.011,-0.287,0.511,-0.265,-0.105,False,False,False,False,False,False,False,False,True,False,False,False
0.782,-0.341,-0.144,-0.282,-0.268,-0.103,False,False,False,False,False,False,False,False,True,False,False,False
-0.264,-0.341,-0.287,-0.291,-0.269,-1.136,True,False,True,False,False,False,False,False,False,False,False,False
1.549,-0.341,-0.284,-0.291,-0.210,-1.136,True,False,False,False,False,False,False,False,False,False,False,False
-0.474,-0.203,-0.284,-0.291,0.343,-0.334,False,False,False,False,False,False,False,False,False,True,False,False
1.479,-0.341,-0.287,-0.291,-0.269,-0.101,False,True,True,False,False,False,False,False,True,False,False,False
-0.195,-0.341,-0.287,-0.291,-0.000,-0.332,False,False,False,False,False,False,False,False,False,True,False,False
0.712,-0.341,-0.287,-0.291,-0.000,-0.174,False,True,True,False,False,False,False,False,True,False,False,True
-0.752,2.489,-0.287,-0.242,-0.000,-1.023,False,True,False,False,False,False,True,False,False,False,False,False
-0.474,0.000,-0.287,-0.061,-0.000,-0.350,False,False,False,False,False,False,False,False,False,True,False,True
-0.195,-0.341,-0.269,-0.291,-0.269,-0.820,False,False,False,False,False,False,False,True,False,False,False,True
-0.683,-0.341,-0.287,-0.291,0.658,-0.171,False,False,False,False,False,False,False,False,True,False,False,True
-0.892,-0.341,-0.287,-0.291,-0.269,-0.348,False,False,True,False,False,False,False,False,False,True,False,True
-0.334,-0.341,-0.287,-0.262,0.431,-0.328,False,False,False,False,False,False,False,False,False,True,False,False
0.363,-0.156,-0.287,-0.281,-0.269,-0.169,False,False,False,False,False,False,False,False,True,False,False,True
1.828,-0.341,0.224,2.317,0.908,-0.990,True,False,False,False,False,True,False,False,False,False,False,True
0.921,-0.336,1.076,-0.291,1.994,-0.990,True,False,False,False,False,True,False,False,False,False,False,True
-1.031,-0.341,-0.287,-0.291,-0.269,-0.990,True,False,True,False,False,True,False,False,False,False,False,True
-0.055,-0.341,1.628,-0.291,1.631,-0.990,True,False,False,False,False,True,False,False,False,False,False,True
-0.195,-0.341,-0.287,-0.291,-0.269,-0.990,True,False,True,False,False,True,False,False,False,False,False,True
0.294,-0.341,-0.108,2.714,5.944,-1.019,True,False,False,False,True,False,False,False,False,False,False,False
-0.334,-0.341,-0.287,-0.291,-0.209,-0.098,False,False,False,False,False,False,False,False,True,False,False,False
-0.404,0.402,-0.091,-0.291,-0.269,-0.346,False,False,False,False,False,False,False,False,False,True,False,True
-0.892,-0.271,-0.287,3.047,0.328,-1.021,False,True,False,False,False,False,True,False,False,False,False,False
0.503,-0.341,-0.287,-0.291,-0.269,-0.326,False,False,True,False,False,False,False,False,False,True,False,False
1.061,-0.341,-0.287,-0.291,-0.269,-0.980,True,False,True,False,True,False,False,False,False,False,False,True
-0.474,-0.341,-0.287,0.831,-0.241,-0.165,False,False,False,False,False,False,False,False,True,False,False,True
0.084,-0.341,-0.287,-0.291,-0.269,-0.344,False,False,True,False,False,False,False,False,False,True,False,True
-0.613,-0.341,-0.270,-0.289,-0.268,-0.163,False,False,False,False,False,False,False,False,True,False,False,True
-0.543,0.214,0.425,1.040,-0.269,-0.094,False,False,False,False,False,False,False,False,True,False,False,False
-1.031,0.000,-0.287,-0.291,-0.269,-0.818,False,True,False,False,False,False,False,True,False,False,False,True
-0.125,-0.341,-0.287,0.000,0.803,-0.092,False,False,False,False,False,False,False,False,True,False,False,False
-0.683,-0.339,-0.285,-0.291,-0.266,-0.161,False,False,False,False,False,False,False,False,True,False,False,True
-0.543,-0.341,-0.287,-0.291,-0.269,-0.342,False,False,True,False,False,False,False,False,False,True,False,True
-0.125,2.270,-0.285,1.278,-0.269,-0.090,False,True,False,False,False,False,False,False,True,False,False,False
-1.101,-0.341,-0.287,-0.291,0.447,-0.088,False,False,False,False,False,False,False,False,True,False,False,False
2.943,-0.341,-0.287,-0.291,-0.269,-0.816,False,True,True,False,False,False,False,True,False,False,False,True
-0.055,-0.341,-0.287,-0.291,-0.269,-0.814,False,True,True,False,False,False,False,True,False,False,False,True
-0.752,2.500,-0.287,0.144,-0.269,-0.814,False,True,False,False,False,False,False,True,False,False,False,True
-0.404,-0.297,-0.266,-0.289,-0.269,-0.159,False,False,False,False,False,False,False,False,True,False,False,True
0.363,-0.341,-0.048,-0.291,-0.061,-0.340,False,False,False,False,False,False,False,False,False,True,False,True
-0.613,-0.335,0.208,-0.291,-0.269,-0.325,False,False,False,False,False,False,False,False,False,True,False,False
-0.822,-0.341,-0.267,-0.291,0.356,-0.084,False,False,False,False,False,False,False,False,True,False,False,False
-0.543,1.130,-0.287,0.066,-0.193,-0.082,False,False,False,False,False,False,False,False,True,False,False,False
0.294,-0.341,0.687,6.092,0.997,-0.986,True,False,False,False,False,True,False,False,False,False,False,True
0.363,5.042,0.518,2.831,-0.269,-1.017,True,False,False,False,True,False,False,False,False,False,False,False
1.549,-0.341,-0.098,-0.291,0.321,-1.000,True,False,False,False,False,False,True,False,False,False,False,True
-0.543,-0.341,0.139,-0.291,-0.269,-0.157,False,False,False,False,False,False,False,False,True,False,False,True
-0.125,-0.341,-0.287,-0.291,-0.269,-0.336,False,False,True,False,False,False,False,False,False,True,False,True
0.154,0.993,-0.287,-0.291,-0.269,-0.321,False,False,False,False,False,False,False,False,False,True,False,False
0.503,-0.338,0.526,-0.291,-0.269,-1.114,True,False,False,False,False,False,False,False,False,False,False,True
0.712,-0.341,4.176,-0.291,1.068,-1.013,True,False,False,False,True,False,False,False,False,False,False,False
-0.195,1.002,-0.287,-0.291,-0.250,-0.319,False,False,False,False,False,False,False,False,False,True,False,False
1.549,-0.341,0.558,-0.291,-0.269,-0.080,False,False,False,False,False,False,False,False,True,False,False,False
-0.334,-0.321,-0.166,-0.291,0.253,-0.078,False,False,False,False,False,False,False,False,True,False,False,False
-0.125,0.173,-0.222,-0.097,-0.269,-0.812,False,False,False,False,False,False,False,True,False,False,False,True
0.154,-0.341,-0.135,-0.289,-0.269,-0.076,False,False,False,False,False,False,False,False,True,False,False,False
-0.334,-0.341,-0.287,-0.256,0.344,-0.334,False,False,False,False,False,False,False,False,True,False,False,True
1.967,-0.341,0.662,-0.291,0.960,-1.134,True,False,False,False,False,False,False,False,False,False,False,False
0.503,-0.324,-0.238,-0.291,1.403,-1.134,True,False,False,True,False,False,False,False,False,False,False,False
1.828,-0.341,0.243,-0.291,1.517,-1.134,True,False,False,False,False,False,False,False,False,False,False,False
-0.125,-0.341,-0.287,-0.291,-0.269,-1.134,True,False,True,False,False,False,False,False,False,False,False,False
-0.752,1.095,-0.287,-0.284,-0.269,-0.810,False,True,False,False,False,False,False,True,False,False,False,True
-0.125,2.529,0.018,-0.284,-0.269,-0.998,False,True,False,False,False,False,True,False,False,False,False,True
1.479,-0.341,1.396,-0.291,1.276,-0.992,True,False,False,False,False,True,False,False,False,False,False,False
-0.334,-0.272,-0.201,-0.289,0.199,-0.151,False,False,False,False,False,False,False,False,True,False,False,True
-0.613,-0.341,-0.287,-0.291,-0.269,-0.332,False,False,True,False,False,False,False,False,False,True,False,True
-0.334,-0.341,-0.287,-0.291,-0.269,-0.315,False,False,True,False,False,False,False,False,False,True,False,False
-0.752,-0.341,0.100,-0.291,-0.260,-0.330,False,False,False,False,False,False,False,False,False,True,False,True
1.061,1.445,-0.287,0.292,-0.269,-0.149,False,False,False,False,False,False,False,False,True,False,False,True
-0.125,-0.341,-0.287,-0.291,-0.269,-0.976,True,False,True,False,True,False,False,False,False,False,False,True
2.037,1.347,0.748,-0.291,0.181,-0.974,True,False,False,False,True,False,False,False,False,False,False,True
0.015,-0.341,-0.287,-0.291,-0.269,-0.974,True,False,True,False,True,False,False,False,False,False,False,True
-0.404,-0.336,0.056,-0.229,-0.258,-0.147,False,False,False,False,False,False,False,False,True,False,False,True
-1.798,-0.341,-0.287,-0.291,-0.269,-0.145,False,True,True,False,False,False,False,False,True,False,False,True
-2.008,-0.341,-0.287,-0.291,-0.269,-0.145,False,True,False,False,False,False,False,False,True,False,False,True
0.294,0.207,-0.287,0.347,-0.269,-0.145,False,True,False,False,False,False,False,False,True,False,False,True
-1.171,-0.341,-0.287,-0.291,-0.269,-0.145,False,True,False,False,False,False,False,False,True,False,False,True
1.061,-0.341,-0.287,-0.291,-0.269,-0.970,True,False,True,False,True,False,False,False,False,False,False,True
-0.613,-0.341,-0.287,-0.291,-0.269,-0.313,False,False,True,False,False,False,False,False,False,True,False,False
2.107,0.067,0.827,-0.291,-0.258,-0.070,False,False,False,False,False,False,False,False,True,False,False,False
-0.752,-0.144,-0.287,-0.269,0.220,-0.326,False,False,False,False,False,False,False,False,False,True,False,True
3.013,-0.341,-0.287,-0.291,-0.269,-0.968,True,False,True,False,True,False,False,False,False,False,False,True
-0.404,-0.081,1.201,-0.289,0.600,-0.311,False,False,False,False,False,False,False,False,False,True,False,False
-1.241,-0.341,-0.287,-0.291,-0.269,-0.311,False,False,False,False,False,False,False,False,False,True,False,False
-1.938,-0.341,-0.287,-0.291,-0.269,-0.311,False,False,True,False,False,False,False,False,False,True,False,False
-0.264,-0.309,0.181,-0.199,-0.265,-0.066,False,False,False,False,False,False,False,False,True,False,False,False
-0.264,-0.341,-0.287,-0.291,-0.269,-0.994,False,True,True,False,False,False,True,False,False,False,False,True
-0.334,-0.341,-0.287,-0.291,-0.269,-0.982,True,False,True,False,False,True,False,False,False,False,False,True
1.758,-0.341,3.398,-0.291,0.538,-0.982,True,False,False,False,False,True,False,False,False,False,False,True
-0.822,-0.341,-0.287,-0.291,-0.269,-0.064,False,True,True,False,False,False,False,False,True,False,False,False
1.340,1.478,-0.287,-0.227,-0.269,-0.064,False,True,False,False,False,False,False,False,True,False,False,False
0.782,-0.341,-0.287,0.315,-0.269,-0.062,False,False,False,False,False,False,False,False,True,False,False,False
-1.868,-0.341,-0.287,-0.291,-0.269,-0.309,False,False,True,False,False,False,False,False,False,True,False,False
0.224,-0.341,-0.282,-0.272,-0.213,-0.141,False,False,False,False,False,False,False,False,True,False,False,True
-0.962,-0.341,-0.287,-0.291,-0.269,-0.325,False,False,True,False,False,False,False,False,False,True,False,True
1.618,-0.341,-0.287,-0.291,-0.269,-0.323,False,False,True,False,False,False,False,False,False,True,False,True
-0.892,-0.341,0.412,-0.291,-0.153,-0.137,False,False,False,False,False,False,False,False,True,False,False,True
-0.892,-0.341,0.000,-0.291,-0.269,-0.323,False,False,True,False,False,False,False,False,False,True,False,True
-0.892,-0.341,-0.287,-0.291,-0.269,-0.319,False,False,True,False,False,False,False,False,False,True,False,True
-1.589,-0.341,-0.287,-0.291,-0.269,-0.319,False,False,False,False,False,False,False,False,False,True,False,True
-1.310,-0.341,-0.287,-0.291,-0.269,-0.058,False,True,False,False,False,False,False,False,True,False,False,False
-0.125,2.250,-0.285,-0.251,-0.269,-1.017,False,True,False,True,False,False,True,False,False,False,False,False
1.130,-0.341,0.168,-0.291,0.840,-0.980,True,False,False,False,False,True,False,False,False,False,False,True
-0.195,3.269,0.824,-0.291,2.041,-0.980,True,False,False,False,False,True,False,False,False,False,False,True
0.015,1.250,-0.287,-0.291,-0.269,-0.808,False,True,False,False,False,False,False,True,False,False,False,True
0.642,-0.341,-0.287,-0.291,-0.269,-0.305,False,False,True,False,False,False,False,False,False,True,False,False
-0.683,-0.339,-0.198,-0.291,-0.175,-0.855,False,False,False,False,False,False,False,True,False,False,False,False
0.991,0.373,-0.287,-0.068,0.342,-0.854,False,True,False,False,False,False,False,True,False,False,False,False
-0.962,0.790,-0.287,-0.287,-0.259,-0.135,False,False,False,False,False,False,False,False,True,False,False,True
0.154,1.950,-0.287,0.228,-0.269,-0.056,False,True,False,False,False,False,False,False,True,False,False,False
1.618,0.808,-0.287,0.305,-0.269,-0.054,False,True,False,False,False,False,False,False,True,False,False,False
1.409,-0.341,-0.287,-0.291,-0.269,-0.052,False,True,False,False,False,False,False,False,True,False,False,False
0.015,-0.124,0.056,-0.291,-0.269,-0.133,False,False,False,False,False,False,False,False,True,False,False,True
-0.752,0.569,-0.287,-0.291,-0.259,-0.050,False,False,False,False,False,False,False,False,True,False,False,False
0.851,-0.341,-0.287,-0.291,-0.269,-0.131,False,True,True,False,False,False,False,False,True,False,False,True
-1.380,-0.341,-0.287,-0.291,-0.269,-0.301,False,False,False,False,False,False,False,False,False,True,False,False
-0.125,-0.341,-0.287,-0.291,-0.269,-0.301,False,False,True,False,False,False,False,False,False,True,False,False
2.037,-0.341,-0.236,-0.291,-0.269,-0.852,False,False,False,False,False,False,False,True,False,False,False,False
0.712,-0.341,-0.287,-0.291,0.531,-0.806,False,False,False,False,False,False,False,True,False,False,False,True
-1.101,1.040,-0.287,-0.291,-0.269,-0.850,False,False,False,False,False,False,False,True,False,False,False,False
0.503,-0.341,-0.287,-0.291,-0.269,-1.009,True,False,True,False,True,False,False,False,False,False,False,False
-0.404,0.043,-0.287,-0.291,-0.269,-0.048,False,True,False,False,False,False,False,False,True,False,False,False
-0.334,0.000,-0.287,-0.291,-0.269,-0.297,False,False,True,False,False,False,False,False,False,True,False,False
0.294,-0.341,-0.287,-0.006,0.446,-0.848,False,False,False,False,False,False,False,True,False,False,False,False
-0.752,-0.341,-0.287,-0.291,-0.269,-0.313,False,False,False,False,False,False,False,False,False,True,False,True
-1.868,-0.341,-0.287,-0.291,-0.269,-0.313,False,False,True,False,False,False,False,False,False,True,False,True
-2.008,-0.341,-0.287,-0.291,-0.269,-0.313,False,False,True,False,False,False,False,False,False,True,False,True
0.503,0.607,-0.287,0.144,-0.269,-0.311,False,False,False,False,False,False,False,False,False,True,False,True
-0.962,0.044,-0.287,-0.274,-0.269,-0.311,False,False,False,False,False,False,False,False,False,True,False,True
0.154,-0.203,0.187,-0.291,-0.258,-0.846,False,False,False,False,False,False,False,True,False,False,False,False
0.921,-0.341,-0.287,0.066,0.798,-0.804,False,False,False,False,False,False,False,True,False,False,False,True
-0.125,1.936,-0.287,-0.291,-0.269,-0.127,False,True,False,False,False,False,False,False,True,False,False,True
0.503,-0.154,-0.285,0.000,-0.269,-0.125,False,False,False,False,False,False,False,False,True,False,False,True
-2.008,-0.341,-0.287,-0.291,-0.269,-0.305,False,False,False,False,False,False,False,False,False,True,False,True
-1.798,-0.341,-0.287,-0.291,-0.269,-0.305,False,False,True,False,False,False,False,False,False,True,False,True
-0.474,-0.341,0.238,0.031,-0.000,-0.046,False,False,False,False,False,False,False,False,True,False,False,False
1.897,-0.341,0.792,-0.291,-0.269,-0.303,False,False,False,False,False,False,False,False,False,True,False,True
-0.404,-0.341,-0.287,-0.291,-0.269,-0.301,False,False,False,False,False,False,False,False,False,True,False,True
-0.264,0.135,-0.286,0.794,-0.269,-0.992,False,True,False,False,False,False,True,False,False,False,False,True
0.015,-0.336,-0.287,-0.286,0.346,-0.042,False,False,False,False,False,False,False,False,True,False,False,False
-0.822,-0.341,0.462,-0.239,-0.269,-0.042,False,False,False,False,False,False,False,False,True,False,False,False
-1.101,0.284,-0.285,-0.291,0.217,-0.042,False,False,False,False,False,False,False,False,True,False,False,False
0.433,3.147,-0.287,0.402,-0.269,-1.015,False,True,False,False,False,False,True,False,False,False,False,False
1.688,0.000,-0.287,-0.291,-0.269,-0.040,False,True,True,False,False,False,False,False,True,False,False,False
-0.334,-0.319,0.153,-0.291,-0.269,-0.036,False,False,False,False,False,False,False,False,True,False,False,False
0.642,-0.341,-0.287,-0.291,-0.269,-0.295,False,False,True,False,False,False,False,False,False,True,False,False
-0.543,-0.341,-0.287,-0.291,-0.269,-1.013,True,False,True,False,False,False,True,False,False,False,False,False
0.015,-0.338,-0.282,-0.291,-0.132,-1.013,True,False,False,False,False,False,True,False,False,False,False,False
1.200,-0.341,-0.287,2.490,-0.262,-0.293,False,False,False,False,False,False,False,False,False,True,False,False
2.037,0.000,-0.287,-0.291,-0.269,-0.976,True,False,True,False,False,True,False,False,False,False,False,True
1.688,-0.341,-0.287,-0.291,0.166,-0.802,False,False,False,False,False,False,False,True,False,False,False,True
-0.543,-0.321,0.000,1.547,-0.268,-0.121,False,False,False,False,False,False,False,False,True,False,False,True
-0.125,-0.341,-0.287,-0.291,-0.269,-0.291,False,False,True,False,False,False,False,False,False,True,False,False
0.154,-0.341,-0.287,-0.291,-0.269,-0.289,False,False,True,False,False,False,False,False,False,True,False,False
-0.404,-0.341,-0.287,-0.291,-0.269,-1.007,True,False,True,False,True,False,False,False,False,False,False,False
0.851,-0.341,-0.087,6.962,-0.224,-1.007,True,False,False,False,True,False,False,False,False,False,False,False
0.015,-0.336,0.298,-0.291,0.376,-1.007,True,False,False,False,True,False,False,False,False,False,False,False
1.758,-0.341,-0.264,-0.291,-0.269,-1.007,True,False,False,False,True,False,False,False,False,False,False,False
0.991,-0.341,5.937,0.814,-0.034,-1.007,True,False,False,False,True,False,False,False,False,False,False,False
0.503,-0.341,-0.287,-0.291,-0.269,-0.297,False,False,True,False,False,False,False,False,False,True,False,True
1.340,0.848,-0.233,-0.291,-0.268,-0.844,False,False,False,False,False,False,False,True,False,False,False,False
0.363,-0.325,3.262,-0.266,-0.269,-0.974,True,False,False,False,False,True,False,False,False,False,False,True
0.921,-0.341,0.216,-0.291,0.323,-0.974,True,False,False,False,False,True,False,False,False,False,False,True
-0.822,-0.341,-0.287,-0.291,-0.269,-0.119,False,False,False,False,False,False,False,False,True,False,False,True
-0.474,-0.341,-0.287,-0.291,0.918,-0.032,False,False,False,False,False,False,False,False,True,False,False,False
0.572,-0.331,-0.013,0.000,2.405,-1.132,True,False,False,False,False,False,False,False,False,False,False,False
0.642,-0.341,-0.287,-0.291,-0.269,-1.132,True,False,True,False,False,False,False,False,False,False,False,False
-0.543,-0.336,-0.287,-0.291,-0.269,-0.295,False,False,False,False,False,False,False,False,False,True,False,True
-0.404,-0.341,-0.287,-0.291,-0.269,-0.295,False,False,True,False,False,False,False,False,False,True,False,True
-0.125,-0.339,0.194,-0.291,2.958,-1.006,True,False,False,False,True,False,False,False,False,False,False,False
-0.404,-0.313,1.340,-0.291,-0.161,-0.030,False,False,False,False,False,False,False,False,True,False,False,False
-0.683,-0.341,-0.287,0.322,-0.269,-0.028,False,False,False,False,False,False,False,False,True,False,False,False
-0.055,1.096,-0.287,-0.184,-0.269,-0.990,False,True,False,False,False,False,True,False,False,False,False,True
0.294,-0.341,-0.287,-0.033,0.455,-0.840,False,False,False,False,False,False,False,True,False,False,False,False
-0.334,-0.341,-0.287,-0.291,-0.269,-0.285,False,False,True,False,False,False,False,False,False,True,False,False
-2.008,-0.341,-0.287,-0.291,-0.269,-0.285,False,False,True,False,False,False,False,False,False,True,False,False
0.851,-0.341,-0.287,-0.291,-0.269,-0.283,False,False,True,False,False,False,False,False,False,True,False,False
-0.683,-0.341,-0.287,-0.291,-0.269,-0.281,False,False,True,False,False,False,False,False,False,True,False,False
1.061,-0.341,-0.287,-0.291,0.500,-0.117,False,False,False,False,False,False,False,False,True,False,False,True
0.991,0.877,-0.287,0.352,-0.269,-0.115,False,True,False,False,False,False,False,False,True,False,False,True
-1.031,-0.341,-0.287,-0.291,-0.269,-0.291,False,False,True,False,False,False,False,False,False,True,False,True
-0.752,-0.341,-0.287,-0.291,-0.269,-0.279,False,False,True,False,False,False,False,False,False,True,False,False
-0.264,0.019,-0.287,1.232,-0.258,-0.024,False,False,False,False,False,False,False,False,True,False,False,False
-2.008,-0.341,-0.287,-0.291,-0.269,-0.023,False,True,False,False,False,False,False,False,True,False,False,False
-1.729,-0.341,-0.287,-0.291,-0.269,-0.023,False,True,True,False,False,False,False,False,True,False,False,False
-0.334,-0.090,-0.287,1.351,-0.269,-0.023,False,True,False,False,False,False,False,False,True,False,False,False
0.642,-0.224,-0.181,-0.291,0.146,-0.021,False,False,False,False,False,False,False,False,True,False,False,False
1.061,-0.341,-0.287,-0.291,-0.269,-0.275,False,False,True,False,False,False,False,False,False,True,False,False
1.967,-0.341,-0.287,-0.291,-0.269,-0.273,False,False,True,False,False,False,False,False,False,True,False,False
-1.798,-0.341,-0.287,0.000,-0.269,-0.289,False,False,True,False,False,False,False,False,False,True,False,True
-1.659,-0.341,-0.287,-0.291,-0.000,-0.289,False,False,False,False,False,False,False,False,False,True,False,True
-1.798,-0.341,0.000,-0.291,-0.269,-0.289,False,False,True,False,False,False,False,False,False,True,False,True
-0.752,-0.341,-0.287,-0.291,-0.269,-0.289,False,False,True,False,False,False,False,False,False,True,False,True
-1.450,-0.341,-0.287,-0.291,-0.269,-0.289,False,False,True,False,False,False,False,False,False,True,False,True
-0.543,-0.341,-0.287,-0.291,-0.269,-0.019,False,True,True,False,False,False,False,False,True,False,False,False
0.433,-0.341,-0.287,-0.291,-0.269,-0.972,True,False,True,False,False,True,False,False,False,False,False,True
1.270,-0.341,-0.287,-0.291,-0.269,-0.113,False,True,False,False,False,False,False,False,True,False,False,True
-0.055,2.056,-0.154,-0.291,2.423,-0.988,True,False,False,False,False,True,False,False,False,False,False,False
1.409,-0.310,3.982,0.000,1.913,-0.988,True,False,False,False,False,True,False,False,False,False,False,False
-0.404,-0.341,0.230,-0.291,1.036,-1.007,True,False,False,False,False,False,True,False,False,False,False,False
-0.683,-0.341,-0.287,-0.291,-0.220,-1.007,True,False,False,False,False,False,True,False,False,False,False,False
0.363,-0.341,-0.131,-0.252,0.185,-0.836,False,False,False,False,False,False,False,True,False,False,False,False
0.782,-0.341,-0.280,-0.291,0.874,-0.970,True,False,False,True,False,True,False,False,False,False,False,True
-0.195,-0.341,-0.171,0.000,4.194,-1.130,True,False,False,True,False,False,False,False,False,False,False,False
-0.404,-0.341,-0.287,0.000,1.424,-0.017,False,False,False,False,False,False,False,False,True,False,False,False
-0.474,-0.341,-0.287,-0.291,-0.269,-0.834,False,True,False,False,False,False,False,True,False,False,False,False
1.549,-0.339,2.181,-0.291,-0.269,-0.966,True,False,False,False,False,True,False,False,False,False,False,True
1.061,0.678,-0.287,-0.291,-0.251,-0.111,False,False,False,False,False,False,False,False,True,False,False,True
1.479,0.201,-0.287,0.809,-0.269,-0.832,False,True,False,False,False,False,False,True,False,False,False,False
-0.055,-0.341,-0.287,-0.291,-0.269,-0.285,False,False,True,False,False,False,False,False,False,True,False,True
-1.101,-0.341,-0.287,-0.291,-0.269,-0.261,False,False,True,False,False,False,False,False,False,True,False,False
-0.543,-0.291,-0.208,-0.291,-0.269,-0.259,False,False,False,False,False,False,False,False,False,True,False,False
-0.613,-0.256,0.187,-0.105,-0.269,-0.103,False,False,False,False,False,False,False,False,True,False,False,True
-1.031,-0.341,0.000,-0.267,0.445,-0.011,False,False,False,False,False,False,False,False,True,False,False,False
0.642,-0.341,0.275,-0.291,3.409,-0.964,True,False,False,False,False,True,False,False,False,False,False,True
0.015,0.616,0.000,-0.291,-0.269,-0.101,False,False,False,False,False,False,False,False,True,False,False,True
0.503,-0.341,-0.287,-0.291,-0.269,-0.962,True,False,True,False,False,True,False,False,False,False,False,True
-0.892,-0.341,-0.287,-0.291,-0.269,-0.962,True,False,True,False,False,True,False,False,False,False,False,True
0.782,-0.341,0.000,-0.291,-0.269,-0.962,True,False,True,False,False,True,False,False,False,False,False,True
-0.125,-0.341,-0.287,-0.291,-0.269,-0.984,True,False,True,False,False,True,False,False,False,False,False,False
-0.752,-0.107,-0.274,-0.162,-0.269,-0.099,False,False,False,False,False,False,False,False,True,False,False,True
-0.822,-0.333,0.187,-0.291,-0.269,-0.098,False,False,False,False,False,False,False,False,True,False,False,True
0.224,-0.341,-0.287,-0.291,-0.269,-0.796,False,True,True,False,False,False,False,True,False,False,False,True
-0.125,-0.341,-0.286,-0.209,0.438,-0.257,False,False,False,False,False,False,False,False,False,True,False,False
0.363,4.061,-0.273,-0.279,-0.198,-1.004,False,True,False,False,False,False,True,False,False,False,False,False
1.688,0.448,-0.287,0.449,-0.269,-1.004,False,True,False,False,False,False,True,False,False,False,False,False
0.503,-0.341,-0.287,-0.291,-0.269,-0.960,True,False,True,True,False,True,False,False,False,False,False,True
0.851,-0.233,-0.287,2.416,-0.269,-1.002,False,True,False,False,False,False,True,False,False,False,False,False
1.549,0.901,-0.285,-0.137,-0.269,-0.830,False,True,False,False,False,False,False,True,False,False,False,False
2.246,-0.341,-0.287,-0.291,-0.269,-0.255,False,False,True,False,False,False,False,False,False,True,False,False
2.107,-0.341,-0.287,-0.289,-0.268,-0.281,False,False,False,False,False,False,False,False,False,True,False,True
-0.822,-0.341,-0.287,-0.291,-0.269,-1.004,True,False,True,False,True,False,False,False,False,False,False,False
-0.125,-0.341,-0.287,-0.291,-0.269,-1.004,True,False,True,False,True,False,False,False,False,False,False,False
1.967,-0.341,0.610,-0.291,0.028,-0.279,False,False,False,False,False,False,False,False,False,True,False,True
0.712,2.884,0.000,-0.252,-0.269,-0.794,False,True,False,False,False,False,False,True,False,False,False,True
1.828,-0.341,-0.287,-0.291,-0.269,-0.966,True,False,True,False,True,False,False,False,False,False,False,True
0.921,-0.078,0.124,-0.291,-0.249,-0.277,False,False,False,False,False,False,False,False,False,True,False,True
0.503,0.293,-0.262,-0.279,-0.269,-0.009,False,False,False,False,False,False,False,False,True,False,False,False
0.921,-0.274,-0.287,5.816,-0.261,-0.007,False,True,False,False,False,False,False,False,True,False,False,False
0.224,-0.341,-0.287,-0.291,-0.269,-0.253,False,False,True,False,False,False,False,False,False,True,False,False
-1.589,-0.341,-0.287,-0.291,-0.269,-0.275,False,False,False,False,False,False,False,False,False,True,False,True
-0.962,-0.341,-0.287,-0.291,-0.269,-0.273,False,False,True,False,False,False,False,False,False,True,False,True
-0.055,-0.341,-0.229,1.855,-0.269,-0.003,False,False,False,False,False,False,False,False,True,False,False,False
0.572,1.042,-0.287,-0.291,-0.269,-1.000,False,True,False,False,False,False,True,False,False,False,False,False
1.061,-0.341,-0.287,0.955,-0.266,-0.271,False,False,False,False,False,False,False,False,False,True,False,True
2.943,1.025,-0.287,2.552,-0.269,0.001,False,True,False,True,False,False,False,False,True,False,False,False
1.061,-0.341,-0.067,-0.291,2.773,-1.002,True,False,False,False,True,False,False,False,False,False,False,False
0.503,-0.341,-0.287,-0.291,-0.269,-1.002,True,False,True,False,True,False,False,False,False,False,False,False
-0.752,-0.335,0.280,-0.291,-0.268,-0.269,False,False,False,False,False,False,False,False,False,True,False,True
-1.798,-0.341,-0.287,-0.291,-0.269,-0.251,False,False,False,False,False,False,False,False,False,True,False,False
-1.171,-0.341,-0.287,-0.291,-0.269,-0.251,False,False,True,False,False,False,False,False,False,True,False,False
-2.008,-0.341,-0.287,-0.291,-0.269,-0.251,False,False,True,False,False,False,False,False,False,True,False,False
0.015,-0.341,0.535,-0.291,-0.269,0.003,False,False,False,False,False,False,False,False,True,False,False,False
-1.380,-0.341,-0.287,-0.291,-0.269,-0.251,False,False,False,False,False,False,False,False,False,True,False,False
-0.125,0.702,-0.095,1.013,-0.252,-0.250,False,False,False,False,False,False,False,False,False,True,False,False
-0.334,-0.341,-0.287,0.451,-0.268,0.005,False,False,False,False,False,False,False,False,True,False,False,False
0.642,-0.339,-0.287,0.191,0.222,-0.267,False,False,False,False,False,False,False,False,False,True,False,True
-0.055,0.452,-0.287,-0.291,-0.269,0.007,False,True,False,False,False,False,False,False,True,False,False,False
-0.195,-0.341,-0.287,-0.291,-0.269,-0.334,False,True,True,False,False,False,False,False,True,False,False,True
-0.892,-0.341,-0.275,-0.291,0.332,0.009,False,False,False,False,False,False,False,False,True,False,False,False
-0.334,0.000,-0.286,-0.249,0.355,0.009,False,False,False,False,False,False,False,False,True,False,False,False
0.294,-0.154,0.189,-0.291,-0.269,-0.248,False,False,False,False,False,False,False,False,False,True,False,False
-0.334,0.401,-0.287,0.000,-0.269,-0.265,False,False,False,False,False,False,False,False,False,True,False,True
0.015,-0.339,-0.287,-0.068,0.238,-0.263,False,False,False,False,False,False,False,False,False,True,False,True
-0.264,-0.341,-0.282,3.065,-0.265,-0.088,False,False,False,False,False,False,False,False,True,False,False,True
-2.008,-0.341,-0.287,-0.291,-0.269,-0.261,False,False,False,False,False,False,False,False,False,True,False,True
-1.101,0.643,-0.286,-0.291,-0.143,-0.086,False,False,False,False,False,False,False,False,True,False,False,True
-1.519,-0.341,-0.287,-0.291,-0.269,-0.244,False,False,True,False,False,False,False,False,False,True,False,False
0.224,-0.341,-0.287,0.941,-0.269,0.011,False,False,False,False,False,False,False,False,True,False,False,False
0.363,-0.341,-0.287,-0.291,-0.269,-0.826,False,True,True,False,False,False,False,True,False,False,False,False
1.409,-0.309,-0.272,2.235,0.651,0.013,False,True,False,False,False,False,False,False,True,False,False,False
0.991,-0.321,1.042,0.236,-0.039,-0.988,False,True,False,False,False,False,True,False,False,False,False,True
-2.008,-0.341,-0.287,-0.291,-0.269,-0.082,False,True,False,False,False,False,False,False,True,False,False,True
-1.589,0.000,-0.287,-0.291,-0.269,-0.082,False,True,True,False,False,False,False,False,True,False,False,True
-0.404,-0.341,-0.175,0.662,-0.269,0.019,False,False,False,False,False,False,False,False,True,False,False,False
0.991,0.169,-0.280,1.042,-0.269,0.025,False,True,False,False,False,False,False,False,True,False,False,False
-0.404,-0.341,-0.287,-0.291,-0.269,0.025,False,True,True,False,False,False,False,False,True,False,False,False
0.991,0.915,-0.272,0.621,-0.269,-0.334,False,True,False,False,False,False,False,False,True,False,False,True
0.851,-0.341,-0.287,-0.291,-0.269,0.029,False,True,True,False,False,False,False,False,True,False,False,False
1.758,-0.341,1.006,-0.287,1.159,-0.996,True,False,False,True,True,False,False,False,False,False,False,False
1.549,-0.341,-0.287,0.000,-0.269,-0.996,True,False,True,False,True,False,False,False,False,False,False,False
1.061,-0.341,-0.287,-0.291,-0.269,-0.996,True,False,True,False,True,False,False,False,False,False,False,False
1.340,-0.341,-0.287,-0.291,-0.269,-0.255,False,False,True,False,False,False,False,False,False,True,False,True
1.130,0.000,-0.282,-0.291,-0.255,-0.242,False,False,False,False,False,False,False,False,False,True,False,False
-0.613,-0.341,0.145,-0.291,-0.269,-0.078,False,False,False,False,False,False,False,False,True,False,False,True
0.294,-0.341,-0.270,-0.291,0.210,-1.173,True,False,False,False,False,False,False,False,False,False,True,False
-0.543,-0.318,-0.268,-0.272,0.073,-0.253,False,False,False,False,False,False,False,False,False,True,False,True
2.734,-0.341,-0.287,-0.291,-0.269,-0.980,True,False,True,False,False,True,False,False,False,False,False,False
-0.404,-0.333,-0.094,0.317,-0.269,0.037,False,False,False,False,False,False,False,False,True,False,False,False
-0.892,-0.304,-0.287,-0.269,-0.269,-0.236,False,False,False,False,False,False,False,False,False,True,False,False
0.433,-0.040,-0.260,-0.128,0.181,-0.076,False,False,False,False,False,False,False,False,True,False,False,True
-0.474,-0.341,-0.287,-0.291,-0.269,-0.234,False,False,True,False,False,False,False,False,False,True,False,False
1.549,-0.016,-0.285,-0.264,-0.269,-0.074,False,False,False,False,False,False,False,False,True,False,False,True
-1.868,0.000,-0.287,-0.291,-0.269,-0.251,False,False,False,False,False,False,False,False,False,True,False,True
0.015,-0.341,-0.287,-0.291,-0.269,-0.251,False,False,True,False,False,False,False,False,False,True,False,True
-2.008,-0.341,-0.287,-0.291,-0.269,-0.251,False,False,False,False,False,False,False,False,False,True,False,True
0.712,-0.341,-0.287,-0.291,-0.269,-0.232,False,False,True,False,False,False,False,False,False,True,False,False
1.828,-0.341,0.949,-0.162,0.658,-0.956,True,False,False,False,False,True,False,False,False,False,False,True
-0.474,-0.341,-0.287,-0.291,-0.269,-0.226,False,False,True,False,False,False,False,False,False,True,False,False
-0.613,0.129,-0.287,0.335,-0.265,0.041,False,False,False,False,False,False,False,False,True,False,False,False
-0.264,-0.341,0.115,-0.291,-0.269,-0.824,False,False,False,False,False,False,False,True,False,False,False,False
-0.752,0.016,-0.287,-0.122,0.010,0.045,False,False,False,False,False,False,False,False,True,False,False,False
-0.055,-0.336,-0.199,-0.291,1.221,-0.250,False,False,False,False,False,False,False,False,False,True,False,True
-0.195,2.421,-0.287,-0.284,0.793,-0.070,False,False,False,False,False,False,False,False,True,False,False,True
-0.055,-0.339,-0.287,1.271,-0.269,0.047,False,False,False,False,False,False,False,False,True,False,False,False
1.758,0.000,0.000,-0.291,-0.269,-0.068,False,False,False,False,False,False,False,False,True,False,False,True
1.897,-0.341,-0.253,-0.291,-0.269,0.049,False,False,False,False,False,False,False,False,True,False,False,False
-0.264,1.521,-0.287,-0.070,-0.269,-0.822,False,True,False,False,False,False,False,True,False,False,False,False
-0.195,2.767,5.060,-0.291,0.292,-1.108,True,False,False,False,False,False,False,False,False,False,False,True
-1.031,-0.341,-0.287,0.896,-0.266,0.051,False,False,False,False,False,False,False,False,True,False,False,False
-0.543,-0.338,-0.026,0.250,-0.195,-0.820,False,False,False,False,False,False,False,True,False,False,False,False
0.991,-0.341,0.000,-0.291,-0.269,-0.220,False,False,True,False,False,False,False,False,False,True,False,False
0.572,-0.006,-0.287,-0.237,0.186,-0.218,False,False,False,False,False,False,False,False,False,True,False,False
-0.125,0.781,-0.236,-0.281,-0.268,-0.334,False,False,False,False,False,False,False,False,True,False,False,True
0.642,-0.341,1.679,-0.291,-0.266,-1.171,True,False,False,False,False,False,False,False,False,False,True,False
-1.031,-0.341,-0.287,2.121,-0.101,-0.818,False,False,False,False,False,False,False,True,False,False,False,False
-0.613,-0.341,-0.287,0.688,-0.260,-0.064,False,False,False,False,False,False,False,False,True,False,False,True
0.294,-0.341,-0.287,-0.291,-0.269,-0.994,True,False,False,False,True,False,False,False,False,False,False,False
0.294,-0.341,-0.287,-0.291,-0.269,-0.958,True,False,True,False,True,False,False,False,False,False,False,True
-1.101,-0.341,-0.287,-0.239,0.446,-0.816,False,False,False,False,False,False,False,True,False,False,False,False
0.572,-0.341,-0.156,-0.291,-0.269,-0.986,True,False,False,False,False,False,True,False,False,False,False,True
-0.962,8.316,-0.287,3.921,0.940,-0.788,False,True,False,False,False,False,False,True,False,False,False,True
0.294,0.260,0.516,-0.279,4.091,-1.106,True,False,False,False,False,False,False,False,False,False,False,True
-0.334,-0.341,-0.287,-0.291,-0.269,-0.246,False,False,True,False,False,False,False,False,False,True,False,True
1.409,-0.341,0.000,-0.291,0.197,-0.052,False,False,False,False,False,False,False,False,True,False,False,True
-0.334,1.557,-0.284,0.000,0.354,-0.050,False,False,False,False,False,False,False,False,True,False,False,True
-0.334,-0.078,-0.287,-0.267,0.263,-0.786,False,False,False,False,False,False,False,True,False,False,False,True
-0.195,-0.341,-0.287,-0.291,-0.269,-0.992,True,False,True,False,True,False,False,False,False,False,False,False
0.782,-0.341,-0.287,-0.291,-0.269,-0.992,True,False,True,False,True,False,False,False,False,False,False,False
0.154,-0.341,0.096,-0.287,-0.250,0.058,False,False,False,False,False,False,False,False,True,False,False,False
1.270,-0.341,3.007,-0.291,-0.004,-0.954,True,False,False,False,False,True,False,False,False,False,False,True
-0.683,0.775,-0.287,-0.291,-0.268,0.060,False,False,False,False,False,False,False,False,True,False,False,False
0.642,-0.341,0.702,-0.291,3.578,-0.978,True,False,False,True,False,True,False,False,False,False,False,False
0.294,-0.341,0.341,3.526,-0.243,-0.978,True,False,False,False,False,True,False,False,False,False,False,False
1.130,-0.341,-0.287,-0.291,-0.269,-0.952,True,False,True,False,False,True,False,False,False,False,False,True
-1.938,-0.341,-0.287,-0.291,-0.269,-0.244,False,False,True,False,False,False,False,False,False,True,False,True
0.224,-0.341,-0.254,-0.291,-0.269,-0.048,False,False,False,False,False,False,False,False,True,False,False,True
2.874,-0.341,-0.287,-0.291,-0.269,-0.046,False,True,True,False,False,False,False,False,True,False,False,True
-0.683,-0.306,-0.287,-0.291,0.377,-0.242,False,False,False,False,False,False,False,False,False,True,False,True
1.828,-0.341,-0.287,-0.291,-0.269,-0.812,False,True,True,False,False,False,False,True,False,False,False,False
1.340,-0.341,4.983,-0.291,-0.196,-0.988,True,False,False,False,True,False,False,False,False,False,False,False
2.595,1.459,-0.287,0.000,-0.269,-0.240,False,False,False,False,False,False,False,False,False,True,False,True
-1.101,0.000,-0.127,-0.291,0.092,0.064,False,False,False,False,False,False,False,False,True,False,False,False
0.782,-0.216,0.585,-0.291,5.235,-0.950,True,False,False,False,False,True,False,False,False,False,False,True
0.433,-0.341,0.615,-0.291,-0.204,-0.784,False,False,False,False,False,False,False,True,False,False,False,True
0.224,-0.341,-0.257,-0.287,-0.269,0.066,False,False,False,False,False,False,False,False,True,False,False,False
1.549,2.151,-0.287,0.101,-0.213,-0.808,False,True,False,False,False,False,False,True,False,False,False,False
0.572,-0.341,-0.152,-0.291,2.707,-0.956,True,False,False,False,True,False,False,False,False,False,False,True
0.154,0.443,-0.287,0.213,-0.265,-0.238,False,False,False,False,False,False,False,False,False,True,False,True
0.572,0.581,-0.287,-0.281,1.176,-0.044,False,False,False,False,False,False,False,False,True,False,False,True
0.642,-0.341,1.802,0.161,2.828,-0.976,True,False,False,False,False,True,False,False,False,False,False,False
-0.683,-0.341,-0.081,-0.291,0.006,-0.976,True,False,False,False,False,True,False,False,False,False,False,False
0.294,-0.341,-0.287,-0.291,-0.269,0.068,False,True,True,False,False,False,False,False,True,False,False,False
-0.683,-0.341,-0.287,2.642,-0.269,0.070,False,False,False,False,False,False,False,False,True,False,False,False
0.154,-0.338,0.207,-0.291,-0.261,-0.236,False,False,False,False,False,False,False,False,False,True,False,True
0.991,-0.272,-0.282,-0.291,-0.230,-0.236,False,False,False,False,False,False,False,False,False,True,False,True
-0.474,-0.341,-0.287,-0.291,-0.269,-0.206,False,False,True,False,False,False,False,False,False,True,False,False
-0.334,-0.341,-0.287,-0.291,-0.269,-0.204,False,False,True,False,False,False,False,False,False,True,False,False
-0.543,-0.341,0.263,-0.154,1.305,-0.974,True,False,False,False,False,True,False,False,False,False,False,False
-1.031,-0.341,-0.287,-0.291,-0.269,-0.974,True,False,False,False,False,True,False,False,False,False,False,False
0.084,0.763,1.313,-0.291,1.323,-0.986,True,False,False,False,True,False,False,False,False,False,False,False
-0.474,-0.341,-0.287,-0.291,-0.269,-0.986,True,False,True,False,True,False,False,False,False,False,False,False
-1.241,-0.341,-0.287,-0.291,-0.269,-0.234,False,False,False,False,False,False,False,False,False,True,False,True
-1.729,-0.341,-0.287,-0.291,-0.269,-0.234,False,False,True,False,False,False,False,False,False,True,False,True
-2.008,-0.341,-0.287,-0.291,-0.269,-0.234,False,False,False,False,False,False,False,False,False,True,False,True
0.084,0.385,-0.280,-0.249,-0.019,-0.042,False,False,False,False,False,False,False,False,True,False,False,True
-0.543,-0.341,-0.270,1.686,0.184,-0.232,False,False,False,False,False,False,False,False,False,True,False,True
0.782,-0.341,-0.287,-0.291,-0.269,-0.334,True,False,False,False,False,False,False,False,True,False,False,True
1.967,0.426,-0.287,-0.289,-0.269,0.074,False,False,False,False,False,False,False,False,True,False,False,False
0.433,1.521,-0.287,-0.291,-0.269,-0.040,False,True,False,False,False,False,False,False,True,False,False,True
0.224,-0.341,-0.287,-0.291,-0.269,-1.104,True,False,False,False,False,False,False,False,False,False,False,True
0.224,3.625,-0.287,-0.287,-0.269,-0.038,False,True,False,False,False,False,False,False,True,False,False,True
0.084,-0.341,-0.287,0.213,0.117,-0.036,False,False,False,False,False,False,False,False,True,False,False,True
2.804,0.534,-0.200,-0.291,-0.269,0.078,False,False,False,False,False,False,False,False,True,False,False,False
-0.543,-0.341,-0.287,-0.291,-0.269,-0.230,False,False,True,False,False,False,False,False,False,True,False,True
-0.822,-0.341,0.000,-0.291,-0.269,-0.802,False,True,True,False,False,False,False,True,False,False,False,False
-0.892,1.168,-0.287,-0.281,-0.269,-0.802,False,True,False,False,False,False,False,True,False,False,False,False
-0.264,-0.341,-0.287,-0.291,-0.269,-0.782,False,True,True,False,False,False,False,True,False,False,False,True
-0.264,2.064,1.182,1.294,-0.025,-0.800,True,False,False,False,False,False,False,True,False,False,False,False
1.618,-0.341,-0.286,-0.291,0.446,-0.334,True,False,False,False,False,False,False,False,True,False,False,True
-1.101,0.536,-0.239,-0.291,-0.265,-0.034,False,False,False,False,False,False,False,False,True,False,False,True
0.572,1.306,-0.287,-0.291,-0.269,0.080,False,False,False,False,False,False,False,False,True,False,False,False
-1.101,0.811,-0.286,-0.287,-0.269,-0.030,False,True,False,False,False,False,False,False,True,False,False,True
1.130,4.675,-0.287,-0.274,-0.269,-0.984,False,True,False,False,False,False,True,False,False,False,False,True
1.828,-0.341,-0.287,-0.291,-0.269,-0.780,False,True,False,False,False,False,False,True,False,False,False,True
-0.474,0.666,-0.287,-0.291,-0.269,0.082,False,False,False,False,False,False,False,False,True,False,False,False
0.712,-0.341,-0.287,-0.291,-0.205,-0.194,False,False,False,False,False,False,False,False,False,True,False,False
0.433,0.783,-0.287,-0.239,-0.237,-0.982,False,True,False,False,False,False,True,False,False,False,False,True
-0.683,-0.341,-0.287,-0.291,-0.269,-0.192,False,False,True,False,False,False,False,False,False,True,False,False
-1.519,-0.341,-0.287,-0.291,-0.269,-0.192,False,False,True,False,False,False,False,False,False,True,False,False
-0.683,-0.339,-0.287,-0.291,-0.045,-0.798,False,False,False,False,False,False,False,True,False,False,False,False
-0.543,-0.341,-0.287,-0.291,-0.269,-0.226,False,False,True,False,False,False,False,False,False,True,False,True
0.572,-0.341,1.008,2.471,-0.268,-0.992,True,False,False,False,False,False,True,False,False,False,False,False
0.433,2.098,-0.287,-0.291,-0.269,-0.796,False,False,False,False,False,False,False,True,False,False,False,False
-0.474,-0.341,-0.287,-0.291,-0.269,-0.224,False,False,True,False,False,False,False,False,False,True,False,True
2.316,0.234,-0.003,-0.291,-0.269,-0.190,False,False,False,False,False,False,False,False,False,True,False,False
0.851,-0.341,-0.287,-0.291,-0.269,-0.188,False,False,True,False,False,False,False,False,False,True,False,False
-0.892,0.000,-0.287,-0.291,-0.269,-0.954,True,False,True,False,True,False,False,False,False,False,False,True
-0.195,-0.341,0.000,-0.277,5.046,-0.954,True,False,False,False,True,False,False,False,False,False,False,True
0.503,-0.341,-0.287,-0.291,-0.269,0.086,False,True,True,False,False,False,False,False,True,False,False,False
-0.125,-0.341,-0.287,-0.291,-0.269,-0.186,False,False,True,False,False,False,False,False,False,True,False,False
-0.474,-0.288,-0.287,-0.231,-0.269,0.090,False,False,False,False,False,False,False,False,True,False,False,False
0.782,-0.341,-0.287,-0.291,-0.267,-0.024,False,False,False,False,False,False,False,False,True,False,False,True
1.479,-0.341,0.683,-0.291,-0.268,-0.944,True,False,False,False,False,True,False,False,False,False,False,True
1.967,-0.341,-0.287,-0.291,-0.269,-0.944,True,False,True,False,False,True,False,False,False,False,False,True
-0.962,-0.339,-0.268,2.711,-0.269,-0.184,False,False,False,False,False,False,False,False,False,True,False,False
-0.404,-0.341,0.081,-0.291,0.626,-0.980,True,False,False,False,False,False,True,False,False,False,False,True
2.176,-0.341,-0.287,-0.291,-0.269,-0.978,False,True,True,False,False,False,True,False,False,False,False,True
3.083,-0.341,-0.287,-0.291,0.222,-0.182,False,False,False,False,False,False,False,False,False,True,False,False
0.433,-0.341,-0.287,-0.291,-0.269,-0.180,False,False,False,False,False,False,False,False,False,True,False,False
-0.055,-0.341,-0.287,-0.291,-0.269,-1.128,True,False,False,False,False,False,False,False,False,False,False,False
-0.125,-0.341,3.484,-0.291,-0.242,-0.950,True,False,False,True,True,False,False,False,False,False,False,True
-1.031,-0.341,0.306,-0.291,0.070,-0.334,True,False,False,False,False,False,False,False,True,False,False,True
-0.195,0.000,-0.287,-0.291,-0.269,-0.976,True,False,True,False,False,False,True,False,False,False,False,True
-0.474,0.000,-0.287,-0.120,0.349,-0.178,False,False,False,False,False,False,False,False,False,True,False,False
-0.474,3.038,-0.287,1.967,-0.269,-0.794,False,True,False,False,False,False,False,True,False,False,False,False
2.943,1.060,0.518,-0.274,-0.269,-0.023,False,True,False,False,False,False,False,False,True,False,False,True
-0.264,-0.333,-0.287,0.769,-0.103,-0.974,False,True,False,False,False,False,True,False,False,False,False,True
-0.125,-0.341,-0.287,-0.291,-0.269,-0.777,False,True,True,False,False,False,False,True,False,False,False,True
-1.938,-0.341,-0.287,-0.291,-0.269,-0.220,False,False,False,False,False,False,False,False,False,True,False,True
1.618,0.886,-0.287,-0.291,-0.269,-0.021,False,False,False,False,False,False,False,False,True,False,False,True
-2.008,-0.341,-0.287,-0.291,-0.269,-0.220,False,False,True,False,False,False,False,False,False,True,False,True
0.084,-0.341,-0.287,-0.291,-0.269,-0.978,True,False,True,False,True,False,False,False,False,False,False,False
1.618,-0.341,4.387,-0.291,6.772,-0.976,True,False,False,True,True,False,False,False,False,False,False,False
-1.171,-0.341,-0.287,-0.291,-0.269,-0.176,False,False,False,False,False,False,False,False,False,True,False,False
-0.474,-0.341,0.000,-0.291,-0.269,-0.176,False,False,True,False,False,False,False,False,False,True,False,False
-0.334,0.448,-0.287,-0.291,-0.269,-0.173,False,False,False,False,False,False,False,False,False,True,False,False
-0.474,1.437,-0.287,-0.291,-0.269,-0.990,False,True,False,False,False,False,True,False,False,False,False,False
-0.962,-0.341,-0.287,-0.291,-0.269,-0.214,False,False,True,False,False,False,False,False,False,True,False,True
-0.543,0.000,-0.287,-0.291,-0.269,-0.988,False,True,True,False,False,False,True,False,False,False,False,False
1.897,-0.341,-0.287,-0.291,-0.269,-0.988,False,True,True,False,False,False,True,False,False,False,False,False
1.479,2.082,-0.287,-0.031,-0.269,-0.986,False,True,False,False,False,False,True,False,False,False,False,False
-0.613,-0.148,-0.287,0.807,-0.250,0.096,False,False,False,False,False,False,False,False,True,False,False,False
0.224,-0.341,-0.287,-0.212,-0.249,0.098,False,False,False,False,False,False,False,False,True,False,False,False
-0.055,-0.341,-0.287,-0.291,-0.269,-0.171,False,False,True,False,False,False,False,False,False,True,False,False
3.153,0.525,-0.287,-0.291,-0.269,-0.210,False,False,False,False,False,False,False,False,False,True,False,True
-0.264,-0.341,-0.287,-0.291,-0.269,-0.775,False,True,True,False,False,False,False,True,False,False,False,True
0.154,0.707,-0.285,-0.177,-0.269,-0.775,False,True,False,False,False,False,False,True,False,False,False,True
-1.589,-0.341,-0.287,-0.291,-0.269,-0.208,False,False,True,False,False,False,False,False,False,True,False,True
-0.822,-0.341,-0.287,-0.291,-0.269,-0.169,False,False,True,False,False,False,False,False,False,True,False,False
-1.171,-0.341,-0.287,-0.291,-0.269,0.102,False,True,True,False,False,False,False,False,True,False,False,False
1.270,1.372,-0.282,0.210,-0.269,0.102,False,True,False,False,False,False,False,False,True,False,False,False
1.200,-0.341,-0.287,-0.291,-0.269,0.102,False,True,True,False,False,False,False,False,True,False,False,False
0.154,-0.130,2.233,-0.269,0.737,-0.948,True,False,False,False,True,False,False,False,False,False,False,True
0.503,-0.341,-0.287,-0.291,-0.269,-0.948,True,False,False,False,True,False,False,False,False,False,False,True
-0.962,-0.247,-0.252,4.139,0.006,-0.167,False,False,False,False,False,False,False,False,False,True,False,False
0.642,1.002,-0.287,0.744,-0.269,-0.017,False,True,False,False,False,False,False,False,True,False,False,True
1.340,-0.341,-0.287,-0.291,-0.269,-0.206,False,False,True,False,False,False,False,False,False,True,False,True
-0.543,-0.341,-0.287,-0.291,-0.269,-0.206,False,False,True,False,False,False,False,False,False,True,False,True
-1.729,-0.341,-0.287,-0.291,-0.269,-0.206,False,False,True,False,False,False,False,False,False,True,False,True
0.154,-0.341,-0.287,-0.291,-0.269,0.104,False,True,True,False,False,False,False,False,True,False,False,False
0.154,-0.341,-0.200,0.369,-0.269,-0.165,False,False,False,False,False,False,False,False,False,True,False,False
2.316,-0.341,2.543,-0.291,0.999,-0.942,True,False,False,True,False,True,False,False,False,False,False,True
0.015,-0.341,-0.287,-0.291,-0.269,-0.163,False,False,True,False,False,False,False,False,False,True,False,False
0.084,-0.341,-0.285,2.394,1.214,-0.334,False,False,False,False,False,False,False,False,True,False,False,True
-0.195,1.042,-0.287,-0.219,-0.269,-0.771,False,True,False,False,False,False,False,True,False,False,False,True
0.991,-0.291,0.413,-0.192,-0.255,-0.011,False,True,False,False,False,False,False,False,True,False,False,True
0.224,1.307,-0.287,-0.172,-0.269,-0.011,False,True,False,False,False,False,False,False,True,False,False,True
-0.334,-0.341,-0.287,-0.291,-0.000,-0.009,False,True,True,False,False,False,False,False,True,False,False,True
1.409,-0.341,-0.287,-0.291,-0.269,0.110,False,True,True,False,False,False,False,False,True,False,False,False
-0.543,-0.315,-0.019,-0.239,-0.269,-0.005,False,False,False,False,False,False,False,False,True,False,False,True
-0.752,-0.341,0.171,-0.159,-0.000,-0.202,False,False,False,False,False,False,False,False,False,True,False,True
-0.752,-0.341,-0.287,-0.291,-0.269,-0.202,False,False,True,False,False,False,False,False,False,True,False,True
-1.031,-0.341,-0.287,-0.291,-0.269,-0.198,False,False,True,False,False,False,False,False,False,True,False,True
-0.543,1.944,0.000,-0.286,0.786,-0.980,False,True,False,False,False,False,True,False,False,False,False,False
-0.264,-0.341,-0.287,-0.291,-0.269,0.114,False,True,True,False,False,False,False,False,True,False,False,False
1.897,-0.341,-0.085,1.335,3.473,-0.767,True,False,False,False,False,False,False,True,False,False,False,True
-2.008,-0.341,-0.287,-0.291,-0.269,-0.190,False,False,False,False,False,False,False,False,False,True,False,True
1.828,-0.341,-0.287,-0.282,1.857,-0.001,False,False,False,False,False,False,False,False,True,False,False,True
-1.031,-0.341,-0.287,-0.291,-0.269,-0.190,False,False,True,False,False,False,False,False,False,True,False,True
-1.101,1.186,-0.287,-0.053,-0.269,0.118,False,True,False,False,False,False,False,False,True,False,False,False
0.991,-0.335,-0.287,2.779,-0.211,0.118,False,True,False,False,False,False,False,False,True,False,False,False
0.712,-0.341,-0.287,-0.291,-0.269,-0.159,False,False,True,False,False,False,False,False,False,True,False,False
-0.125,0.000,-0.287,-0.291,-0.269,0.120,False,True,True,False,False,False,False,False,True,False,False,False
-0.334,-0.341,-0.283,0.627,-0.269,0.122,False,False,False,False,False,False,False,False,True,False,False,False
-0.195,-0.027,-0.068,-0.167,-0.266,0.003,False,False,False,False,False,False,False,False,True,False,False,True
-0.474,-0.341,-0.287,-0.291,-0.269,-0.186,False,False,True,False,False,False,False,False,False,True,False,True
-0.195,-0.341,-0.287,1.972,-0.269,0.124,False,False,False,False,False,False,False,False,True,False,False,False
-0.683,-0.106,-0.287,2.441,-0.269,-0.978,False,True,False,False,False,False,True,False,False,False,False,False
0.642,-0.341,-0.287,-0.291,-0.269,0.126,False,True,True,False,False,False,False,False,True,False,False,False
0.642,-0.341,-0.287,-0.291,-0.269,-0.972,True,False,True,False,True,False,False,False,False,False,False,False
3.362,-0.341,5.378,-0.291,1.023,-0.790,True,False,False,False,False,False,False,True,False,False,False,False
-0.055,3.964,-0.287,-0.291,-0.269,0.005,False,False,False,False,False,False,False,False,True,False,False,True
-0.474,0.000,-0.287,0.344,0.027,0.131,False,False,False,False,False,False,False,False,True,False,False,False
-0.613,-0.335,-0.066,0.032,-0.269,-0.788,False,False,False,False,False,False,False,True,False,False,False,False
-0.752,-0.341,-0.287,0.879,-0.269,0.007,False,False,False,False,False,False,False,False,True,False,False,True
-1.310,-0.341,-0.287,-0.291,-0.269,-0.946,True,False,False,False,True,False,False,False,False,False,False,True
0.363,-0.341,-0.287,-0.291,-0.269,-0.946,True,False,True,False,True,False,False,False,False,False,False,True
0.991,-0.341,0.207,-0.291,0.782,0.009,False,False,False,False,False,False,False,False,True,False,False,True
0.154,-0.341,-0.287,-0.291,-0.269,-0.765,False,True,True,False,False,False,False,True,False,False,False,True
0.782,-0.341,-0.287,-0.291,-0.269,-0.976,False,True,True,False,False,False,True,False,False,False,False,False
-0.264,1.628,-0.287,-0.291,-0.269,-0.976,False,True,False,False,False,False,True,False,False,False,False,False
2.734,-0.341,-0.287,-0.291,-0.269,0.013,False,True,True,False,False,False,False,False,True,False,False,True
-0.613,-0.341,-0.287,-0.045,-0.269,0.135,False,False,False,False,False,False,False,False,True,False,False,False
-0.125,0.128,0.000,1.130,-0.269,0.137,False,True,False,True,False,False,False,False,True,False,False,False
-1.938,-0.341,-0.287,-0.291,-0.269,-0.180,False,False,False,False,False,False,False,False,False,True,False,True
2.176,-0.341,-0.268,-0.281,0.045,-0.180,False,False,False,False,False,False,False,False,False,True,False,True
-0.055,-0.341,-0.287,0.839,-0.269,-0.180,False,False,False,False,False,False,False,False,False,True,False,True
-1.241,-0.341,-0.287,-0.291,-0.269,-0.180,False,False,False,False,False,False,False,False,False,True,False,True
-2.008,-0.341,-0.287,-0.291,-0.269,-0.334,False,False,False,False,False,False,False,False,True,False,False,True
-1.380,-0.341,-0.287,-0.291,-0.269,-0.180,False,False,True,False,False,False,False,False,False,True,False,True
0.642,1.245,-0.287,2.309,-0.269,0.139,False,True,False,False,False,False,False,False,True,False,False,False
-0.752,-0.341,-0.287,0.000,-0.269,0.141,False,False,False,False,False,False,False,False,True,False,False,False
0.782,-0.335,-0.280,0.829,0.413,0.143,False,False,False,False,False,False,False,False,True,False,False,False
-0.543,0.160,-0.280,-0.291,0.082,0.145,False,False,False,False,False,False,False,False,True,False,False,False
-0.334,-0.341,-0.287,-0.291,-0.269,-0.178,False,False,True,False,False,False,False,False,False,True,False,True
-0.195,0.000,0.749,-0.279,1.017,-1.124,True,False,False,False,False,False,False,False,False,False,False,False
1.270,5.518,2.102,-0.291,-0.096,-1.124,True,False,False,False,False,False,False,False,False,False,False,False
1.200,-0.341,-0.205,0.000,0.145,-1.124,True,False,False,False,False,False,False,False,False,False,False,False
1.828,-0.341,-0.287,-0.291,-0.269,-0.176,False,False,True,False,False,False,False,False,False,True,False,True
1.479,0.104,-0.287,-0.256,-0.269,-0.151,False,False,False,False,False,False,False,False,False,True,False,False
-1.310,-0.341,-0.287,-0.291,-0.269,0.149,False,True,True,False,False,False,False,False,True,False,False,False
-0.822,0.348,-0.275,-0.291,2.572,-0.761,True,False,False,False,False,False,False,True,False,False,False,True
-0.613,-0.324,0.087,-0.291,-0.034,-0.761,True,False,False,False,False,False,False,True,False,False,False,True
0.572,-0.225,1.471,-0.291,0.816,-0.761,True,False,False,False,False,False,False,True,False,False,False,True
-0.334,-0.324,-0.287,-0.276,-0.267,0.151,False,False,False,False,False,False,False,False,True,False,False,False
0.991,0.434,-0.141,0.000,-0.142,-0.149,False,False,False,False,False,False,False,False,False,True,False,False
-2.008,-0.341,-0.287,-0.291,-0.269,-0.149,False,False,False,False,False,False,False,False,False,True,False,False
-0.334,-0.068,-0.122,-0.291,-0.269,-0.759,False,False,False,False,False,False,False,True,False,False,False,True
-0.474,0.743,-0.287,0.924,-0.269,-0.974,False,True,False,False,False,False,True,False,False,False,False,False
-1.031,-0.341,-0.287,-0.291,-0.269,-0.174,False,False,True,False,False,False,False,False,False,True,False,True
-1.798,-0.341,-0.287,-0.291,-0.269,-0.173,False,False,True,False,False,False,False,False,False,True,False,True
-0.474,-0.341,-0.287,-0.291,-0.269,-0.173,False,False,True,False,False,False,False,False,False,True,False,True
-0.404,-0.341,0.699,-0.291,-0.269,-0.757,False,False,False,False,False,False,False,True,False,False,False,True
1.897,0.151,0.073,-0.097,-0.269,-0.786,False,True,False,False,False,False,False,True,False,False,False,False
0.503,-0.333,0.103,-0.144,-0.268,0.019,False,False,False,False,False,False,False,False,True,False,False,True
2.037,-0.262,-0.287,-0.282,-0.269,0.019,False,False,False,False,False,False,False,False,True,False,False,True
-1.938,-0.341,-0.287,-0.291,-0.269,-0.171,False,False,False,False,False,False,False,False,False,True,False,True
0.712,-0.341,-0.287,-0.291,-0.269,-0.755,False,True,True,False,False,False,False,True,False,False,False,True
0.294,-0.341,-0.287,-0.165,-0.269,-0.147,False,False,False,False,False,False,False,False,False,True,False,False
-0.683,-0.341,-0.287,0.740,-0.269,-0.169,False,False,False,False,False,False,False,False,False,True,False,True
-0.125,-0.316,-0.287,1.047,-0.236,-0.145,False,False,False,False,False,False,False,False,False,True,False,False
0.294,-0.341,0.309,-0.291,-0.269,0.021,False,False,False,False,False,False,False,False,True,False,False,True
-0.822,-0.341,-0.287,-0.291,-0.269,-0.940,True,False,True,False,False,True,False,False,False,False,False,True
-0.055,-0.341,1.771,-0.291,0.032,-0.940,True,False,False,False,False,True,False,False,False,False,False,True
-0.543,-0.245,-0.278,0.390,-0.269,-0.165,False,False,False,False,False,False,False,False,False,True,False,True
1.130,-0.336,1.183,1.551,-0.269,-0.944,True,False,False,False,True,False,False,False,False,False,False,True
2.316,-0.341,-0.287,-0.291,-0.269,0.153,False,True,True,False,False,False,False,False,True,False,False,False
0.991,-0.341,-0.287,-0.291,-0.269,0.025,False,True,True,False,False,False,False,False,True,False,False,True
-0.125,-0.101,-0.287,1.837,-0.206,0.027,False,False,False,False,False,False,False,False,True,False,False,True
-1.938,-0.341,-0.287,-0.291,-0.269,-0.143,False,False,True,False,False,False,False,False,False,True,False,False
0.154,0.558,0.051,0.108,-0.201,0.157,False,False,False,False,False,False,False,False,True,False,False,False
-0.752,-0.341,-0.268,-0.291,-0.265,-0.782,False,False,False,False,False,False,False,True,False,False,False,False
-0.543,1.322,-0.287,-0.157,-0.269,-0.972,False,True,False,False,False,False,True,False,False,False,False,False
-1.519,-0.341,-0.287,-0.291,-0.269,0.159,False,True,False,False,False,False,False,False,True,False,False,False
-0.474,3.670,-0.287,0.712,-0.269,-0.972,False,True,False,False,False,False,True,False,False,False,False,False
-0.195,-0.341,-0.287,-0.291,-0.269,-0.753,False,True,True,False,False,False,False,True,False,False,False,True
0.084,-0.341,-0.287,-0.291,-0.269,-0.161,False,False,True,False,False,False,False,False,False,True,False,True
-0.822,-0.341,-0.048,0.382,-0.263,-0.751,False,False,False,False,False,False,False,True,False,False,False,True
-0.125,-0.341,-0.287,-0.291,-0.269,-0.141,False,False,True,False,False,False,False,False,False,True,False,False
-1.310,-0.341,0.000,-0.291,-0.000,-0.159,False,False,False,False,False,False,False,False,False,True,False,True
-0.264,0.818,-0.277,-0.291,-0.269,-0.779,False,False,False,False,False,False,False,True,False,False,False,False
-0.543,-0.341,0.000,-0.291,-0.269,-0.139,False,False,False,False,False,False,False,False,False,True,False,False
1.688,-0.328,-0.287,0.104,1.539,0.033,False,False,False,False,False,False,False,False,True,False,False,True
-0.543,-0.341,-0.287,0.859,-0.251,-0.135,False,False,False,False,False,False,False,False,False,True,False,False
-0.055,-0.341,1.792,-0.291,-0.194,-0.938,True,False,False,False,False,True,False,False,False,False,False,True
-0.613,-0.341,-0.287,-0.291,-0.269,-0.157,False,False,True,False,False,False,False,False,False,True,False,True
1.758,-0.341,-0.287,-0.291,-0.269,-0.749,True,False,True,False,False,False,False,True,False,False,False,True
-1.380,-0.341,-0.287,-0.291,-0.269,-0.133,False,False,True,False,False,False,False,False,False,True,False,False
-0.613,0.429,-0.287,-0.289,-0.269,-0.131,False,False,False,False,False,False,False,False,False,True,False,False
-0.683,-0.341,-0.184,-0.291,-0.269,0.037,False,False,False,False,False,False,False,False,True,False,False,True
0.224,-0.341,0.109,-0.291,-0.269,0.167,False,False,False,False,False,False,False,False,True,False,False,False
-0.474,-0.341,-0.287,-0.291,-0.269,-0.745,False,True,False,False,False,False,False,True,False,False,False,True
0.433,-0.228,2.900,-0.291,1.440,-0.936,True,False,False,False,False,True,False,False,False,False,False,True
-0.195,-0.341,-0.252,0.248,-0.055,-0.129,False,False,False,False,False,False,False,False,False,True,False,False
1.549,-0.341,-0.287,-0.291,-0.269,-0.127,False,False,True,False,False,False,False,False,False,True,False,False
-1.450,-0.341,-0.287,-0.291,-0.269,-0.127,False,False,False,False,False,False,False,False,False,True,False,False
0.782,-0.341,-0.287,1.207,-0.269,-0.155,False,False,False,False,False,False,False,False,False,True,False,True
-1.868,-0.341,-0.287,-0.291,-0.269,-0.155,False,False,True,False,False,False,False,False,False,True,False,True
-0.683,-0.341,-0.287,-0.291,-0.269,-0.153,False,False,True,False,False,False,False,False,False,True,False,True
0.224,-0.341,-0.287,-0.291,-0.269,-0.125,False,False,True,False,False,False,False,False,False,True,False,False
-0.892,2.103,-0.285,-0.291,-0.269,-0.125,False,False,False,False,False,False,False,False,False,True,False,False
2.455,-0.341,-0.287,-0.264,-0.129,-0.125,False,False,False,False,False,False,False,False,False,True,False,False
0.433,0.047,-0.287,0.280,-0.269,0.041,False,False,False,False,False,False,False,False,True,False,False,True
0.294,-0.310,0.122,-0.291,0.157,-1.120,True,False,False,False,False,False,False,False,False,False,False,False
-1.380,-0.341,-0.287,-0.291,-0.269,-0.934,True,False,False,False,False,True,False,False,False,False,False,True
-0.543,-0.341,-0.287,-0.291,-0.269,-0.934,True,False,True,False,False,True,False,False,False,False,False,True
-0.055,-0.341,-0.287,-0.291,-0.269,-0.934,True,False,True,False,False,True,False,False,False,False,False,True
-0.055,-0.341,-0.287,-0.291,-0.269,-0.934,True,False,True,False,False,True,False,False,False,False,False,True
0.154,-0.341,-0.287,-0.291,-0.269,-0.123,False,False,True,False,False,False,False,False,False,True,False,False
0.224,1.403,-0.161,-0.291,-0.262,0.173,False,False,False,False,False,False,False,False,True,False,False,False
0.991,-0.341,-0.287,-0.291,-0.269,-0.940,True,False,True,False,True,False,False,False,False,False,False,True
2.176,-0.341,-0.287,-0.291,-0.269,-0.940,True,False,True,False,True,False,False,False,False,False,False,True
0.991,-0.341,0.616,-0.291,-0.137,-0.940,True,False,False,False,True,False,False,False,False,False,False,True
0.991,-0.341,-0.277,-0.234,-0.268,0.045,False,False,False,False,False,False,False,False,True,False,False,True
-0.683,-0.244,-0.287,0.467,-0.264,0.045,False,False,False,False,False,False,False,False,True,False,False,True
-0.543,-0.341,-0.287,-0.291,-0.147,-0.149,False,False,False,False,False,False,False,False,False,True,False,True
0.642,-0.341,-0.287,-0.291,-0.269,-0.149,False,False,False,False,False,False,False,False,False,True,False,True
-0.822,-0.341,-0.287,-0.291,-0.269,-0.121,False,False,True,False,False,False,False,False,False,True,False,False
0.015,-0.341,-0.287,-0.291,-0.269,-0.121,False,False,True,False,False,False,False,False,False,True,False,False
-1.868,0.000,-0.287,-0.291,-0.269,-0.147,False,False,False,False,False,False,False,False,False,True,False,True
-0.474,0.748,-0.286,-0.207,-0.269,-0.334,False,False,False,False,False,False,False,False,True,False,False,True
-0.752,-0.341,0.000,-0.267,-0.269,0.049,False,False,False,False,False,False,False,False,True,False,False,True
-0.892,-0.341,-0.287,-0.291,-0.269,-0.119,False,False,True,False,False,False,False,False,False,True,False,False
1.618,-0.341,-0.287,-0.291,-0.269,-0.938,True,False,True,False,True,False,False,False,False,False,False,True
1.618,-0.321,3.522,-0.291,-0.005,-0.334,True,False,False,False,False,False,False,False,True,False,False,True
-1.031,0.000,-0.287,-0.291,-0.269,-0.938,True,False,True,False,True,False,False,False,False,False,False,True
-0.264,-0.341,-0.287,-0.291,-0.269,-0.938,True,False,False,True,True,False,False,False,False,False,False,True
0.363,-0.341,-0.287,-0.291,-0.269,-0.938,True,False,True,False,True,False,False,False,False,False,False,True
-0.613,1.046,-0.280,-0.249,0.005,0.053,False,True,False,False,False,False,False,False,True,False,False,True
-0.055,-0.341,-0.287,-0.291,-0.269,-0.117,False,False,True,False,False,False,False,False,False,True,False,False
-0.125,-0.341,-0.287,-0.291,-0.269,-0.117,False,False,True,False,False,False,False,False,False,True,False,False
-0.613,3.598,0.294,-0.291,-0.267,-0.115,False,False,False,False,False,False,False,False,False,True,False,False
1.061,0.617,-0.287,-0.122,-0.269,0.054,False,False,False,False,False,False,False,False,True,False,False,True
2.455,0.134,0.203,-0.277,-0.269,0.177,False,False,False,False,False,False,False,False,True,False,False,False
-0.125,-0.341,-0.287,1.007,-0.269,0.179,False,False,False,False,False,False,False,False,True,False,False,False
-0.334,-0.341,-0.287,-0.291,-0.269,-0.143,False,False,False,False,False,False,False,False,False,True,False,True
0.642,-0.341,-0.287,-0.291,-0.269,0.181,False,True,True,False,False,False,False,False,True,False,False,False
1.270,0.232,-0.287,-0.095,-0.153,0.181,False,True,False,False,False,False,False,False,True,False,False,False
-1.450,-0.341,-0.287,-0.291,-0.269,-0.141,False,False,True,False,False,False,False,False,False,True,False,True
-1.938,-0.341,-0.287,-0.291,-0.269,-0.141,False,False,False,False,False,False,False,False,False,True,False,True
-2.008,-0.341,-0.287,-0.291,-0.269,-0.141,False,False,False,False,False,False,False,False,False,True,False,True
-0.613,-0.341,-0.287,-0.291,-0.269,-0.141,False,False,False,False,False,False,False,False,False,True,False,True
0.851,-0.341,-0.287,-0.291,-0.269,-0.970,True,False,True,False,False,False,True,False,False,False,False,False
0.433,-0.341,-0.287,-0.291,-0.269,-0.968,False,True,True,False,False,False,True,False,False,False,False,False
0.154,1.274,-0.279,-0.040,-0.269,-0.968,False,True,False,False,False,False,True,False,False,False,False,False
-1.031,-0.341,-0.260,0.553,-0.269,0.185,False,False,False,False,False,False,False,False,True,False,False,False
-0.264,-0.341,-0.287,0.985,-0.225,-0.113,False,False,False,False,False,False,False,False,False,True,False,False
-0.195,-0.341,-0.287,-0.291,-0.269,-0.966,True,False,True,False,False,False,True,False,False,False,False,False
-0.195,-0.341,0.740,-0.291,-0.070,-0.741,True,False,False,False,False,False,False,True,False,False,False,True
0.084,-0.341,0.388,-0.291,-0.261,-0.777,True,False,False,False,False,False,False,True,False,False,False,False
1.409,-0.341,-0.287,-0.291,-0.269,-0.936,True,False,True,False,True,False,False,False,False,False,False,True
-0.683,0.054,-0.287,0.108,-0.262,0.058,False,False,False,False,False,False,False,False,True,False,False,True
-0.962,-0.325,-0.287,-0.125,1.523,0.060,False,False,False,False,False,False,False,False,True,False,False,True
-0.125,-0.341,-0.287,-0.291,1.289,-0.111,False,False,False,False,False,False,False,False,False,True,False,False
0.712,-0.341,0.313,-0.291,0.085,-0.934,True,False,False,False,True,False,False,False,False,False,False,True
0.224,-0.341,-0.287,-0.291,-0.269,-0.934,True,False,True,False,True,False,False,False,False,False,False,True
-1.241,-0.341,-0.287,-0.291,-0.269,-0.934,True,False,False,False,True,False,False,False,False,False,False,True
1.061,0.000,-0.287,-0.291,-0.269,-0.934,True,False,True,False,True,False,False,False,False,False,False,True
0.503,-0.341,-0.287,-0.291,-0.269,-0.934,True,False,True,False,True,False,False,False,False,False,False,True
1.897,-0.341,-0.077,0.600,-0.246,-0.109,False,False,False,False,False,False,False,False,False,True,False,False
0.921,-0.341,-0.287,-0.291,-0.269,-0.107,False,False,True,False,False,False,False,False,False,True,False,False
0.782,-0.341,-0.287,-0.291,-0.269,-0.960,True,False,True,False,False,True,False,False,False,False,False,False
1.688,-0.341,-0.287,-0.291,-0.269,-0.960,True,False,True,False,False,True,False,False,False,False,False,False
0.154,-0.341,-0.287,-0.291,-0.269,0.066,False,True,True,False,False,False,False,False,True,False,False,True
-1.031,-0.341,-0.287,-0.291,-0.269,0.066,False,True,True,False,False,False,False,False,True,False,False,True
0.154,-0.341,-0.287,-0.291,-0.269,-0.105,False,False,True,False,False,False,False,False,False,True,False,False
0.921,-0.341,0.000,2.252,-0.265,-0.739,False,False,False,False,False,False,False,True,False,False,False,True
0.224,-0.341,-0.287,-0.291,0.412,-0.135,False,False,False,False,False,False,False,False,False,True,False,True
0.363,0.536,-0.287,-0.291,0.016,0.187,False,False,False,False,False,False,False,False,True,False,False,False
1.828,-0.341,-0.287,-0.291,-0.269,-0.103,False,False,True,False,False,False,False,False,False,True,False,False
0.921,2.135,-0.287,-0.242,-0.179,0.189,False,True,False,False,False,False,False,False,True,False,False,False
0.782,0.669,-0.285,-0.152,-0.225,0.068,False,False,False,False,False,False,False,False,True,False,False,True
1.340,0.908,-0.286,1.099,-0.269,-0.966,False,True,False,False,False,False,True,False,False,False,False,True
0.572,-0.341,-0.287,-0.291,-0.269,-0.966,False,True,True,False,False,False,True,False,False,False,False,True
-0.822,-0.341,-0.287,-0.291,-0.269,-0.966,False,True,True,False,False,False,True,False,False,False,False,True
2.176,-0.341,-0.287,-0.291,-0.269,0.191,False,True,True,False,False,False,False,False,True,False,False,False
-0.683,-0.341,-0.287,-0.291,-0.269,-0.930,True,False,True,False,True,False,False,False,False,False,False,True
0.084,-0.341,-0.174,-0.140,-0.144,-0.930,True,False,False,False,True,False,False,False,False,False,False,True
0.224,-0.341,-0.287,-0.279,-0.070,-0.930,True,False,False,False,True,False,False,False,False,False,False,True
-0.055,-0.341,-0.287,-0.291,-0.269,-0.099,False,False,True,False,False,False,False,False,False,True,False,False
-0.195,-0.341,-0.287,0.000,-0.269,-0.131,False,False,True,False,False,False,False,False,False,True,False,True
-0.334,-0.341,-0.287,-0.291,-0.269,-0.129,False,False,True,False,False,False,False,False,False,True,False,True
1.270,-0.341,-0.287,-0.291,-0.269,-0.127,False,False,True,False,False,False,False,False,False,True,False,True
0.224,-0.068,-0.272,0.687,-0.269,-0.733,False,False,False,False,False,False,False,True,False,False,False,True
3.083,-0.341,-0.287,-0.291,-0.269,-0.958,True,False,True,True,False,True,False,False,False,False,False,False
-0.822,-0.336,1.046,-0.291,-0.269,0.072,False,False,False,False,False,False,False,False,True,False,False,True
1.270,-0.341,-0.287,-0.291,-0.269,-0.098,False,False,True,False,False,False,False,False,False,True,False,False
-0.125,-0.341,-0.152,0.029,-0.217,-0.930,True,False,False,False,False,True,False,False,False,False,False,True
-1.101,-0.341,-0.287,-0.291,-0.269,-0.930,True,False,True,False,False,True,False,False,False,False,False,True
-0.474,-0.341,-0.284,-0.291,5.124,-0.930,True,False,False,False,False,True,False,False,False,False,False,True
2.246,-0.341,2.273,-0.291,-0.092,-0.930,True,False,False,False,False,True,False,False,False,False,False,True
-0.683,-0.341,2.531,-0.291,2.784,-0.930,True,False,False,False,False,True,False,False,False,False,False,True
1.130,-0.341,0.903,-0.291,0.265,-0.930,True,False,False,False,False,True,False,False,False,False,False,True
-0.752,-0.341,-0.287,-0.291,-0.269,-0.121,False,False,True,False,False,False,False,False,False,True,False,True
0.224,-0.341,0.221,-0.291,-0.267,-0.119,False,False,False,False,False,False,False,False,False,True,False,True
1.618,-0.341,0.609,-0.291,0.162,-1.118,True,False,False,True,False,False,False,False,False,False,False,False
-0.264,-0.341,-0.287,-0.291,-0.269,0.076,False,True,True,False,False,False,False,False,True,False,False,True
-1.380,-0.341,-0.287,-0.291,-0.269,0.076,False,True,True,False,False,False,False,False,True,False,False,True
-0.752,-0.341,-0.287,-0.291,-0.269,0.076,False,True,True,False,False,False,False,False,True,False,False,True
-0.195,0.746,-0.287,-0.150,-0.269,-0.964,False,False,False,False,False,False,True,False,False,False,False,True
-0.613,-0.339,-0.255,0.601,0.633,-0.773,False,False,False,False,False,False,False,True,False,False,False,False
-1.589,-0.341,-0.287,-0.291,-0.269,-0.092,False,False,False,False,False,False,False,False,False,True,False,False
-1.659,-0.341,-0.287,-0.291,-0.269,-0.092,False,False,False,False,False,False,False,False,False,True,False,False
0.782,-0.341,-0.054,-0.279,1.026,-1.116,True,False,False,False,False,False,False,False,False,False,False,False
-0.613,-0.341,-0.287,-0.291,-0.269,-0.117,False,False,True,False,False,False,False,False,False,True,False,True
-0.752,3.498,-0.287,-0.214,-0.269,-0.962,False,True,False,False,False,False,True,False,False,False,False,True
0.921,-0.341,-0.285,-0.291,-0.268,0.193,False,False,False,False,False,False,False,False,True,False,False,False
-1.031,-0.341,-0.287,-0.291,-0.269,-0.090,False,False,True,False,False,False,False,False,False,True,False,False
0.294,-0.341,-0.287,-0.291,-0.269,0.082,False,True,True,False,False,False,False,False,True,False,False,True
-0.404,0.666,-0.277,-0.291,-0.000,0.197,False,False,False,False,False,False,False,False,True,False,False,False
0.433,-0.341,-0.287,-0.291,-0.269,-0.113,False,False,True,False,False,False,False,False,False,True,False,True
1.688,-0.338,-0.276,0.889,-0.268,0.199,False,False,False,False,False,False,False,False,True,False,False,False
1.897,-0.341,-0.287,-0.291,-0.269,-0.086,False,False,True,False,False,False,False,False,False,True,False,False
0.433,-0.339,-0.287,-0.229,-0.269,0.201,False,False,False,False,False,False,False,False,True,False,False,False
-0.752,-0.339,-0.252,-0.291,-0.088,0.203,False,False,False,False,False,False,False,False,True,False,False,False
-0.264,-0.180,-0.258,0.000,0.475,-0.769,False,False,False,False,False,False,False,True,False,False,False,False
-0.613,-0.341,-0.287,-0.291,-0.269,-0.084,False,False,True,False,False,False,False,False,False,True,False,False
1.061,-0.341,-0.287,-0.291,-0.269,0.088,False,True,True,False,False,False,False,False,True,False,False,True
-0.195,-0.341,-0.287,-0.291,-0.269,-0.111,False,False,True,False,False,False,False,False,False,True,False,True
-0.404,-0.304,-0.287,1.825,-0.269,0.090,False,True,False,False,False,False,False,False,True,False,False,True
0.712,-0.341,-0.287,-0.291,-0.000,0.092,False,True,True,False,False,False,False,False,True,False,False,True
-0.264,-0.341,-0.287,-0.291,-0.269,-0.970,True,False,True,False,True,False,False,False,False,False,False,False
0.921,-0.341,0.471,-0.291,0.292,-0.970,True,False,False,False,True,False,False,False,False,False,False,False
-0.613,-0.341,-0.263,1.099,-0.269,-0.109,False,False,False,False,False,False,False,False,False,True,False,True
-1.729,-0.341,-0.287,-0.291,-0.269,-0.109,False,False,True,False,False,False,False,False,False,True,False,True
2.455,-0.341,-0.287,-0.291,-0.269,-0.109,False,False,True,False,False,False,False,False,False,True,False,True
-2.008,-0.341,-0.287,-0.291,-0.269,-0.109,False,False,False,False,False,False,False,False,False,True,False,True
-0.683,-0.341,0.003,0.159,-0.265,0.204,False,False,False,False,False,False,False,False,True,False,False,False
-1.589,-0.341,-0.287,-0.291,-0.269,-0.107,False,False,False,False,False,False,False,False,False,True,False,True
-0.404,-0.341,-0.287,-0.291,-0.269,-0.968,True,False,True,False,True,False,False,False,False,False,False,False
-0.474,-0.341,-0.119,-0.291,-0.244,-0.105,False,False,False,False,False,False,False,False,False,True,False,True
-0.752,-0.341,-0.287,2.111,-0.000,-0.101,False,False,False,False,False,False,False,False,False,True,False,True
-0.543,-0.338,-0.287,1.212,-0.269,-0.721,False,True,False,False,False,False,False,True,False,False,False,True
0.572,0.126,-0.265,0.404,-0.269,-0.080,False,False,False,False,False,False,False,False,False,True,False,False
-0.334,-0.341,-0.287,-0.291,-0.269,-0.078,False,False,True,False,False,False,False,False,False,True,False,False
0.642,-0.341,-0.287,-0.291,-0.269,-0.099,False,False,True,False,False,False,False,False,False,True,False,True
-1.241,-0.341,-0.287,-0.291,-0.269,-0.099,False,False,False,False,False,False,False,False,False,True,False,True
-1.589,-0.341,-0.287,-0.291,-0.269,-0.099,False,False,False,False,False,False,False,False,False,True,False,True
1.409,-0.341,-0.222,1.063,-0.263,-0.956,True,False,False,False,False,True,False,False,False,False,False,False
1.828,-0.341,3.458,-0.026,1.482,-0.956,True,False,False,False,False,True,False,False,False,False,False,False
-0.962,-0.341,-0.287,-0.291,-0.269,-0.098,False,False,True,False,False,False,False,False,False,True,False,True
-0.683,-0.204,-0.287,-0.291,0.256,0.206,False,False,False,False,False,False,False,False,True,False,False,False
-0.892,-0.341,-0.287,-0.291,-0.000,-0.076,False,False,True,False,False,False,False,False,False,True,False,False
1.340,-0.341,-0.280,-0.291,-0.256,-0.966,True,False,False,False,True,False,False,False,False,False,False,False
-0.264,-0.341,-0.287,-0.291,-0.269,-0.966,True,False,True,False,True,False,False,False,False,False,False,False
-0.404,-0.338,3.945,-0.291,-0.269,-0.966,True,False,False,False,True,False,False,False,False,False,False,False
-0.125,-0.341,-0.287,-0.291,-0.269,-0.074,False,False,True,False,False,False,False,False,False,True,False,False
0.712,0.425,-0.176,0.012,-0.269,0.208,False,False,False,False,False,False,False,False,True,False,False,False
-0.055,-0.341,0.576,-0.284,-0.269,0.210,False,False,False,False,False,False,False,False,True,False,False,False
3.013,0.000,-0.287,-0.291,-0.269,0.098,False,True,True,False,False,False,False,False,True,False,False,True
1.270,3.096,-0.287,-0.095,-0.269,-0.964,False,True,False,False,False,False,True,False,False,False,False,False
2.525,-0.341,-0.287,-0.291,-0.269,-0.096,False,False,True,False,False,False,False,False,False,True,False,True
0.782,-0.318,-0.287,-0.291,-0.000,0.212,False,False,False,False,False,False,False,False,True,False,False,False
-0.752,-0.341,-0.287,-0.291,-0.269,-0.765,True,False,False,False,False,False,False,True,False,False,False,False
-0.125,-0.341,-0.287,-0.291,-0.269,-0.765,True,False,True,False,False,False,False,True,False,False,False,False
-0.543,-0.341,-0.287,-0.291,-0.269,-0.070,False,False,True,False,False,False,False,False,False,True,False,False
0.572,-0.053,-0.287,-0.287,-0.269,-0.717,False,False,False,False,False,False,False,True,False,False,False,True
0.154,-0.341,0.475,-0.291,0.153,-0.715,True,False,False,False,False,False,False,True,False,False,False,True
0.294,-0.307,-0.264,0.404,0.025,-0.094,False,False,False,False,False,False,False,False,False,True,False,True
1.688,-0.341,-0.287,-0.291,-0.269,-0.954,True,False,True,False,False,True,False,False,False,False,False,False
-0.125,-0.341,11.304,-0.291,3.151,-0.954,True,False,False,False,False,True,False,False,False,False,False,False
3.153,-0.341,-0.166,0.682,-0.269,-0.090,False,False,False,False,False,False,False,False,False,True,False,True
-0.125,-0.341,-0.287,-0.291,-0.269,0.214,False,True,True,False,False,False,False,False,True,False,False,False
-0.404,0.237,-0.287,-0.061,-0.262,0.216,False,False,False,False,False,False,False,False,True,False,False,False
3.153,-0.341,0.356,-0.291,-0.164,-0.952,True,False,False,False,False,True,False,False,False,False,False,False
-0.404,-0.341,-0.287,-0.291,-0.269,-0.068,False,False,True,False,False,False,False,False,False,True,False,False
-0.195,-0.331,-0.287,0.379,0.060,-0.086,False,False,False,False,False,False,False,False,False,True,False,True
-2.008,-0.341,-0.287,-0.291,-0.269,-0.086,False,False,True,False,False,False,False,False,False,True,False,True
-2.008,-0.341,-0.287,-0.291,-0.269,-0.064,False,False,True,False,False,False,False,False,False,True,False,False
-0.334,-0.197,-0.265,2.123,-0.269,0.218,False,False,False,False,False,False,False,False,True,False,False,False
-0.055,-0.341,0.000,-0.291,-0.269,-0.921,True,False,True,False,True,False,False,False,False,False,False,True
-0.822,-0.341,-0.287,-0.291,-0.269,-0.921,True,False,False,False,True,False,False,False,False,False,False,True
-0.195,-0.341,-0.287,-0.291,-0.269,-0.921,False,False,True,False,True,False,False,False,False,False,False,True
0.712,-0.341,-0.286,-0.291,2.635,-0.921,True,False,False,False,True,False,False,False,False,False,False,True
-0.822,-0.341,-0.235,-0.291,0.563,-0.062,False,False,False,False,False,False,False,False,False,True,False,False
-0.962,0.190,-0.287,-0.138,-0.269,0.100,False,False,False,False,False,False,False,False,True,False,False,True
0.572,0.422,-0.287,-0.247,-0.167,0.220,False,False,False,False,False,False,False,False,True,False,False,False
0.642,0.860,-0.287,0.000,-0.243,0.102,False,False,False,False,False,False,False,False,True,False,False,True
0.294,-0.341,16.692,-0.291,-0.269,-0.919,True,False,False,False,True,False,False,False,False,False,False,True
-0.892,-0.341,-0.287,-0.291,-0.269,-0.919,True,False,True,False,True,False,False,False,False,False,False,True
0.851,-0.341,0.120,-0.291,-0.000,-0.919,True,False,False,True,True,False,False,False,False,False,False,True
-1.519,-0.341,-0.287,-0.291,-0.269,-0.919,True,False,False,False,True,False,False,False,False,False,False,True
-0.613,-0.339,0.189,0.000,-0.269,-0.084,False,False,False,False,False,False,False,False,False,True,False,True
1.061,-0.341,-0.287,-0.291,-0.269,-0.082,False,False,True,False,False,False,False,False,False,True,False,True
0.921,1.472,-0.287,-0.291,-0.268,0.104,False,False,False,False,False,False,False,False,True,False,False,True
0.015,-0.341,-0.285,-0.291,0.529,-0.080,False,False,False,False,False,False,False,False,False,True,False,True
-0.474,-0.341,2.353,-0.247,0.142,-0.917,True,False,False,False,True,False,False,False,False,False,False,True
-0.543,-0.341,1.490,-0.291,0.223,-0.917,True,False,False,False,True,False,False,False,False,False,False,True
-0.543,-0.341,-0.287,-0.291,-0.269,-0.058,False,False,True,False,False,False,False,False,False,True,False,False
-0.543,-0.341,-0.287,-0.291,-0.269,-0.056,False,False,True,False,False,False,False,False,False,True,False,False
-1.101,-0.341,-0.287,-0.291,-0.269,0.222,False,True,True,False,False,False,False,False,True,False,False,False
-0.892,-0.341,-0.287,-0.291,-0.269,-0.076,False,False,True,False,False,False,False,False,False,True,False,True
0.503,-0.341,-0.287,-0.291,-0.269,0.224,False,True,True,False,False,False,False,False,True,False,False,False
0.503,-0.341,-0.287,-0.291,-0.269,-0.072,False,False,True,False,False,False,False,False,False,True,False,True
-0.195,-0.210,-0.051,-0.291,-0.201,-0.054,False,False,False,False,False,False,False,False,False,True,False,False
-0.055,-0.341,0.000,-0.291,-0.269,-0.950,True,False,True,False,False,True,False,False,False,False,False,False
-1.031,-0.341,-0.287,0.601,-0.187,-0.070,False,False,False,False,False,False,False,False,False,True,False,True
0.015,-0.341,-0.287,-0.291,-0.269,-0.070,False,False,True,False,False,False,False,False,False,True,False,True
-0.683,0.426,-0.287,0.370,-0.067,0.226,False,True,False,False,False,False,False,False,True,False,False,False
1.549,-0.204,-0.287,-0.291,-0.269,0.228,False,False,False,False,False,False,False,False,True,False,False,False
2.455,-0.341,-0.287,-0.291,-0.269,-0.068,False,False,True,False,False,False,False,False,False,True,False,True
0.851,-0.341,-0.287,-0.291,-0.269,-0.962,True,False,True,False,True,False,False,False,False,False,False,False
-0.125,-0.341,-0.287,-0.291,-0.269,-0.066,False,False,True,False,False,False,False,False,False,True,False,True
-0.892,-0.341,-0.287,-0.291,-0.269,-0.066,False,False,True,False,False,False,False,False,False,True,False,True
-0.613,-0.341,0.265,-0.282,0.163,0.114,False,False,False,False,False,False,False,False,True,False,False,True
0.154,-0.341,-0.287,-0.291,-0.269,-0.960,True,False,True,False,True,False,False,False,False,False,False,False
0.642,-0.341,0.310,-0.291,1.311,-0.960,True,False,False,False,True,False,False,False,False,False,False,False
2.107,-0.341,-0.287,-0.291,-0.269,-0.960,True,False,True,False,True,False,False,False,False,False,False,False
-0.752,-0.341,-0.287,0.000,-0.269,-0.960,True,False,True,False,True,False,False,False,False,False,False,False
0.294,-0.341,-0.287,-0.291,-0.269,-0.929,True,False,True,False,False,True,False,False,False,False,False,True
0.294,-0.341,0.083,0.000,5.528,-0.929,True,False,False,False,False,True,False,False,False,False,False,True
1.409,-0.341,5.211,-0.266,-0.112,-0.929,True,False,False,False,False,True,False,False,False,False,False,True
-1.729,-0.341,0.000,-0.291,-0.269,-0.050,False,False,False,False,False,False,False,False,False,True,False,False
-2.008,-0.341,-0.287,-0.291,-0.269,-0.050,False,False,False,False,False,False,False,False,False,True,False,False
-2.008,-0.341,-0.287,-0.291,-0.269,-0.050,False,False,False,False,False,False,False,False,False,True,False,False
-0.334,-0.339,0.006,-0.284,0.032,-0.050,False,False,False,False,False,False,False,False,False,True,False,False
1.618,-0.341,-0.287,-0.291,-0.269,-0.958,True,False,False,False,True,False,False,False,False,False,False,False
1.479,-0.157,0.063,-0.291,-0.269,0.116,False,False,False,False,False,False,False,False,True,False,False,True
0.154,-0.341,0.106,-0.289,-0.258,0.238,False,False,False,False,False,False,False,False,True,False,False,False
-0.264,-0.341,-0.287,-0.291,-0.269,-0.046,False,False,True,False,False,False,False,False,False,True,False,False
2.316,-0.336,-0.287,4.577,-0.269,0.240,False,False,False,False,False,False,False,False,True,False,False,False
1.409,-0.341,0.876,-0.291,1.191,-0.709,True,False,False,False,False,False,False,True,False,False,False,True
-0.334,-0.341,-0.287,-0.291,-0.269,-0.709,True,False,True,False,False,False,False,True,False,False,False,True
0.294,-0.341,1.693,-0.291,-0.269,-0.709,True,False,False,False,False,False,False,True,False,False,False,True
-0.613,-0.341,0.063,-0.256,-0.265,0.118,False,False,False,False,False,False,False,False,True,False,False,True
1.200,-0.341,-0.287,-0.291,2.439,-1.100,True,False,False,False,False,False,False,False,False,False,False,True
-0.195,-0.341,-0.287,-0.291,-0.269,-0.960,True,False,False,False,False,False,True,False,False,False,False,False
1.618,-0.331,1.176,-0.272,-0.268,-0.960,True,False,False,False,False,False,True,False,False,False,False,False
-0.055,0.075,-0.287,0.869,-0.269,0.242,False,True,False,False,False,False,False,False,True,False,False,False
0.712,-0.341,-0.287,-0.291,-0.269,0.242,False,True,True,False,False,False,False,False,True,False,False,False
0.015,-0.335,1.870,-0.291,-0.269,-0.958,True,False,False,False,False,False,True,False,False,False,False,False
-0.683,-0.341,0.558,-0.291,-0.236,-0.958,True,False,False,False,False,False,True,False,False,False,False,False
-0.962,-0.341,-0.287,-0.291,0.267,0.244,False,False,False,False,False,False,False,False,True,False,False,False
0.294,-0.274,0.108,-0.261,-0.269,-0.707,False,False,False,False,False,False,False,True,False,False,False,True
1.270,-0.341,6.411,-0.291,-0.198,-0.927,True,False,False,False,False,True,False,False,False,False,False,True
0.363,-0.341,3.620,-0.291,0.249,-0.927,True,False,False,False,False,True,False,False,False,False,False,True
-0.195,-0.341,-0.287,-0.291,-0.269,-0.927,True,False,True,False,False,True,False,False,False,False,False,True
-0.962,-0.341,-0.287,-0.291,-0.269,-0.927,True,False,True,False,False,True,False,False,False,False,False,True
-0.125,-0.341,-0.287,-0.291,-0.269,0.248,False,True,True,False,False,False,False,False,True,False,False,False
-0.125,0.481,-0.287,1.770,-0.268,0.248,False,True,False,False,False,False,False,False,True,False,False,False
0.642,-0.241,-0.287,1.368,-0.269,-0.954,False,True,False,True,False,False,True,False,False,False,False,False
-0.543,-0.043,-0.284,0.837,-0.251,-0.044,False,False,False,False,False,False,False,False,False,True,False,False
-1.938,-0.341,-0.287,-0.291,-0.269,-0.044,False,False,False,False,False,False,False,False,False,True,False,False
0.642,-0.341,0.356,-0.252,-0.269,0.250,False,False,False,False,False,False,False,False,True,False,False,False
-2.008,-0.341,-0.287,-0.291,-0.269,-0.044,False,False,False,False,False,False,False,False,False,True,False,False
0.224,1.588,-0.287,1.556,-0.269,-0.334,False,True,False,False,False,False,False,False,True,False,False,True
-0.125,-0.341,-0.287,-0.291,-0.269,-0.042,False,False,True,False,False,False,False,False,False,True,False,False
1.340,-0.341,-0.287,-0.291,-0.269,-0.954,True,False,True,False,True,False,False,False,False,False,False,False
-0.474,-0.153,-0.287,2.660,0.626,0.128,False,True,False,False,False,False,False,False,True,False,False,True
-0.055,-0.339,-0.287,1.144,-0.269,0.129,False,False,False,False,False,False,False,False,True,False,False,True
-0.683,-0.156,-0.181,-0.204,0.141,-0.040,False,False,False,False,False,False,False,False,False,True,False,False
0.572,-0.341,-0.287,-0.291,-0.269,0.254,False,True,True,False,False,False,False,False,True,False,False,False
1.200,-0.341,-0.287,-0.291,-0.269,0.254,False,True,True,False,False,False,False,False,True,False,False,False
-0.195,-0.341,-0.287,-0.291,-0.269,-0.060,False,False,True,False,False,False,False,False,False,True,False,True
-0.892,-0.341,-0.287,0.918,-0.268,-0.038,False,False,False,False,False,False,False,False,False,True,False,False
-2.008,-0.341,-0.287,-0.291,-0.269,-0.038,False,False,True,False,False,False,False,False,False,True,False,False
-2.008,-0.341,-0.287,-0.291,-0.269,-0.038,False,False,True,False,False,False,False,False,False,True,False,False
-0.195,-0.341,0.087,-0.291,-0.082,-0.036,False,False,False,False,False,False,False,False,False,True,False,False
-1.101,-0.341,-0.287,-0.291,-0.269,-0.334,False,False,True,False,False,False,False,False,True,False,False,True
-0.404,-0.341,-0.287,-0.291,-0.269,-0.334,True,False,True,False,False,False,False,False,True,False,False,True
2.874,-0.341,-0.287,-0.291,-0.269,-0.911,True,False,True,False,True,False,False,False,False,False,False,True
-0.543,-0.341,-0.287,-0.291,-0.269,0.133,False,False,True,False,False,False,False,False,True,False,False,True
0.782,-0.341,-0.287,-0.291,-0.269,0.258,False,True,True,False,False,False,False,False,True,False,False,False
-0.752,0.771,-0.287,0.861,-0.269,0.262,False,True,False,True,False,False,False,False,True,False,False,False
-0.404,-0.339,-0.287,1.012,-0.000,0.137,False,False,False,False,False,False,False,False,True,False,False,True
-0.962,-0.341,-0.287,-0.291,-0.269,-0.056,False,False,True,False,False,False,False,False,False,True,False,True
-0.055,0.886,-0.287,-0.239,-0.269,0.266,False,True,False,False,False,False,False,False,True,False,False,False
1.130,0.000,-0.287,-0.291,-0.269,0.266,False,True,True,False,False,False,False,False,True,False,False,False
-0.752,2.311,-0.256,0.178,-0.269,-0.761,False,True,False,False,False,False,False,True,False,False,False,False
-0.404,-0.341,-0.268,-0.291,0.230,0.268,False,False,False,False,False,False,False,False,True,False,False,False
0.503,1.636,-0.287,-0.279,-0.269,-0.334,False,True,False,False,False,False,False,False,True,False,False,True
-0.264,-0.341,-0.287,-0.291,-0.269,0.141,False,True,True,False,False,False,False,False,True,False,False,True
-0.055,-0.341,-0.287,-0.291,-0.269,-1.098,True,False,True,False,False,False,False,False,False,False,False,True
0.015,-0.341,-0.281,-0.291,0.362,0.270,False,False,False,False,False,False,False,False,True,False,False,False
0.154,-0.339,-0.218,0.168,0.063,-0.705,False,False,False,False,False,False,False,True,False,False,False,True
-1.031,-0.341,-0.287,-0.291,-0.269,-0.034,False,False,True,False,False,False,False,False,False,True,False,False
0.154,-0.341,-0.287,-0.291,-0.269,0.143,False,True,True,False,False,False,False,False,True,False,False,True
0.712,-0.341,1.471,-0.291,-0.146,-0.948,True,False,False,False,False,True,False,False,False,False,False,False
-0.822,-0.341,-0.287,-0.291,-0.269,-0.948,True,False,True,False,False,True,False,False,False,False,False,False
1.897,-0.341,-0.287,-0.291,-0.269,-0.948,True,False,True,False,False,True,False,False,False,False,False,False
0.503,-0.341,-0.281,-0.291,-0.000,0.149,False,False,False,False,False,False,False,False,True,False,False,True
-0.543,1.325,0.000,2.756,-0.269,-0.956,False,True,False,False,False,False,True,False,False,False,False,True
1.340,-0.341,0.838,-0.291,-0.265,-0.032,False,False,False,False,False,False,False,False,False,True,False,False
1.688,-0.341,-0.287,-0.291,-0.269,-0.052,False,False,True,False,False,False,False,False,False,True,False,True
-1.659,-0.341,-0.287,-0.291,-0.269,-0.052,False,False,True,False,False,False,False,False,False,True,False,True
-0.543,-0.341,-0.287,-0.291,-0.269,-0.052,False,False,True,False,False,False,False,False,False,True,False,True
1.479,-0.335,-0.151,-0.291,0.116,-0.909,True,False,False,False,True,False,False,False,False,False,False,True
-0.752,-0.341,-0.287,-0.291,-0.269,-0.909,True,False,True,False,True,False,False,False,False,False,False,True
-0.055,-0.336,-0.287,-0.291,1.544,-0.334,False,True,False,False,False,False,False,False,True,False,False,True
-0.055,0.821,-0.287,-0.289,-0.246,0.274,False,False,False,False,False,False,False,False,True,False,False,False
-0.752,-0.341,-0.287,-0.291,-0.269,-0.048,False,False,True,False,False,False,False,False,False,True,False,True
0.572,-0.222,-0.287,-0.291,-0.269,-0.950,False,True,False,False,False,False,True,False,False,False,False,False
-0.683,-0.341,-0.287,-0.291,-0.269,0.278,False,True,True,False,False,False,False,False,True,False,False,False
-0.125,0.037,-0.287,-0.182,-0.220,-0.948,False,True,False,False,False,False,True,False,False,False,False,False
0.572,-0.336,-0.287,1.048,-0.269,-0.946,False,True,False,False,False,False,True,False,False,False,False,False
0.991,-0.341,-0.287,-0.291,-0.269,0.280,False,True,True,False,False,False,False,False,True,False,False,False
-0.822,2.111,-0.287,2.684,-0.269,-0.944,False,True,False,False,False,False,True,False,False,False,False,False
-0.543,3.572,-0.065,1.648,0.215,-0.759,False,True,False,False,False,False,False,True,False,False,False,False
1.828,-0.319,-0.287,-0.291,-0.268,-0.942,False,True,False,False,False,False,True,False,False,False,False,False
-1.031,-0.341,-0.287,-0.291,-0.269,-0.030,False,False,True,False,False,False,False,False,False,True,False,False
-0.334,-0.341,-0.287,-0.291,-0.269,-0.028,False,False,True,False,False,False,False,False,False,True,False,False
-0.195,-0.341,-0.287,-0.291,-0.269,-0.026,False,False,True,False,False,False,False,False,False,True,False,False
-0.683,-0.341,-0.077,0.560,-0.269,-0.046,False,False,False,False,False,False,False,False,False,True,False,True
-0.613,-0.341,-0.287,4.207,0.031,0.281,False,False,False,False,False,False,False,False,True,False,False,False
-1.031,-0.295,-0.250,-0.291,-0.269,0.283,False,False,False,False,False,False,False,False,True,False,False,False
-0.683,-0.341,-0.287,-0.291,-0.269,0.285,False,True,True,False,False,False,False,False,True,False,False,False
-0.962,-0.212,-0.053,-0.023,-0.269,-0.044,False,False,False,False,False,False,False,False,False,True,False,True
-0.264,-0.312,-0.287,-0.291,-0.269,-0.024,False,False,False,False,False,False,False,False,False,True,False,False
-0.334,-0.341,-0.267,-0.291,0.668,0.151,False,False,False,False,False,False,False,False,True,False,False,True
-0.474,-0.341,-0.285,-0.291,0.849,0.287,False,False,False,False,False,False,False,False,True,False,False,False
-0.195,1.445,-0.283,-0.291,-0.269,0.289,False,True,False,False,False,False,False,False,True,False,False,False
-0.404,-0.341,-0.287,-0.291,-0.269,-0.334,False,True,True,False,False,False,False,False,True,False,False,True
-0.613,-0.341,-0.287,-0.289,1.725,0.155,False,False,False,False,False,False,False,False,True,False,False,True
1.688,0.149,-0.212,-0.267,-0.269,-0.023,False,False,False,False,False,False,False,False,False,True,False,False
1.828,-0.277,-0.285,1.743,-0.266,0.157,False,False,False,False,False,False,False,False,True,False,False,True
-0.474,-0.341,-0.287,-0.291,-0.243,-0.021,False,False,False,False,False,False,False,False,False,True,False,False
0.433,0.533,-0.287,0.478,-0.269,-0.940,False,True,False,False,False,False,True,False,False,False,False,False
0.782,0.852,-0.287,-0.144,-0.269,-0.940,False,True,False,False,False,False,True,False,False,False,False,False
-0.474,-0.341,-0.287,-0.291,1.151,-0.755,False,False,False,False,False,False,False,True,False,False,False,False
-0.474,-0.048,-0.287,0.781,-0.243,-0.938,False,True,False,False,False,False,True,False,False,False,False,False
-0.543,0.196,-0.216,0.000,-0.269,-0.753,False,True,False,False,False,False,False,True,False,False,False,False
2.455,-0.341,-0.287,-0.291,-0.269,-0.017,False,False,True,False,False,False,False,False,False,True,False,False
0.782,-0.341,-0.287,-0.291,-0.269,-0.903,True,False,True,False,True,False,False,False,False,False,False,True
-1.450,-0.341,-0.287,-0.291,-0.269,0.293,False,True,False,False,False,False,False,False,True,False,False,False
-0.264,-0.341,0.223,-0.142,-0.269,-0.015,False,False,False,False,False,False,False,False,False,True,False,False
-0.683,0.593,-0.287,-0.214,-0.257,-0.334,False,False,False,False,False,False,False,False,True,False,False,True
-0.334,-0.341,-0.287,-0.291,-0.269,-0.032,False,False,True,False,False,False,False,False,False,True,False,True
-1.241,-0.341,-0.287,-0.291,-0.269,0.161,False,True,False,False,False,False,False,False,True,False,False,True
0.154,-0.341,-0.287,-0.291,-0.269,-0.009,False,False,True,False,False,False,False,False,False,True,False,False
1.200,-0.341,-0.287,-0.291,-0.269,-0.007,False,False,True,False,False,False,False,False,False,True,False,False
0.154,-0.341,-0.287,-0.291,-0.269,0.297,False,True,True,False,False,False,False,False,True,False,False,False
-0.822,-0.341,-0.287,-0.291,-0.269,-0.936,True,False,True,False,False,False,True,False,False,False,False,False
-0.892,-0.341,-0.287,-0.291,-0.269,-0.936,True,False,True,False,False,False,True,False,False,False,False,False
1.967,-0.341,-0.287,-0.291,-0.269,-0.936,True,False,False,False,False,False,True,False,False,False,False,False
-0.055,-0.333,1.000,-0.291,-0.000,-0.944,True,False,False,False,False,True,False,False,False,False,False,False
-0.125,-0.341,-0.083,-0.291,1.162,-0.944,True,False,False,False,False,True,False,False,False,False,False,False
-0.055,-0.341,-0.287,-0.291,-0.269,-0.944,True,False,False,False,False,True,False,False,False,False,False,False
-0.195,-0.341,-0.287,-0.291,-0.269,-0.944,True,False,True,False,False,True,False,False,False,False,False,False
-0.822,-0.341,-0.287,-0.291,-0.269,-0.028,False,False,True,False,False,False,False,False,False,True,False,True
0.503,-0.333,0.000,1.209,-0.268,0.165,False,False,False,False,False,False,False,False,True,False,False,True
-0.334,-0.339,0.208,-0.291,-0.269,-0.702,False,False,False,False,False,False,False,True,False,False,False,True
-0.752,-0.341,0.172,-0.291,-0.269,0.299,False,False,False,False,False,False,False,False,True,False,False,False
-0.613,-0.338,-0.287,-0.279,0.214,0.301,False,False,False,False,False,False,False,False,True,False,False,False
-1.310,-0.341,-0.287,-0.291,-0.269,-0.026,False,False,False,False,False,False,False,False,False,True,False,True
-0.125,-0.338,0.185,-0.282,-0.269,0.169,False,False,False,False,False,False,False,False,True,False,False,True
-0.404,-0.341,-0.287,-0.291,-0.269,-0.024,False,False,True,False,False,False,False,False,False,True,False,True
0.503,-0.275,-0.286,-0.291,14.148,-0.952,True,False,False,False,True,False,False,False,False,False,False,False
-0.125,-0.341,-0.287,-0.291,-0.269,-0.950,True,False,True,False,True,False,False,False,False,False,False,False
1.758,-0.341,-0.287,-0.291,-0.269,-0.942,True,False,True,False,False,True,False,False,False,False,False,False
0.642,0.000,1.880,-0.291,0.752,-0.942,True,False,False,False,False,True,False,False,False,False,False,False
0.015,-0.341,-0.287,-0.291,-0.269,-0.005,False,False,False,False,False,False,False,False,False,True,False,False
0.572,-0.341,0.063,0.322,-0.214,-0.751,False,False,False,False,False,False,False,True,False,False,False,False
0.503,-0.341,-0.287,-0.291,-0.269,-0.021,False,False,True,False,False,False,False,False,False,True,False,True
-0.752,-0.277,-0.223,-0.291,-0.269,0.307,False,False,False,False,False,False,False,False,True,False,False,False
-0.055,-0.341,-0.287,-0.291,-0.269,0.309,False,True,True,False,False,False,False,False,True,False,False,False
2.246,-0.341,-0.287,0.171,-0.221,0.311,False,False,False,False,False,False,False,False,True,False,False,False
-0.683,-0.341,-0.287,-0.291,0.035,0.313,False,False,False,False,False,False,False,False,True,False,False,False
0.015,-0.303,0.147,-0.291,-0.268,-0.700,False,False,False,False,False,False,False,True,False,False,False,True
0.572,1.600,-0.287,-0.289,0.091,-0.934,False,True,False,False,False,False,True,False,False,False,False,False
0.015,-0.151,2.943,-0.276,-0.268,-0.901,True,False,False,False,True,False,False,False,False,False,False,True
0.642,-0.341,0.149,-0.291,0.504,-0.696,False,False,False,False,False,False,False,True,False,False,False,True
0.851,-0.341,-0.287,-0.291,-0.269,-0.015,False,False,True,False,False,False,False,False,False,True,False,True
-0.404,-0.341,-0.287,-0.291,-0.269,-0.003,False,False,True,False,False,False,False,False,False,True,False,False
1.340,0.000,-0.287,-0.289,-0.269,-0.003,False,False,False,False,False,False,False,False,False,True,False,False
-2.008,-0.341,-0.287,-0.291,-0.269,-0.334,False,False,False,False,False,False,False,False,True,False,False,True
1.200,-0.181,-0.077,-0.291,0.073,0.317,False,False,False,False,False,False,False,False,True,False,False,False
0.503,-0.341,-0.287,-0.291,-0.269,0.177,False,True,True,False,False,False,False,False,True,False,False,True
0.921,-0.341,-0.287,-0.291,-0.269,-0.932,False,True,True,False,False,False,True,False,False,False,False,False
-0.125,-0.341,-0.287,-0.291,-0.269,-0.932,False,True,True,False,False,False,True,False,False,False,False,False
-0.892,-0.341,-0.287,-0.291,-0.269,-0.932,False,True,True,False,False,False,True,False,False,False,False,False
0.991,-0.341,-0.287,-0.291,-0.269,-0.932,False,True,True,False,False,False,True,False,False,False,False,False
0.782,-0.341,-0.287,0.000,-0.000,-0.932,False,True,True,False,False,False,True,False,False,False,False,False
-0.474,-0.341,-0.287,-0.291,-0.269,-0.917,True,False,True,False,False,True,False,False,False,False,False,True
0.712,-0.341,-0.287,-0.291,-0.269,0.179,False,False,False,False,False,False,False,False,True,False,False,True
0.572,-0.341,-0.287,-0.291,-0.269,-0.001,False,False,True,False,False,False,False,False,False,True,False,False
-0.055,-0.341,-0.287,-0.291,-0.269,-0.011,False,False,True,False,False,False,False,False,False,True,False,True
0.015,-0.194,-0.287,0.452,-0.269,-0.009,False,False,False,False,False,False,False,False,False,True,False,True
-1.031,-0.339,-0.287,1.094,-0.266,0.183,False,False,False,False,False,False,False,False,True,False,False,True
-0.962,-0.341,-0.038,-0.291,-0.269,0.183,False,False,False,False,False,False,False,False,True,False,False,True
-0.822,-0.341,-0.016,-0.291,-0.269,0.185,False,False,False,False,False,False,False,False,True,False,False,True
-1.729,-0.341,-0.287,-0.291,-0.269,-0.007,False,False,True,False,False,False,False,False,False,True,False,True
-0.334,-0.336,1.000,0.270,-0.265,-0.694,False,False,False,False,False,False,False,True,False,False,False,True
-0.125,-0.277,-0.287,0.832,-0.269,-0.005,False,False,False,False,False,False,False,False,False,True,False,True
-0.474,0.000,-0.180,3.447,0.437,-0.897,True,False,False,False,True,False,False,False,False,False,False,True
0.642,-0.341,-0.287,-0.291,-0.269,-0.897,True,False,True,False,True,False,False,False,False,False,False,True
0.084,-0.341,0.000,-0.291,-0.269,0.187,False,True,True,False,False,False,False,False,True,False,False,True
0.015,-0.341,-0.287,0.000,-0.269,-0.003,False,False,True,False,False,False,False,False,False,True,False,True
-0.195,-0.341,-0.287,-0.291,-0.269,-1.094,True,False,True,False,False,False,False,False,False,False,False,True
0.851,-0.341,-0.287,-0.291,-0.269,-0.940,True,False,True,False,False,True,False,False,False,False,False,False
1.479,-0.275,0.127,-0.289,-0.269,-0.692,False,False,False,False,False,False,False,True,False,False,False,True
0.363,0.011,-0.001,-0.289,-0.269,0.007,False,False,False,False,False,False,False,False,False,True,False,True
-0.334,-0.181,-0.287,-0.229,-0.269,0.193,False,False,False,False,False,False,False,False,True,False,False,True
-0.334,-0.341,-0.287,1.028,-0.266,-0.690,False,False,False,False,False,False,False,True,False,False,False,True
1.130,-0.341,-0.287,-0.291,-0.269,-0.948,True,False,False,False,True,False,False,False,False,False,False,False
0.433,-0.341,-0.044,-0.291,2.282,-0.938,True,False,False,False,False,True,False,False,False,False,False,False
-0.404,-0.341,-0.287,-0.291,-0.269,-0.938,True,False,True,False,False,True,False,False,False,False,False,False
-0.404,-0.341,-0.287,-0.291,-0.269,-0.893,True,False,True,False,True,False,False,False,False,False,False,True
-0.543,-0.335,0.000,-0.061,0.132,-0.893,True,False,False,False,True,False,False,False,False,False,False,True
-0.683,-0.341,-0.287,-0.291,-0.269,0.325,False,True,True,False,False,False,False,False,True,False,False,False
-0.334,-0.303,-0.109,-0.291,-0.213,0.197,False,False,False,False,False,False,False,False,True,False,False,True
-1.868,-0.341,-0.287,-0.291,-0.269,0.199,False,True,False,False,False,False,False,False,True,False,False,True
-2.008,-0.341,-0.287,-0.291,-0.269,0.199,False,True,False,False,False,False,False,False,True,False,False,True
-0.613,-0.341,-0.287,-0.291,-0.269,0.199,False,True,True,False,False,False,False,False,True,False,False,True
0.433,-0.341,-0.268,0.307,-0.269,0.327,False,False,False,False,False,False,False,False,True,False,False,False
0.363,1.788,-0.287,-0.284,-0.269,0.329,False,True,False,False,False,False,False,False,True,False,False,False
-0.195,0.884,-0.250,-0.291,-0.266,0.003,False,False,False,False,False,False,False,False,False,True,False,False
-0.195,-0.341,-0.287,-0.291,-0.269,0.013,False,False,True,False,False,False,False,False,False,True,False,True
0.224,-0.341,-0.287,-0.291,-0.269,-0.934,True,False,True,False,False,True,False,False,False,False,False,False
-0.264,-0.341,10.646,-0.291,1.586,-0.934,True,False,False,False,False,True,False,False,False,False,False,False
0.084,-0.341,-0.287,-0.291,-0.269,-0.934,True,False,True,False,False,True,False,False,False,False,False,False
1.967,-0.341,2.133,-0.269,3.150,-0.934,True,False,False,False,False,True,False,False,False,False,False,False
-0.404,-0.253,-0.039,-0.266,-0.110,0.337,False,False,False,False,False,False,False,False,True,False,False,False
0.224,-0.341,-0.287,-0.291,-0.269,-0.743,False,True,True,False,False,False,False,True,False,False,False,False
-0.125,0.000,-0.287,-0.291,-0.269,0.339,False,False,True,False,False,False,False,False,True,False,False,False
-0.613,1.747,-0.120,-0.231,-0.269,0.339,False,True,False,False,False,False,False,False,True,False,False,False
-0.543,-0.159,-0.140,-0.291,-0.269,0.203,False,False,False,False,False,False,False,False,True,False,False,True
-0.683,0.020,-0.287,-0.244,-0.164,0.341,False,False,False,False,False,False,False,False,True,False,False,False
-0.892,0.302,-0.287,0.121,-0.269,0.343,False,True,False,False,False,False,False,False,True,False,False,False
-0.752,-0.142,-0.287,1.350,-0.269,0.343,False,True,False,False,False,False,False,False,True,False,False,False
-0.752,0.602,-0.254,-0.277,-0.235,0.015,False,False,False,False,False,False,False,False,False,True,False,True
-0.474,-0.341,-0.287,1.197,-0.269,0.015,False,False,False,False,False,False,False,False,False,True,False,True
-0.125,-0.341,-0.287,-0.291,-0.269,0.007,False,False,True,False,False,False,False,False,False,True,False,False
0.433,0.314,-0.287,0.340,-0.269,0.009,False,False,False,False,False,False,False,False,False,True,False,False
-1.450,-0.341,-0.287,-0.291,-0.269,0.009,False,False,False,False,False,False,False,False,False,True,False,False
-1.659,-0.341,-0.287,-0.291,-0.269,0.009,False,False,True,False,False,False,False,False,False,True,False,False
0.782,-0.341,-0.287,-0.291,-0.269,0.204,False,True,True,False,False,False,False,False,True,False,False,True
0.154,4.921,-0.287,0.098,-0.269,0.204,False,True,False,False,False,False,False,False,True,False,False,True
-1.380,-0.341,-0.287,-0.291,-0.269,0.204,False,True,True,False,False,False,False,False,True,False,False,True
1.897,-0.341,-0.287,-0.291,-0.269,-0.915,True,False,True,False,False,True,False,False,False,False,False,True
0.712,-0.341,-0.287,-0.291,-0.269,-0.915,True,False,True,False,False,True,False,False,False,False,False,True
-0.752,-0.341,-0.287,-0.291,-0.269,-0.915,True,False,True,False,False,True,False,False,False,False,False,True
1.130,-0.268,0.749,0.983,-0.269,0.208,False,True,False,False,False,False,False,False,True,False,False,True
0.294,-0.291,-0.038,0.302,-0.269,-0.948,False,True,False,False,False,False,True,False,False,False,False,True
-1.868,0.000,-0.287,-0.291,-0.269,0.011,False,False,True,False,False,False,False,False,False,True,False,False
-1.938,-0.341,-0.287,-0.291,-0.269,0.011,False,False,True,False,False,False,False,False,False,True,False,False
-1.868,-0.341,-0.287,-0.291,-0.269,0.011,False,False,False,False,False,False,False,False,False,True,False,False
-0.892,-0.341,-0.287,-0.291,-0.269,0.011,False,False,True,False,False,False,False,False,False,True,False,False
-0.752,-0.313,-0.286,2.670,-0.267,0.013,False,False,False,False,False,False,False,False,False,True,False,False
-0.055,1.468,-0.287,3.909,-0.269,-0.334,False,True,False,True,False,False,False,False,True,False,False,True
1.130,-0.341,-0.287,-0.291,-0.269,0.212,False,True,True,False,False,False,False,False,True,False,False,True
-0.334,-0.341,-0.287,-0.291,-0.269,0.025,False,False,True,False,False,False,False,False,False,True,False,True
0.433,-0.341,-0.287,-0.291,-0.269,0.015,False,False,True,False,False,False,False,False,False,True,False,False
-0.892,-0.341,-0.287,-0.291,-0.269,0.031,False,False,True,False,False,False,False,False,False,True,False,True
0.782,-0.341,-0.287,-0.291,-0.269,0.017,False,False,True,False,False,False,False,False,False,True,False,False
-1.659,0.000,-0.287,-0.291,-0.269,-1.092,True,False,True,False,False,False,False,False,False,False,False,True
0.015,-0.341,5.009,-0.291,7.439,-1.092,True,False,False,False,False,False,False,False,False,False,False,True
0.154,-0.341,-0.287,-0.291,-0.269,-1.092,True,False,True,False,False,False,False,False,False,False,False,True
-0.125,4.722,0.081,0.000,-0.206,-1.092,True,False,False,False,False,False,False,False,False,False,False,True
0.363,-0.341,-0.285,-0.291,1.301,-0.944,True,False,False,True,False,False,True,False,False,False,False,True
-0.962,-0.341,-0.287,-0.291,-0.269,0.019,False,False,True,False,False,False,False,False,False,True,False,False
0.991,-0.338,2.125,-0.291,0.036,-0.942,True,False,False,False,False,False,True,False,False,False,False,True
0.084,-0.341,0.206,-0.097,-0.267,-0.942,True,False,False,False,False,False,True,False,False,False,False,True
2.246,0.157,2.970,-0.291,0.201,-0.891,True,False,False,False,True,False,False,False,False,False,False,True
1.340,-0.341,-0.287,0.767,-0.269,0.035,False,False,False,False,False,False,False,False,False,True,False,True
-0.822,-0.341,-0.287,-0.291,-0.269,0.035,False,False,True,False,False,False,False,False,False,True,False,True
-0.683,-0.341,-0.092,-0.287,0.100,0.037,False,False,False,False,False,False,False,False,False,True,False,True
0.015,-0.341,-0.287,-0.291,-0.269,-0.946,True,False,True,False,True,False,False,False,False,False,False,False
-1.868,-0.341,-0.287,0.000,-0.269,0.021,False,False,True,False,False,False,False,False,False,True,False,False
-0.334,-0.341,-0.287,-0.291,-0.269,0.021,False,False,True,False,False,False,False,False,False,True,False,False
-0.683,-0.341,0.231,-0.282,-0.269,0.039,False,False,False,False,False,False,False,False,False,True,False,True
0.363,-0.341,0.020,1.164,-0.269,-0.686,False,True,False,True,False,False,False,True,False,False,False,True
-0.683,0.000,-0.286,-0.267,-0.269,0.023,False,False,False,False,False,False,False,False,False,True,False,False
0.712,-0.341,1.328,-0.291,-0.060,-0.944,True,False,False,False,True,False,False,False,False,False,False,False
-0.195,-0.341,-0.287,-0.291,-0.269,-0.944,True,False,True,False,True,False,False,False,False,False,False,False
1.688,-0.341,1.831,-0.291,4.640,-0.944,True,False,False,False,True,False,False,False,False,False,False,False
-0.752,-0.341,-0.287,-0.291,-0.269,-0.944,True,False,True,False,True,False,False,False,False,False,False,False
-0.125,-0.341,-0.287,-0.291,-0.269,0.351,False,True,True,False,False,False,False,False,True,False,False,False
1.130,-0.341,-0.287,-0.291,-0.269,-0.942,True,False,True,False,True,False,False,False,False,False,False,False
0.224,-0.341,-0.287,-0.291,-0.269,-0.942,True,False,True,False,True,False,False,False,False,False,False,False
-0.752,-0.244,-0.287,-0.286,-0.265,0.353,False,False,False,False,False,False,False,False,True,False,False,False
1.340,0.260,-0.287,0.000,-0.007,0.027,False,False,False,False,False,False,False,False,False,True,False,False
-0.334,-0.341,-0.115,0.704,0.312,-0.334,False,False,False,False,False,False,False,False,True,False,False,True
1.618,-0.341,-0.284,-0.291,1.309,-0.940,True,False,False,False,False,False,True,False,False,False,False,True
1.828,-0.341,0.038,-0.072,-0.266,0.355,False,False,False,False,False,False,False,False,True,False,False,False
0.991,-0.341,-0.287,-0.291,-0.000,0.029,False,False,True,False,False,False,False,False,False,True,False,False
-0.334,-0.341,-0.287,-0.291,-0.269,-0.334,False,False,True,False,False,False,False,False,True,False,False,True
-1.450,-0.341,-0.287,-0.291,-0.269,0.031,False,False,True,False,False,False,False,False,False,True,False,False
-0.752,0.000,-0.287,-0.291,-0.269,0.218,False,True,True,False,False,False,False,False,True,False,False,True
0.642,-0.341,-0.287,-0.291,-0.269,0.041,False,False,True,False,False,False,False,False,False,True,False,True
-0.752,0.237,-0.285,-0.291,0.056,0.043,False,False,False,False,False,False,False,False,False,True,False,True
-0.404,-0.341,-0.287,-0.291,-0.269,0.043,False,False,True,False,False,False,False,False,False,True,False,True
-0.195,-0.341,-0.287,-0.291,-0.269,0.045,False,False,True,False,False,False,False,False,False,True,False,True
-0.543,-0.341,-0.287,-0.291,-0.269,0.033,False,False,True,False,False,False,False,False,False,True,False,False
1.130,0.908,1.090,0.354,0.713,-0.739,False,False,False,False,False,False,False,True,False,False,False,False
-0.334,-0.341,-0.287,-0.291,-0.269,0.222,False,True,True,False,False,False,False,False,True,False,False,True
1.061,-0.341,-0.112,-0.103,7.888,-0.889,True,False,False,False,True,False,False,False,False,False,False,True
-0.613,-0.341,-0.287,0.909,-0.269,0.224,False,False,False,False,False,False,False,False,True,False,False,True
1.270,1.231,-0.287,0.141,-0.269,-0.682,False,True,False,False,False,False,False,True,False,False,False,True
-0.892,-0.341,-0.287,-0.291,-0.269,0.037,False,False,True,False,False,False,False,False,False,True,False,False
-0.055,-0.219,0.232,-0.291,3.498,-0.940,True,False,False,False,True,False,False,False,False,False,False,False
-1.450,-0.341,-0.287,-0.291,-0.269,0.039,False,False,False,False,False,False,False,False,False,True,False,False
-0.613,-0.341,0.000,0.416,-0.269,0.356,False,False,False,False,False,False,False,False,True,False,False,False
-0.474,-0.338,-0.126,0.292,-0.269,0.226,False,False,False,False,False,False,False,False,True,False,False,True
0.921,-0.257,-0.287,2.225,-0.269,0.226,False,False,False,False,False,False,False,False,True,False,False,True
-0.404,-0.341,0.059,-0.217,0.314,0.226,False,False,False,False,False,False,False,False,True,False,False,True
0.084,0.437,-0.287,-0.291,0.011,0.358,False,False,False,False,False,False,False,False,True,False,False,False
-0.752,-0.341,-0.287,-0.291,-0.269,0.041,False,False,True,False,False,False,False,False,False,True,False,False
0.433,0.004,-0.214,0.369,-0.220,0.358,False,False,False,False,False,False,False,False,True,False,False,False
0.921,-0.341,-0.287,-0.291,-0.269,0.228,False,True,True,False,False,False,False,False,True,False,False,True
1.200,-0.341,-0.287,-0.291,-0.000,0.228,False,True,True,False,False,False,False,False,True,False,False,True
0.015,-0.338,-0.032,7.257,-0.261,-0.913,True,False,False,False,False,True,False,False,False,False,False,True
0.433,-0.341,-0.287,-0.291,-0.269,-0.887,True,False,True,False,True,False,False,False,False,False,False,True
1.340,-0.341,-0.274,-0.291,0.425,0.230,False,False,False,False,False,False,False,False,True,False,False,True
-0.334,-0.339,0.137,-0.269,-0.269,0.232,False,False,False,False,False,False,False,False,True,False,False,True
0.642,0.904,0.315,-0.291,0.014,-1.090,True,False,False,False,False,False,False,False,False,False,False,True
1.549,-0.063,-0.287,-0.289,0.704,0.362,False,False,False,False,False,False,False,False,True,False,False,False
3.362,-0.341,0.000,-0.072,-0.174,0.043,False,False,False,False,False,False,False,False,False,True,False,False
-0.474,-0.341,-0.287,-0.291,-0.269,0.045,False,False,True,False,False,False,False,False,False,True,False,False
0.642,0.000,-0.287,1.977,-0.269,-0.680,False,True,False,True,False,False,False,True,False,False,False,True
0.921,1.043,-0.285,-0.289,-0.269,-0.938,False,True,False,False,False,False,True,False,False,False,False,True
1.828,-0.341,-0.287,-0.291,-0.269,0.236,False,True,True,False,False,False,False,False,True,False,False,True
-1.519,-0.341,-0.287,-0.291,-0.269,0.236,False,True,False,False,False,False,False,False,True,False,False,True
-0.125,-0.140,-0.240,1.130,-0.269,-0.936,False,True,False,False,False,False,True,False,False,False,False,True
-0.264,0.446,-0.287,0.185,-0.269,-0.927,False,True,False,False,False,False,True,False,False,False,False,False
-0.962,-0.341,-0.287,-0.291,-0.269,0.047,False,False,True,False,False,False,False,False,False,True,False,True
-1.101,-0.341,0.000,-0.291,-0.269,0.047,False,False,True,False,False,False,False,False,False,True,False,False
-0.404,-0.341,-0.287,-0.291,-0.269,0.051,False,False,True,False,False,False,False,False,False,True,False,True
-0.125,-0.341,-0.287,-0.291,-0.269,-0.909,True,False,True,False,False,True,False,False,False,False,False,True
0.294,-0.204,16.541,-0.291,0.351,-0.938,True,False,False,False,True,False,False,False,False,False,False,False
-0.195,-0.341,-0.287,-0.291,-0.269,-0.936,True,False,False,False,True,False,False,False,False,False,False,False
2.664,-0.341,-0.287,-0.291,-0.269,-0.678,True,False,True,False,False,False,False,True,False,False,False,True
-0.125,-0.341,-0.287,-0.291,0.117,0.051,False,False,False,False,False,False,False,False,False,True,False,False
0.294,-0.303,-0.287,2.013,-0.269,0.366,False,True,False,False,False,False,False,False,True,False,False,False
-0.752,-0.341,-0.277,-0.291,0.423,0.368,False,False,False,False,False,False,False,False,True,False,False,False
0.503,0.201,-0.287,-0.100,-0.000,0.370,False,False,False,False,False,False,False,False,True,False,False,False
-0.752,-0.341,-0.287,-0.291,-0.269,0.053,False,False,True,False,False,False,False,False,False,True,False,True
1.549,0.275,-0.287,-0.202,0.040,0.054,False,False,False,False,False,False,False,False,False,True,False,True
1.758,-0.341,-0.287,-0.291,-0.269,0.374,False,True,True,False,False,False,False,False,True,False,False,False
0.294,4.754,-0.287,-0.269,-0.269,-0.925,False,True,False,False,False,False,True,False,False,False,False,False
-0.752,-0.319,0.121,-0.272,-0.000,0.238,False,False,False,False,False,False,False,False,True,False,False,True
1.967,-0.341,-0.287,-0.291,-0.269,-0.923,True,False,True,False,False,False,True,False,False,False,False,False
-0.404,-0.341,-0.287,-0.291,-0.198,0.376,False,False,False,False,False,False,False,False,True,False,False,False
-0.334,-0.253,-0.287,-0.284,-0.221,-0.733,False,False,False,False,False,False,False,True,False,False,False,False
-0.613,1.151,-0.287,1.251,-0.000,-0.731,False,True,False,False,False,False,False,True,False,False,False,False
0.224,-0.341,0.089,-0.157,-0.253,-0.334,False,False,False,False,False,False,False,False,True,False,False,True
-0.543,-0.341,-0.287,-0.291,-0.269,0.382,False,True,True,False,False,False,False,False,True,False,False,False
-0.125,-0.341,-0.286,-0.291,0.496,-0.334,False,False,False,False,False,False,False,False,True,False,False,True
0.851,-0.341,-0.211,-0.291,0.160,0.240,False,False,False,False,False,False,False,False,True,False,False,True
-0.125,1.466,-0.287,-0.291,-0.269,0.242,False,True,False,False,False,False,False,False,True,False,False,True
1.409,-0.341,-0.255,-0.122,-0.000,0.056,False,False,False,False,False,False,False,False,False,True,False,True
-0.752,-0.341,-0.287,-0.291,-0.071,0.058,False,False,False,False,False,False,False,False,False,True,False,True
0.363,-0.233,-0.287,0.114,-0.269,0.060,False,False,False,False,False,False,False,False,False,True,False,True
3.083,0.871,-0.287,0.027,-0.269,-0.934,False,True,False,False,False,False,True,False,False,False,False,True
0.782,1.762,0.098,2.327,-0.269,0.060,False,False,False,False,False,False,False,False,False,True,False,False
2.386,-0.339,0.275,-0.291,-0.262,-0.674,False,False,False,False,False,False,False,True,False,False,False,True
-0.543,1.266,-0.287,-0.138,-0.269,0.250,False,True,False,False,False,False,False,False,True,False,False,True
-0.543,-0.298,0.076,-0.291,-0.061,-0.729,False,False,False,False,False,False,False,True,False,False,False,False
-0.404,0.293,-0.285,0.759,-0.269,-0.727,False,True,False,False,False,False,False,True,False,False,False,False
0.154,1.250,-0.268,0.089,-0.269,0.388,False,True,False,False,False,False,False,False,True,False,False,False
0.851,0.132,-0.231,-0.217,-0.047,0.390,False,False,False,False,False,False,False,False,True,False,False,False
-0.962,-0.341,-0.287,-0.291,-0.269,0.066,False,False,True,False,False,False,False,False,False,True,False,False
0.503,-0.204,0.998,-0.291,0.829,-0.929,True,False,False,False,False,True,False,False,False,False,False,False
-0.334,-0.335,-0.090,-0.291,0.109,0.392,False,False,False,False,False,False,False,False,True,False,False,False
-0.125,-0.341,-0.129,-0.291,0.102,0.068,False,False,False,False,False,False,False,False,False,True,False,False
-0.334,-0.283,-0.126,-0.291,3.423,-0.907,True,False,False,False,False,True,False,False,False,False,False,True
-0.683,-0.341,-0.287,-0.291,-0.269,-0.907,True,False,True,False,False,True,False,False,False,False,False,True
-0.264,-0.341,3.558,-0.291,-0.268,-0.907,True,False,False,False,False,True,False,False,False,False,False,True
0.712,-0.341,-0.287,-0.291,-0.269,-0.907,True,False,True,False,False,True,False,False,False,False,False,True
-0.962,-0.341,-0.287,-0.291,-0.269,-0.907,True,False,True,False,False,True,False,False,False,False,False,True
0.154,-0.341,0.694,-0.291,1.212,-0.907,True,False,False,False,False,True,False,False,False,False,False,True
-0.264,-0.341,-0.287,-0.291,-0.269,-0.907,True,False,True,False,False,True,False,False,False,False,False,True
1.967,-0.030,2.482,-0.291,0.000,-0.927,True,False,False,False,False,True,False,False,False,False,False,False
-0.125,-0.341,-0.287,-0.291,-0.269,0.394,False,True,True,False,False,False,False,False,True,False,False,False
-0.752,-0.316,-0.284,0.940,-0.269,0.254,False,False,False,False,False,False,False,False,True,False,False,True
0.294,-0.341,-0.287,-0.291,-0.269,0.070,False,False,True,False,False,False,False,False,False,True,False,False
-0.404,0.173,0.186,-0.279,-0.269,0.256,False,False,False,False,False,False,False,False,True,False,False,True
0.363,-0.341,-0.287,0.000,-0.269,-0.723,True,False,True,False,False,False,False,True,False,False,False,False
0.642,-0.341,-0.287,-0.291,-0.269,0.262,False,True,True,False,False,False,False,False,True,False,False,True
-0.543,3.642,-0.287,0.709,-0.269,-0.672,False,True,False,False,False,False,False,True,False,False,False,True
0.154,-0.341,-0.287,-0.291,-0.269,-0.672,False,True,True,False,False,False,False,True,False,False,False,True
-1.101,1.136,-0.287,2.861,0.177,-0.932,False,True,False,False,False,False,True,False,False,False,False,True
1.758,-0.115,0.328,0.069,-0.269,0.262,False,True,False,False,False,False,False,False,True,False,False,True
-1.101,1.187,0.131,-0.277,-0.000,0.262,False,True,False,False,False,False,False,False,True,False,False,True
-0.752,-0.322,0.000,1.559,-0.255,-0.932,False,True,False,False,False,False,True,False,False,False,False,True
-0.125,-0.341,-0.287,-0.291,-0.269,-0.930,True,False,True,False,False,False,True,False,False,False,False,True
0.991,-0.341,-0.287,-0.279,0.581,0.396,False,False,False,False,False,False,False,False,True,False,False,False
1.897,-0.336,0.000,0.995,-0.000,0.398,False,False,False,False,False,False,False,False,True,False,False,False
2.386,1.994,0.000,-0.291,-0.268,0.266,False,False,False,False,False,False,False,False,True,False,False,True
-1.380,-0.341,-0.287,-0.291,-0.269,0.066,False,False,False,False,False,False,False,False,False,True,False,True
-1.380,-0.341,-0.287,-0.291,-0.269,0.066,False,False,False,False,False,False,False,False,False,True,False,True
-2.008,-0.341,-0.287,-0.291,-0.269,0.066,False,False,False,False,False,False,False,False,False,True,False,True
-0.892,-0.341,-0.287,0.752,-0.085,0.266,False,False,False,False,False,False,False,False,True,False,False,True
0.921,-0.341,-0.287,-0.291,-0.269,0.066,False,False,True,False,False,False,False,False,False,True,False,True
-1.380,-0.341,-0.287,-0.291,-0.269,0.066,False,False,True,False,False,False,False,False,False,True,False,True
-0.474,-0.341,-0.287,-0.291,-0.269,-0.885,True,False,True,False,True,False,False,False,False,False,False,True
1.270,-0.341,-0.287,-0.291,-0.269,-0.883,True,False,True,False,True,False,False,False,False,False,False,True
0.084,-0.341,-0.287,-0.291,-0.269,0.400,False,True,True,False,False,False,False,False,True,False,False,False
0.015,3.416,-0.287,-0.239,-0.259,0.402,False,False,False,False,False,False,False,False,True,False,False,False
-0.125,-0.210,-0.151,-0.291,0.154,0.068,False,False,False,False,False,False,False,False,False,True,False,True
-0.474,-0.101,0.689,1.700,-0.184,-0.668,False,False,False,False,False,False,False,True,False,False,False,True
-0.683,-0.341,-0.287,-0.286,-0.269,-0.719,False,False,False,False,False,False,False,True,False,False,False,False
0.154,0.866,-0.287,-0.174,-0.269,0.404,False,True,False,False,False,False,False,False,True,False,False,False
-0.822,-0.341,-0.287,-0.291,-0.269,-0.881,True,False,True,False,True,False,False,False,False,False,False,True
0.642,-0.341,1.632,-0.291,1.783,-0.881,True,False,False,False,True,False,False,False,False,False,False,True
-1.101,-0.341,-0.287,-0.291,-0.269,-0.881,True,False,True,False,True,False,False,False,False,False,False,True
0.503,-0.341,-0.287,-0.291,-0.269,0.072,False,False,True,False,False,False,False,False,False,True,False,False
-2.008,-0.341,-0.287,-0.291,-0.269,0.072,False,False,False,False,False,False,False,False,False,True,False,True
-0.543,-0.341,-0.287,-0.291,-0.269,0.074,False,False,True,False,False,False,False,False,False,True,False,True
-0.752,-0.341,0.042,-0.291,-0.195,0.274,False,False,False,False,False,False,False,False,True,False,False,True
0.503,-0.341,-0.287,-0.291,-0.269,-0.717,False,True,True,False,False,False,False,True,False,False,False,False
-0.125,0.943,0.000,-0.284,-0.268,-0.717,False,True,False,False,False,False,False,True,False,False,False,False
-1.659,-0.341,-0.287,-0.291,-0.269,-0.717,False,True,False,False,False,False,False,True,False,False,False,False
-0.752,-0.341,2.464,-0.291,-0.269,-0.901,False,False,False,False,False,True,False,False,False,False,False,True
-0.264,-0.341,-0.287,-0.291,-0.269,0.076,False,False,True,False,False,False,False,False,False,True,False,False
-1.031,-0.341,-0.287,-0.291,-0.269,0.078,False,False,True,False,False,False,False,False,False,True,False,True
-0.404,-0.341,-0.287,-0.291,-0.269,-0.715,True,False,True,False,False,False,False,True,False,False,False,False
-1.868,-0.341,-0.287,-0.291,-0.269,0.078,False,False,False,False,False,False,False,False,False,True,False,False
-1.938,-0.341,-0.287,-0.291,-0.269,0.078,False,False,True,False,False,False,False,False,False,True,False,False
-1.519,-0.341,-0.287,-0.291,-0.269,0.078,False,False,True,False,False,False,False,False,False,True,False,False
-1.589,-0.341,-0.287,-0.291,-0.269,0.078,False,False,False,False,False,False,False,False,False,True,False,False
1.897,1.125,-0.287,-0.291,-0.269,0.410,False,False,False,False,False,False,False,False,True,False,False,False
-1.729,-0.341,-0.287,-0.291,-0.269,0.078,False,False,True,False,False,False,False,False,False,True,False,False
2.525,-0.341,-0.287,-0.291,0.533,0.080,False,False,False,False,False,False,False,False,False,True,False,True
0.503,-0.341,-0.287,-0.291,-0.269,0.084,False,False,True,False,False,False,False,False,False,True,False,True
-0.264,-0.341,-0.287,-0.291,-0.269,-0.899,True,False,True,False,False,True,False,False,False,False,False,True
0.851,-0.331,-0.287,-0.272,-0.269,0.276,False,False,False,False,False,False,False,False,True,False,False,True
-0.613,-0.327,-0.287,2.157,-0.221,-0.664,False,False,False,False,False,False,False,True,False,False,False,True
-0.752,-0.341,-0.287,-0.291,-0.269,0.086,False,False,True,False,False,False,False,False,False,True,False,True
-0.962,0.128,-0.270,0.539,-0.226,0.278,False,False,False,False,False,False,False,False,True,False,False,True
-0.404,-0.341,-0.229,-0.289,0.209,0.280,False,False,False,False,False,False,False,False,True,False,False,True
0.015,-0.341,-0.286,0.635,-0.269,0.280,False,False,False,False,False,False,False,False,True,False,False,True
0.294,-0.341,-0.287,-0.291,-0.269,0.088,False,False,True,False,False,False,False,False,False,True,False,True
-1.031,-0.338,0.265,-0.291,-0.080,-0.925,True,False,False,False,False,False,True,False,False,False,False,True
1.828,-0.341,-0.287,-0.291,-0.269,-0.925,True,False,True,False,False,False,True,False,False,False,False,True
0.084,-0.341,0.145,-0.291,1.729,-0.932,True,False,False,False,True,False,False,False,False,False,False,False
-0.543,-0.341,-0.287,0.000,0.155,0.414,False,False,False,False,False,False,False,False,True,False,False,False
-0.195,-0.288,-0.261,0.899,-0.269,-0.660,False,False,False,False,False,False,False,True,False,False,False,True
0.294,-0.341,-0.287,-0.291,-0.269,0.088,False,False,True,False,False,False,False,False,False,True,False,False
-0.752,-0.197,-0.287,-0.291,0.280,0.418,False,False,False,False,False,False,False,False,True,False,False,False
-1.380,-0.341,-0.287,-0.291,-0.269,0.090,False,False,True,False,False,False,False,False,False,True,False,False
-2.008,-0.341,-0.287,-0.291,-0.269,0.090,False,False,True,False,False,False,False,False,False,True,False,False
-0.683,-0.341,-0.258,-0.291,0.070,-0.658,False,False,False,False,False,False,False,True,False,False,False,True
-0.752,0.745,0.000,-0.291,-0.269,0.422,False,False,False,False,False,False,False,False,True,False,False,False
0.642,-0.257,0.502,-0.291,9.249,-0.897,True,False,False,False,False,True,False,False,False,False,False,True
0.921,-0.341,0.496,-0.291,0.744,-0.897,True,False,False,False,False,True,False,False,False,False,False,True
-0.055,-0.336,0.528,-0.291,0.744,-0.656,True,False,False,False,False,False,False,True,False,False,False,True
0.572,-0.341,-0.287,-0.291,-0.269,-0.656,True,False,True,False,False,False,False,True,False,False,False,True
0.015,-0.341,-0.287,-0.291,-0.268,0.283,False,False,False,False,False,False,False,False,True,False,False,True
0.921,-0.341,-0.151,-0.291,-0.267,0.424,False,False,False,False,False,False,False,False,True,False,False,False
-0.752,0.658,-0.287,3.586,-0.249,-0.654,False,True,False,False,False,False,False,True,False,False,False,True
0.363,-0.338,-0.287,1.057,-0.269,-0.923,False,True,False,False,False,False,True,False,False,False,False,True
0.363,-0.341,-0.287,-0.291,-0.269,0.090,False,False,True,False,False,False,False,False,False,True,False,True
-0.752,-0.341,-0.287,-0.291,-0.269,0.092,False,False,True,False,False,False,False,False,False,True,False,True
-0.334,5.021,-0.287,-0.291,-0.269,0.094,False,False,False,False,False,False,False,False,False,True,False,True
-0.334,-0.272,0.081,-0.282,-0.269,0.287,False,False,False,False,False,False,False,False,True,False,False,True
1.897,-0.341,-0.287,-0.291,-0.269,0.289,False,True,True,False,False,False,False,False,True,False,False,True
-1.868,-0.341,-0.287,-0.291,-0.269,0.289,False,True,True,False,False,False,False,False,True,False,False,True
-1.171,-0.341,-0.287,-0.291,-0.269,0.289,False,True,True,False,False,False,False,False,True,False,False,True
0.572,0.830,-0.287,1.115,-0.265,-0.709,False,False,False,False,False,False,False,True,False,False,False,False
2.176,3.811,-0.287,-0.291,-0.269,-0.917,False,True,False,True,False,False,True,False,False,False,False,False
1.828,-0.341,-0.287,-0.291,-0.269,0.092,False,False,True,False,False,False,False,False,False,True,False,False
-0.613,-0.341,-0.287,-0.291,-0.269,0.096,False,False,True,False,False,False,False,False,False,True,False,True
-0.055,0.613,-0.287,0.812,-0.269,0.293,False,True,False,False,False,False,False,False,True,False,False,True
-0.055,-0.341,-0.287,-0.291,-0.269,0.094,False,False,True,False,False,False,False,False,False,True,False,False
0.572,-0.319,-0.287,-0.138,-0.269,0.426,False,True,False,False,False,False,False,False,True,False,False,False
-0.752,0.152,-0.287,0.508,-0.265,0.430,False,False,False,False,False,False,False,False,True,False,False,False
-1.031,0.843,-0.287,-0.289,-0.268,-0.707,False,False,False,False,False,False,False,True,False,False,False,False
0.015,4.931,6.708,-0.266,-0.256,-0.895,True,False,False,False,False,True,False,False,False,False,False,True
1.549,-0.341,-0.287,-0.291,-0.258,0.295,False,False,False,False,False,False,False,False,True,False,False,True
1.130,-0.341,-0.287,-0.291,-0.269,0.100,False,False,True,False,False,False,False,False,False,True,False,True
1.130,-0.341,-0.287,-0.291,-0.269,0.102,False,False,True,False,False,False,False,False,False,True,False,True
0.851,1.394,-0.280,-0.267,-0.269,0.297,False,True,False,False,False,False,False,False,True,False,False,True
-0.543,-0.341,-0.237,0.136,4.311,0.098,False,False,False,False,False,False,False,False,False,True,False,False
-0.055,0.649,-0.287,-0.291,-0.251,0.435,False,False,False,False,False,False,False,False,True,False,False,False
-2.008,-0.341,-0.287,-0.291,-0.269,0.098,False,False,True,False,False,False,False,False,False,True,False,False
1.200,-0.341,-0.287,-0.291,0.508,0.299,False,False,False,False,False,False,False,False,True,False,False,True
0.851,-0.341,-0.287,-0.291,-0.269,0.301,False,True,True,False,False,False,False,False,True,False,False,True
-1.101,-0.341,-0.287,-0.291,-0.269,0.100,False,False,False,False,False,False,False,False,False,True,False,False
1.828,-0.341,0.467,-0.291,0.125,-0.705,False,False,False,False,False,False,False,True,False,False,False,False
-0.613,-0.341,-0.287,-0.291,-0.269,0.102,False,False,False,False,False,False,False,False,False,True,False,False
-0.543,-0.341,-0.287,-0.291,-0.269,0.106,False,False,True,False,False,False,False,False,False,True,False,True
1.409,0.151,-0.115,-0.291,-0.269,0.437,False,False,False,False,False,False,False,False,True,False,False,False
-0.125,-0.341,-0.287,1.417,-0.000,0.104,False,False,False,False,False,False,False,False,False,True,False,False
-2.008,-0.341,-0.287,-0.291,-0.269,0.104,False,False,False,False,False,False,False,False,False,True,False,False
-0.474,1.002,-0.253,-0.291,-0.000,0.439,False,True,False,False,False,False,False,False,True,False,False,False
-0.822,-0.341,-0.287,-0.291,-0.269,0.106,False,False,True,False,False,False,False,False,False,True,False,False
-0.404,0.198,-0.287,0.988,-0.269,0.305,False,True,False,False,False,False,False,False,True,False,False,True
1.061,-0.281,0.228,-0.291,-0.233,0.108,False,False,False,False,False,False,False,False,False,True,False,False
0.015,-0.341,-0.287,-0.291,-0.269,-0.703,True,False,True,False,False,False,False,True,False,False,False,False
-0.683,-0.341,-0.287,-0.282,-0.269,0.307,False,False,False,False,False,False,False,False,True,False,False,True
-1.798,-0.341,-0.287,-0.291,-0.269,0.110,False,False,True,False,False,False,False,False,False,True,False,True
0.015,-0.341,4.206,-0.291,-0.268,-0.334,True,False,False,False,False,False,False,False,True,False,False,True
-0.683,-0.271,-0.287,0.839,-0.269,-0.702,False,False,False,False,False,False,False,True,False,False,False,False
-0.474,-0.341,-0.287,-0.291,-0.269,0.112,False,False,True,False,False,False,False,False,False,True,False,False
0.294,0.266,-0.118,-0.236,-0.269,-0.334,False,False,False,False,False,False,False,False,True,False,False,True
-0.125,-0.341,-0.287,-0.291,-0.269,0.114,False,False,True,False,False,False,False,False,False,True,False,True
1.479,0.670,-0.287,-0.291,-0.119,0.114,False,False,False,False,False,False,False,False,False,True,False,False
1.758,1.504,-0.287,-0.289,-0.269,0.313,False,True,False,False,False,False,False,False,True,False,False,True
0.991,1.854,-0.287,-0.040,-0.269,0.313,False,True,False,False,False,False,False,False,True,False,False,True
-0.822,-0.184,1.082,-0.291,-0.269,0.445,False,False,False,False,False,False,False,False,True,False,False,False
-0.195,2.133,-0.287,-0.157,-0.269,-0.913,False,True,False,False,False,False,True,False,False,False,False,False
1.061,1.566,-0.285,-0.291,-0.269,0.447,False,False,False,False,False,False,False,False,True,False,False,False
1.549,-0.341,-0.287,-0.274,-0.269,0.315,False,False,False,False,False,False,False,False,True,False,False,True
0.015,-0.341,-0.287,-0.291,-0.269,-0.877,True,False,True,False,True,False,False,False,False,False,False,True
-1.729,-0.341,-0.287,-0.291,-0.269,0.116,False,False,False,False,False,False,False,False,False,True,False,False
0.782,-0.341,-0.287,0.228,0.102,0.451,False,False,False,False,False,False,False,False,True,False,False,False
-0.125,-0.341,-0.287,-0.287,0.444,0.116,False,False,False,False,False,False,False,False,False,True,False,False
-1.450,-0.341,-0.287,-0.291,-0.269,0.116,False,False,False,False,False,False,False,False,False,True,False,False
-1.798,-0.341,-0.287,-0.291,-0.269,0.116,False,False,False,False,False,False,False,False,False,True,False,False
-1.241,-0.341,-0.287,-0.291,-0.269,0.116,False,False,False,False,False,False,False,False,False,True,False,False
-0.334,-0.316,-0.287,1.611,-0.234,0.453,False,False,False,False,False,False,False,False,True,False,False,False
-0.264,-0.341,-0.235,-0.291,-0.269,0.120,False,False,False,False,False,False,False,False,False,True,False,True
-0.055,-0.206,2.740,-0.291,1.141,-0.923,True,False,False,False,False,True,False,False,False,False,False,False
-0.264,-0.341,0.351,-0.291,-0.269,0.118,False,False,False,False,False,False,False,False,False,True,False,False
-0.125,-0.341,-0.287,-0.291,-0.269,0.122,False,False,True,False,False,False,False,False,False,True,False,True
-0.264,-0.310,-0.287,0.419,0.048,0.317,False,False,False,False,False,False,False,False,True,False,False,True
-2.008,-0.341,-0.287,-0.291,-0.269,0.122,False,False,True,False,False,False,False,False,False,True,False,True
2.037,-0.341,-0.287,1.333,-0.269,0.319,False,False,False,False,False,False,False,False,True,False,False,True
-1.798,-0.341,-0.287,-0.291,-0.269,0.124,False,False,True,False,False,False,False,False,False,True,False,True
-1.729,-0.341,-0.287,-0.291,-0.269,0.124,False,False,True,False,False,False,False,False,False,True,False,True
-1.868,-0.341,-0.287,-0.291,-0.269,0.124,False,False,True,False,False,False,False,False,False,True,False,True
0.363,-0.341,0.244,-0.267,-0.269,0.319,False,False,False,False,False,False,False,False,True,False,False,True
-1.659,-0.341,-0.287,-0.291,-0.269,0.124,False,False,False,False,False,False,False,False,False,True,False,True
-1.798,-0.341,-0.287,-0.291,-0.269,0.124,False,False,False,False,False,False,False,False,False,True,False,True
1.200,-0.341,-0.287,-0.291,-0.269,-0.700,False,True,True,False,False,False,False,True,False,False,False,False
-0.474,1.807,-0.287,-0.291,-0.269,0.455,False,False,False,False,False,False,False,False,True,False,False,False
-1.450,-0.341,-0.287,-0.291,-0.269,0.120,False,False,False,False,False,False,False,False,False,True,False,False
-0.822,-0.336,-0.235,1.261,-0.268,0.120,False,False,False,False,False,False,False,False,False,True,False,False
-1.729,-0.341,-0.287,-0.291,-0.269,0.120,False,False,False,False,False,False,False,False,False,True,False,False
-1.171,-0.341,-0.287,-0.291,-0.269,-0.334,False,False,True,False,False,False,False,False,True,False,False,True
0.782,-0.341,-0.287,-0.291,-0.269,0.120,False,False,True,False,False,False,False,False,False,True,False,False
-0.892,-0.335,-0.287,3.522,-0.269,0.459,False,False,False,False,False,False,False,False,True,False,False,False
0.851,0.000,-0.287,-0.291,-0.269,0.120,False,False,True,False,False,False,False,False,False,True,False,False
-1.450,-0.341,-0.287,-0.291,-0.269,0.120,False,False,True,False,False,False,False,False,False,True,False,False
-1.031,-0.341,-0.287,-0.291,-0.269,0.126,False,False,True,False,False,False,False,False,False,True,False,True
-1.868,-0.341,-0.287,-0.291,-0.269,0.126,False,False,True,False,False,False,False,False,False,True,False,True
2.107,0.266,-0.287,-0.080,-0.130,0.321,False,False,False,False,False,False,False,False,True,False,False,True
1.130,2.382,-0.287,-0.284,-0.265,0.126,False,False,False,False,False,False,False,False,False,True,False,True
1.618,-0.341,0.154,-0.291,-0.000,0.321,False,False,False,False,False,False,False,False,True,False,False,True
0.294,-0.341,-0.287,-0.291,-0.269,0.323,False,True,True,False,False,False,False,False,True,False,False,True
1.549,-0.328,-0.287,0.054,-0.257,-0.334,False,False,False,False,False,False,False,False,True,False,False,True
0.642,-0.341,-0.287,-0.291,-0.269,0.122,False,False,True,False,False,False,False,False,False,True,False,False
-1.031,0.357,-0.287,-0.291,-0.117,-0.698,False,True,False,False,False,False,False,True,False,False,False,False
0.921,-0.341,-0.001,-0.289,2.413,-0.930,True,False,False,False,True,False,False,False,False,False,False,False
-0.055,-0.341,1.744,-0.291,1.821,-0.930,True,False,False,False,True,False,False,False,False,False,False,False
0.363,0.128,0.053,-0.291,-0.220,-0.648,False,False,False,False,False,False,False,True,False,False,False,True
-0.543,-0.341,-0.287,-0.291,-0.269,-0.646,False,True,False,False,False,False,False,True,False,False,False,True
0.084,-0.341,-0.287,-0.291,-0.269,0.325,False,True,True,False,False,False,False,False,True,False,False,True
-0.125,-0.341,-0.287,-0.291,-0.269,0.325,False,True,True,False,False,False,False,False,True,False,False,True
-0.195,-0.341,-0.287,-0.291,-0.269,-0.646,False,True,True,False,False,False,False,True,False,False,False,True
-0.404,1.071,-0.287,-0.067,0.102,0.325,False,True,False,False,False,False,False,False,True,False,False,True
-0.613,0.000,-0.287,-0.291,-0.232,0.327,False,False,False,False,False,False,False,False,True,False,False,True
2.107,0.050,-0.051,-0.282,-0.269,-0.694,False,False,False,False,False,False,False,True,False,False,False,False
0.572,9.509,0.635,-0.291,3.414,-0.929,True,False,False,False,True,False,False,False,False,False,False,False
0.224,2.453,-0.287,0.817,-0.269,0.465,False,True,False,False,False,False,False,False,True,False,False,False
0.572,-0.335,-0.287,0.082,-0.268,0.467,False,False,False,False,False,False,False,False,True,False,False,False
-0.125,-0.339,-0.065,0.976,-0.000,-0.692,False,False,False,False,False,False,False,True,False,False,False,False
0.921,-0.341,-0.287,-0.291,-0.269,-0.873,True,False,True,False,True,False,False,False,False,False,False,True
0.015,-0.341,-0.287,-0.291,-0.269,0.124,False,False,True,False,False,False,False,False,False,True,False,False
-1.868,-0.341,-0.287,-0.291,-0.269,0.128,False,False,False,False,False,False,False,False,False,True,False,True
-1.310,-0.341,-0.287,-0.291,-0.269,-0.334,False,False,True,False,False,False,False,False,True,False,False,True
-2.008,-0.341,-0.287,-0.291,-0.269,0.128,False,False,False,False,False,False,False,False,False,True,False,True
-0.543,-0.341,-0.287,-0.291,-0.269,0.128,False,False,True,False,False,False,False,False,False,True,False,True
-1.450,-0.341,-0.287,-0.291,-0.269,0.128,False,False,False,False,False,False,False,False,False,True,False,True
-0.125,-0.341,0.000,-0.291,-0.269,-0.919,True,False,True,False,False,True,False,False,False,False,False,False
-0.125,-0.341,-0.287,-0.291,-0.269,-0.919,True,False,True,False,False,True,False,False,False,False,False,False
-1.101,-0.341,-0.287,-0.291,-0.269,0.128,False,False,False,False,False,False,False,False,False,True,False,False
1.409,2.729,4.208,-0.291,-0.228,-0.893,True,False,False,False,False,True,False,False,False,False,False,True
0.642,-0.341,-0.287,-0.291,-0.269,-0.690,False,True,True,False,False,False,False,True,False,False,False,False
-0.543,-0.341,-0.287,-0.291,-0.269,0.129,False,False,True,False,False,False,False,False,False,True,False,False
-0.474,-0.330,-0.249,-0.107,-0.269,0.129,False,False,False,False,False,False,False,False,False,True,False,True
-1.031,-0.341,-0.287,-0.291,-0.269,0.131,False,False,True,False,False,False,False,False,False,True,False,True
-0.334,-0.341,-0.287,-0.291,-0.269,0.133,False,False,True,False,False,False,False,False,False,True,False,True
-0.334,0.742,-0.287,-0.284,-0.259,0.331,False,False,False,False,False,False,False,False,True,False,False,True
0.363,-0.341,-0.287,-0.291,-0.269,0.131,False,False,True,False,False,False,False,False,False,True,False,False
-1.938,-0.341,-0.287,-0.291,-0.000,-1.086,True,False,False,False,False,False,False,False,False,False,False,True
-0.125,-0.341,-0.287,-0.291,-0.269,-1.086,True,False,True,False,False,False,False,False,False,False,False,True
-0.195,-0.341,-0.287,-0.291,-0.269,-1.086,True,False,True,False,False,False,False,False,False,False,False,True
-0.125,-0.341,-0.287,-0.291,1.123,-0.688,False,False,False,False,False,False,False,True,False,False,False,False
0.224,0.472,-0.287,0.941,-0.269,0.333,False,True,False,False,False,False,False,False,True,False,False,True
-1.868,-0.341,0.000,-0.291,-0.269,0.333,False,True,False,False,False,False,False,False,True,False,False,True
-1.310,-0.341,-0.287,-0.291,-0.269,0.333,False,True,True,False,False,False,False,False,True,False,False,True
1.409,1.807,-0.287,0.598,-0.100,-0.911,False,True,False,False,False,False,True,False,False,False,False,False
-1.031,-0.341,-0.287,-0.291,-0.269,0.133,False,False,True,False,False,False,False,False,False,True,False,False
0.015,-0.341,-0.287,-0.291,-0.269,0.137,False,False,True,False,False,False,False,False,False,True,False,True
-0.264,-0.341,-0.287,-0.291,-0.269,-1.084,True,False,True,False,False,False,False,False,False,False,False,True
0.503,-0.341,0.529,-0.291,8.708,-1.108,True,False,False,False,False,False,False,False,False,False,False,False
-0.474,-0.341,-0.287,-0.291,-0.269,0.141,False,False,True,False,False,False,False,False,False,True,False,True
-0.543,-0.336,-0.266,0.714,-0.262,0.473,False,False,False,False,False,False,False,False,True,False,False,False
0.503,0.322,-0.010,-0.291,-0.268,0.143,False,False,False,False,False,False,False,False,False,True,False,True
1.758,0.993,-0.286,0.598,-0.269,0.477,False,False,False,False,False,False,False,False,True,False,False,False
0.084,2.465,-0.287,0.342,-0.132,-0.921,False,True,False,False,False,False,True,False,False,False,False,True
-2.008,-0.341,-0.287,-0.291,-0.269,0.335,False,True,True,False,False,False,False,False,True,False,False,True
-1.938,-0.341,-0.287,-0.291,-0.269,0.335,False,True,True,False,False,False,False,False,True,False,False,True
0.921,-0.341,-0.287,-0.291,-0.269,0.145,False,False,True,False,False,False,False,False,False,True,False,True
1.270,1.083,0.639,0.000,-0.269,0.337,False,False,False,False,False,False,False,False,True,False,False,True
-0.264,1.689,-0.287,0.312,-0.269,0.135,False,False,False,False,False,False,False,False,False,True,False,False
-0.752,-0.341,-0.268,-0.291,2.193,-0.871,True,False,False,False,True,False,False,False,False,False,False,True
-0.474,-0.341,-0.287,-0.291,-0.269,-0.871,True,False,True,False,True,False,False,False,False,False,False,True
-0.125,0.000,0.579,-0.291,1.656,-0.919,True,False,False,False,False,False,True,False,False,False,False,True
-0.334,-0.341,-0.287,3.782,-0.222,0.339,False,False,False,False,False,False,False,False,True,False,False,True
-0.125,-0.341,-0.287,-0.291,-0.269,-0.927,True,False,True,False,True,False,False,False,False,False,False,False
-0.474,-0.341,-0.287,0.000,-0.000,-0.927,True,False,True,False,True,False,False,False,False,False,False,False
2.176,-0.341,-0.287,0.000,-0.269,0.147,False,False,True,False,False,False,False,False,False,True,False,True
0.642,2.541,0.513,-0.291,-0.258,-0.891,True,False,False,False,False,True,False,False,False,False,False,True
-0.404,2.109,-0.287,-0.289,-0.267,-0.684,False,False,False,False,False,False,False,True,False,False,False,False
-0.543,-0.341,-0.287,-0.291,-0.269,0.139,False,False,True,False,False,False,False,False,False,True,False,False
1.828,2.206,-0.287,-0.289,-0.264,0.345,False,True,False,False,False,False,False,False,True,False,False,True
-0.613,0.749,-0.287,-0.274,-0.269,0.479,False,False,False,False,False,False,False,False,True,False,False,False
1.479,0.343,-0.205,0.036,-0.269,0.141,False,False,False,False,False,False,False,False,False,True,False,False
-0.474,-0.341,-0.287,-0.291,-0.269,-0.680,False,True,False,False,False,False,False,True,False,False,False,False
-0.543,-0.341,3.595,2.769,-0.238,-0.889,True,False,False,False,False,True,False,False,False,False,False,True
-0.195,-0.341,0.684,-0.291,0.407,-0.917,True,False,False,False,False,False,True,False,False,False,False,True
0.503,-0.341,1.078,-0.291,-0.142,-1.082,True,False,False,False,False,False,False,False,False,False,False,True
1.200,0.004,-0.287,2.297,-0.267,-0.915,False,True,False,False,False,False,True,False,False,False,False,True
-0.195,-0.341,0.080,-0.289,-0.218,0.347,False,False,False,False,False,False,False,False,True,False,False,True
-0.334,-0.341,-0.275,-0.291,0.313,0.483,False,False,False,False,False,False,False,False,True,False,False,False
-1.031,0.924,0.390,-0.286,-0.085,0.147,False,False,False,False,False,False,False,False,False,True,False,False
1.200,1.098,-0.287,-0.077,-0.233,0.485,False,True,False,False,False,False,False,False,True,False,False,False
-0.962,-0.341,0.240,-0.085,-0.251,-0.678,False,False,False,False,False,False,False,True,False,False,False,False
0.084,-0.341,-0.287,-0.291,-0.269,0.149,False,False,True,False,False,False,False,False,False,True,False,False
-0.125,-0.341,-0.287,-0.291,-0.269,0.151,False,False,True,False,False,False,False,False,False,True,False,False
0.642,1.327,-0.260,-0.018,-0.269,0.349,False,True,False,False,False,False,False,False,True,False,False,True
1.340,-0.341,-0.287,-0.291,-0.269,-0.925,True,False,True,False,True,False,False,False,False,False,False,False
0.154,-0.341,-0.287,-0.291,-0.269,0.153,False,False,True,False,False,False,False,False,False,True,False,False
0.851,1.213,-0.287,-0.291,-0.269,0.155,False,False,False,False,False,False,False,False,False,True,False,False
0.991,-0.341,0.234,-0.160,-0.269,0.155,False,False,False,False,False,False,False,False,False,True,False,True
-0.404,-0.341,-0.287,0.528,-0.025,0.157,False,False,False,False,False,False,False,False,False,True,False,True
1.340,-0.341,-0.287,-0.291,-0.269,-0.865,True,False,True,False,True,False,False,False,False,False,False,True
1.270,-0.300,1.375,0.610,-0.269,-0.865,True,False,False,False,True,False,False,False,False,False,False,True
-0.683,-0.084,-0.037,0.000,-0.269,0.487,False,False,False,False,False,False,False,False,True,False,False,False
-0.264,-0.341,-0.263,-0.291,-0.170,-0.674,False,False,False,False,False,False,False,True,False,False,False,False
-0.055,-0.341,-0.287,-0.291,-0.269,0.161,False,False,True,False,False,False,False,False,False,True,False,True
-0.892,-0.341,-0.287,-0.291,-0.269,-0.923,True,False,True,False,True,False,False,False,False,False,False,False
1.130,-0.341,1.296,-0.291,-0.268,-0.923,True,False,False,False,True,False,False,False,False,False,False,False
0.154,-0.341,-0.287,-0.291,-0.269,-0.644,False,True,True,False,False,False,False,True,False,False,False,True
-0.683,-0.341,-0.287,-0.291,-0.269,0.163,False,False,True,False,False,False,False,False,False,True,False,True
-0.543,-0.280,-0.287,0.941,-0.269,0.351,False,False,False,False,False,False,False,False,True,False,False,True
-0.125,-0.341,-0.287,-0.291,-0.269,0.165,False,False,True,False,False,False,False,False,False,True,False,True
-0.474,-0.341,-0.287,0.000,-0.269,0.159,False,False,True,False,False,False,False,False,False,True,False,False
-0.404,-0.341,-0.287,-0.291,-0.000,-0.921,True,False,False,False,True,False,False,False,False,False,False,False
1.758,-0.172,-0.287,1.624,-0.249,0.493,False,True,False,True,False,False,False,False,True,False,False,False
-2.008,-0.341,-0.287,-0.291,-0.269,0.493,False,True,False,False,False,False,False,False,True,False,False,False
-1.729,-0.341,0.000,-0.291,-0.269,0.493,False,True,True,False,False,False,False,False,True,False,False,False
-0.404,-0.318,-0.287,1.010,-0.266,0.495,False,False,False,False,False,False,False,False,True,False,False,False
-0.683,-0.341,-0.287,-0.291,-0.269,-0.334,False,True,True,False,False,False,False,False,True,False,False,True
0.363,-0.341,-0.287,-0.291,-0.269,-0.887,True,False,True,False,False,True,False,False,False,False,False,True
-0.752,-0.341,-0.287,-0.291,-0.269,0.161,False,False,True,False,False,False,False,False,False,True,False,False
0.782,-0.341,-0.287,-0.291,-0.269,-0.334,False,False,True,False,False,False,False,False,True,False,False,True
2.037,0.948,-0.287,-0.254,-0.269,0.356,False,True,False,False,False,False,False,False,True,False,False,True
0.712,0.666,-0.287,-0.291,-0.269,0.358,False,False,False,False,False,False,False,False,True,False,False,True
-0.404,-0.280,-0.278,-0.241,0.293,0.503,False,False,False,False,False,False,False,False,True,False,False,False
-1.241,-0.341,-0.287,-0.291,-0.269,0.163,False,False,False,False,False,False,False,False,False,True,False,False
0.991,-0.341,-0.287,0.000,-0.269,-0.885,True,False,True,False,False,True,False,False,False,False,False,True
0.015,-0.341,-0.287,-0.291,-0.269,-0.668,False,True,True,False,False,False,False,True,False,False,False,False
0.503,-0.312,0.011,-0.291,-0.013,-0.666,False,False,False,False,False,False,False,True,False,False,False,False
-1.101,-0.316,-0.287,-0.145,-0.269,0.505,False,False,False,False,False,False,False,False,True,False,False,False
1.758,-0.341,0.000,-0.291,-0.269,-0.883,True,False,False,False,False,True,False,False,False,False,False,True
1.130,-0.341,-0.287,-0.291,-0.269,-0.883,True,False,True,False,False,True,False,False,False,False,False,True
0.294,0.000,-0.287,0.695,-0.044,0.169,False,False,False,False,False,False,False,False,False,True,False,False
1.200,-0.341,0.358,-0.291,-0.269,0.362,False,False,False,False,False,False,False,False,True,False,False,True
-0.962,-0.341,-0.287,-0.291,-0.269,0.171,False,False,True,False,False,False,False,False,False,True,False,False
0.433,-0.206,-0.287,-0.291,-0.269,0.507,False,False,False,False,False,False,False,False,True,False,False,False
-0.404,-0.341,-0.287,-0.291,-0.269,0.364,False,True,True,False,False,False,False,False,True,False,False,True
-0.962,-0.341,-0.287,-0.291,-0.269,0.173,False,False,True,False,False,False,False,False,False,True,False,False
-0.125,-0.341,-0.287,0.680,-0.269,-0.638,False,False,False,False,False,False,False,True,False,False,False,True
-0.962,0.000,-0.286,-0.266,0.474,0.366,False,False,False,False,False,False,False,False,True,False,False,True
-0.125,0.661,0.000,1.368,-0.269,0.368,False,True,False,True,False,False,False,False,True,False,False,True
-0.892,-0.341,-0.287,-0.291,-0.269,0.171,False,False,True,False,False,False,False,False,False,True,False,True
0.572,0.032,-0.287,0.886,-0.269,0.175,False,False,False,False,False,False,False,False,False,True,False,False
1.130,-0.341,-0.287,-0.291,-0.269,-0.917,True,False,True,False,True,False,False,False,False,False,False,False
2.037,-0.341,-0.112,5.781,-0.243,-0.917,True,False,False,True,True,False,False,False,False,False,False,False
-0.125,-0.341,-0.011,-0.291,0.026,-0.334,False,False,False,False,False,False,False,False,True,False,False,True
0.642,-0.341,-0.276,-0.241,0.465,0.510,False,False,False,False,False,False,False,False,True,False,False,False
-0.055,-0.341,-0.136,-0.281,0.209,-0.664,False,False,False,False,False,False,False,True,False,False,False,False
1.270,-0.341,-0.287,-0.291,-0.269,-0.901,True,False,True,False,False,False,True,False,False,False,False,False
0.851,-0.341,0.692,-0.291,-0.255,-0.901,True,False,False,False,False,False,True,False,False,False,False,False
-0.055,0.000,-0.287,-0.291,-0.269,-0.915,True,False,True,False,True,False,False,False,False,False,False,False
-0.404,-0.341,-0.287,-0.291,-0.269,0.177,False,False,True,False,False,False,False,False,False,True,False,False
-0.334,-0.341,-0.287,-0.291,-0.269,0.512,False,True,True,False,False,False,False,False,True,False,False,False
2.037,-0.322,-0.287,0.021,-0.265,0.512,False,True,False,False,False,False,False,False,True,False,False,False
0.503,-0.341,-0.287,-0.291,-0.269,0.512,False,False,True,False,False,False,False,False,True,False,False,False
-0.334,1.725,-0.287,-0.207,-0.269,0.512,False,True,False,False,False,False,False,False,True,False,False,False
1.897,-0.147,-0.287,1.315,-0.232,0.512,False,True,False,False,False,False,False,False,True,False,False,False
-0.962,-0.341,-0.287,-0.291,-0.269,0.512,False,True,True,False,False,False,False,False,True,False,False,False
-0.683,-0.107,-0.181,3.181,-0.269,-0.899,False,True,False,False,False,False,True,False,False,False,False,False
-0.125,-0.341,-0.287,-0.291,-0.152,-0.662,False,False,False,False,False,False,False,True,False,False,False,False
1.270,-0.251,-0.287,0.257,-0.269,0.514,False,False,False,False,False,False,False,False,True,False,False,False
0.572,-0.341,-0.231,-0.266,0.253,0.516,False,False,False,False,False,False,False,False,True,False,False,False
0.712,-0.341,-0.287,-0.291,-0.269,0.518,False,True,True,False,False,False,False,False,True,False,False,False
-0.613,-0.341,-0.287,-0.291,-0.269,0.518,False,True,True,False,False,False,False,False,True,False,False,False
-0.613,0.811,-0.287,0.951,-0.269,0.518,False,True,False,False,False,False,False,False,True,False,False,False
0.642,0.402,0.129,0.308,-0.269,0.518,False,True,False,False,False,False,False,False,True,False,False,False
1.200,0.034,-0.287,0.409,-0.237,-0.897,False,True,False,False,False,False,True,False,False,False,False,False
-1.101,-0.341,-0.287,-0.291,-0.269,0.518,False,True,True,False,False,False,False,False,True,False,False,False
-0.334,0.587,-0.083,-0.214,-0.269,0.518,False,True,False,False,False,False,False,False,True,False,False,False
0.224,-0.341,-0.287,-0.291,-0.269,-0.859,True,False,True,False,True,False,False,False,False,False,False,True
-0.125,-0.341,-0.287,-0.291,-0.269,-0.859,True,False,True,False,True,False,False,False,False,False,False,True
1.061,-0.286,0.081,-0.291,2.905,-0.859,True,False,False,False,True,False,False,False,False,False,False,True
-0.683,-0.341,-0.287,-0.284,0.413,0.179,False,False,False,False,False,False,False,False,False,True,False,False
0.084,-0.341,0.448,0.016,-0.269,-1.079,True,False,False,True,False,False,False,False,False,False,False,True
-0.404,-0.341,-0.287,-0.291,-0.269,-1.079,True,False,True,False,False,False,False,False,False,False,False,True
-1.729,-0.341,-0.287,-0.291,-0.269,-0.915,True,False,False,False,False,True,False,False,False,False,False,False
-2.008,-0.341,0.000,-0.291,-0.269,-0.915,True,False,False,False,False,True,False,False,False,False,False,False
-0.822,-0.341,-0.287,-0.291,-0.269,-0.334,True,False,True,False,False,False,False,False,True,False,False,True
1.061,-0.341,-0.287,-0.291,-0.269,-0.915,True,False,True,False,False,True,False,False,False,False,False,False
0.154,-0.338,5.199,-0.291,12.513,-0.915,True,False,False,False,False,True,False,False,False,False,False,False
0.851,-0.341,5.648,-0.291,1.109,-0.915,True,False,False,True,False,True,False,False,False,False,False,False
0.294,-0.341,0.980,-0.291,-0.108,-1.077,True,False,False,False,False,False,False,False,False,False,False,True
0.991,-0.341,-0.210,-0.291,-0.105,-1.077,True,False,False,False,False,False,False,False,False,False,False,True
0.991,-0.341,1.702,-0.291,3.593,-1.077,True,False,False,True,False,False,False,False,False,False,False,True
0.503,1.732,-0.220,0.000,-0.201,0.370,False,False,False,False,False,False,False,False,True,False,False,True
-0.683,0.505,-0.287,0.300,-0.262,0.520,False,False,False,False,False,False,False,False,True,False,False,False
-0.334,-0.341,0.795,-0.291,-0.269,0.181,False,False,False,False,False,False,False,False,False,True,False,False
-0.822,-0.341,-0.287,-0.291,-0.269,0.175,False,False,True,False,False,False,False,False,False,True,False,True
-0.404,1.595,-0.235,-0.291,0.259,0.522,False,False,False,False,False,False,False,False,True,False,False,False
-0.822,0.505,-0.287,-0.286,0.813,0.177,False,False,False,False,False,False,False,False,False,True,False,True
-0.752,1.099,-0.287,0.104,-0.269,-0.911,False,True,False,False,False,False,True,False,False,False,False,True
0.363,-0.341,-0.287,-0.291,-0.269,0.524,False,True,True,False,False,False,False,False,True,False,False,False
-1.101,-0.341,-0.287,-0.291,-0.269,0.181,False,False,True,False,False,False,False,False,False,True,False,True
2.595,0.584,1.311,-0.291,-0.269,0.374,False,False,False,False,False,False,False,False,True,False,False,True
-0.125,-0.341,0.256,-0.291,0.051,0.374,False,False,False,False,False,False,False,False,True,False,False,True
-0.683,2.115,-0.287,-0.284,-0.197,0.183,False,False,False,False,False,False,False,False,False,True,False,True
1.828,-0.341,-0.163,0.886,-0.269,0.376,False,False,False,False,False,False,False,False,True,False,False,True
0.782,-0.341,-0.287,-0.289,0.320,-0.895,False,True,False,False,False,False,True,False,False,False,False,False
-0.404,-0.341,-0.287,-0.291,-0.269,0.187,False,False,True,False,False,False,False,False,False,True,False,False
-1.519,-0.341,-0.287,-0.291,-0.269,0.187,False,False,False,False,False,False,False,False,False,True,False,False
-1.171,-0.341,-0.287,-0.291,-0.269,0.187,False,False,True,False,False,False,False,False,False,True,False,False
0.572,-0.341,0.268,-0.291,0.120,0.380,False,False,False,False,False,False,False,False,True,False,False,True
-0.474,-0.341,-0.279,0.586,-0.269,0.530,False,False,False,False,False,False,False,False,True,False,False,False
-0.264,-0.341,-0.287,-0.291,-0.269,-0.855,False,False,True,False,True,False,False,False,False,False,False,True
1.200,-0.341,-0.287,-0.291,-0.269,-0.855,True,False,True,False,True,False,False,False,False,False,False,True
0.572,0.154,-0.287,0.471,-0.269,-0.893,False,True,False,False,False,False,True,False,False,False,False,False
1.479,-0.341,-0.287,-0.291,-0.269,-0.879,True,False,True,False,False,True,False,False,False,False,False,True
-0.055,-0.341,-0.287,-0.291,-0.269,-0.879,True,False,True,False,False,True,False,False,False,False,False,True
-0.195,-0.341,-0.287,-0.291,-0.269,-0.913,True,False,True,False,False,True,False,False,False,False,False,False
-0.055,-0.341,-0.287,-0.291,-0.269,0.185,False,False,True,False,False,False,False,False,False,True,False,True
-0.404,-0.335,-0.189,-0.053,-0.096,0.187,False,False,False,False,False,False,False,False,False,True,False,True
-0.404,-0.336,-0.072,-0.291,-0.269,-0.660,True,False,False,False,False,False,False,True,False,False,False,False
0.363,1.163,-0.287,-0.267,-0.269,-0.891,False,True,False,True,False,False,True,False,False,False,False,False
2.525,-0.341,-0.287,-0.291,-0.269,-0.913,True,False,True,False,True,False,False,False,False,False,False,False
-0.613,-0.341,-0.287,-0.291,-0.269,-0.913,False,False,True,False,True,False,False,False,False,False,False,False
0.015,-0.341,-0.287,-0.291,-0.269,0.534,False,True,True,False,False,False,False,False,True,False,False,False
0.084,-0.074,-0.287,3.576,-0.000,0.534,False,True,False,False,False,False,False,False,True,False,False,False
-1.798,-0.341,-0.287,-0.291,-0.269,0.536,False,True,True,False,False,False,False,False,True,False,False,False
0.782,1.581,-0.287,-0.291,-0.269,0.536,False,True,False,False,False,False,False,False,True,False,False,False
0.224,1.677,-0.026,-0.291,-0.213,0.536,False,True,False,False,False,False,False,False,True,False,False,False
0.154,0.498,-0.147,-0.276,-0.269,-0.658,False,False,False,False,False,False,False,True,False,False,False,False
-1.101,-0.300,-0.237,1.517,-0.269,0.538,False,False,False,False,False,False,False,False,True,False,False,False
0.015,-0.285,-0.287,-0.011,-0.269,0.189,False,False,False,False,False,False,False,False,False,True,False,False
-0.055,-0.341,-0.254,-0.291,-0.264,-0.656,False,False,False,False,False,False,False,True,False,False,False,False
-0.683,1.454,-0.232,-0.291,0.026,0.382,False,True,False,False,False,False,False,False,True,False,False,True
-0.334,0.370,-0.287,0.000,-0.269,-0.634,False,True,False,False,False,False,False,True,False,False,False,True
-0.474,-0.341,-0.287,-0.291,-0.269,-0.652,False,True,True,False,False,False,False,True,False,False,False,False
-1.101,0.275,-0.287,2.505,0.108,0.544,False,False,False,False,False,False,False,False,True,False,False,False
-0.543,-0.341,-0.287,-0.252,-0.250,0.546,False,False,False,False,False,False,False,False,True,False,False,False
-0.334,-0.341,-0.287,2.111,-0.269,0.384,False,False,False,False,False,False,False,False,True,False,False,True
1.270,-0.341,2.838,-0.291,-0.231,-0.854,True,False,False,False,True,False,False,False,False,False,False,True
-0.125,-0.341,-0.197,-0.164,3.201,-0.911,True,False,False,False,True,False,False,False,False,False,False,False
-0.752,-0.341,-0.287,1.005,-0.258,-0.630,False,False,False,False,False,False,False,True,False,False,False,True
0.503,-0.341,-0.287,-0.291,-0.269,-0.852,True,False,True,False,True,False,False,False,False,False,False,True
2.734,-0.341,-0.287,0.082,-0.269,0.550,False,False,False,False,False,False,False,False,True,False,False,False
0.154,-0.341,-0.287,-0.291,-0.269,-0.877,True,False,False,False,False,True,False,False,False,False,False,True
-0.055,-0.341,-0.287,-0.291,-0.269,0.554,False,True,True,False,False,False,False,False,True,False,False,False
0.503,4.210,-0.274,-0.040,-0.269,-0.909,False,True,False,False,False,False,True,False,False,False,False,True
-0.822,-0.341,0.107,-0.291,0.127,0.390,False,False,False,False,False,False,False,False,True,False,False,True
-1.101,-0.341,-0.287,-0.291,-0.269,0.195,False,False,True,False,False,False,False,False,False,True,False,True
0.084,-0.341,-0.281,-0.291,0.021,0.191,False,False,False,False,False,False,False,False,False,True,False,False
2.037,-0.341,1.560,-0.291,0.072,-0.850,True,False,False,False,True,False,False,False,False,False,False,True
0.991,-0.341,-0.287,-0.291,-0.269,-0.850,True,False,True,False,True,False,False,False,False,False,False,True
-0.613,0.196,0.682,0.250,0.009,-0.850,True,False,False,False,True,False,False,False,False,False,False,True
0.015,0.743,-0.287,0.000,-0.175,0.558,False,False,False,False,False,False,False,False,True,False,False,False
-0.962,-0.104,-0.287,1.604,-0.240,0.392,False,False,False,False,False,False,False,False,True,False,False,True
0.084,0.399,-0.287,0.114,-0.199,0.197,False,False,False,False,False,False,False,False,False,True,False,False
0.294,7.986,5.609,-0.252,-0.002,-0.909,True,False,False,False,True,False,False,False,False,False,False,False
-0.264,-0.341,-0.287,-0.291,-0.269,-0.909,True,False,True,False,True,False,False,False,False,False,False,False
2.316,-0.341,-0.274,-0.291,-0.250,-0.909,True,False,False,False,True,False,False,False,False,False,False,False
0.851,-0.341,-0.287,-0.291,-0.269,0.199,False,False,True,False,False,False,False,False,False,True,False,False
-0.125,-0.331,-0.287,-0.291,0.738,0.560,False,False,False,False,False,False,False,False,True,False,False,False
-0.752,-0.341,-0.287,-0.291,-0.269,0.201,False,False,True,False,False,False,False,False,False,True,False,False
-0.125,-0.341,-0.287,-0.291,-0.269,0.201,False,False,True,False,False,False,False,False,False,True,False,False
-0.683,0.525,-0.287,-0.291,0.448,0.560,False,False,False,False,False,False,False,False,True,False,False,False
0.572,-0.341,-0.287,-0.098,-0.269,0.201,False,False,False,False,False,False,False,False,False,True,False,False
-0.334,-0.341,-0.287,-0.291,-0.269,0.201,False,False,True,False,False,False,False,False,False,True,False,False
0.015,-0.321,-0.287,0.821,-0.180,0.201,False,False,False,False,False,False,False,False,False,True,False,False
1.061,-0.341,-0.287,0.727,-0.189,0.560,False,False,False,False,False,False,False,False,True,False,False,False
-0.683,-0.341,-0.121,1.186,-0.010,0.562,False,False,False,False,False,False,False,False,True,False,False,False
0.712,-0.341,-0.120,-0.291,-0.095,-1.104,True,False,False,False,False,False,False,False,False,False,False,False
2.386,-0.341,0.020,-0.289,-0.253,-1.104,True,False,False,False,False,False,False,False,False,False,False,False
0.712,-0.327,0.669,-0.291,-0.140,-1.104,True,False,False,False,False,False,False,False,False,False,False,False
0.851,-0.341,-0.287,-0.291,-0.269,0.394,False,True,True,False,False,False,False,False,True,False,False,True
-0.125,-0.341,-0.287,-0.291,-0.269,0.197,False,False,True,False,False,False,False,False,False,True,False,True
1.897,0.284,0.021,-0.276,-0.240,-0.907,False,True,False,False,False,False,True,False,False,False,False,True
-0.474,-0.341,-0.287,-0.291,-0.269,-0.911,True,False,True,False,False,True,False,False,False,False,False,False
-0.195,-0.339,0.509,7.727,4.246,-0.911,True,False,False,False,False,True,False,False,False,False,False,False
-0.334,-0.341,-0.287,-0.291,0.878,0.396,False,False,False,False,False,False,False,False,True,False,False,True
-0.752,-0.341,-0.287,-0.291,-0.269,0.199,False,False,True,False,False,False,False,False,False,True,False,True
-1.101,0.000,-0.287,-0.291,-0.269,0.204,False,False,True,False,False,False,False,False,False,True,False,False
0.224,-0.341,-0.287,1.417,-0.269,0.566,False,False,False,False,False,False,False,False,True,False,False,False
0.084,-0.304,1.317,-0.127,4.462,-0.334,True,False,False,False,False,False,False,False,True,False,False,True
-0.264,-0.341,-0.287,-0.291,-0.269,-1.102,True,False,True,False,False,False,False,False,False,False,False,False
1.828,-0.341,-0.129,-0.289,0.219,0.400,False,False,False,False,False,False,False,False,True,False,False,True
-0.683,-0.341,-0.286,-0.291,-0.269,0.568,False,False,False,False,False,False,False,False,True,False,False,False
-0.334,-0.341,0.162,0.081,-0.268,0.201,False,False,False,False,False,False,False,False,False,True,False,True
0.224,0.267,2.048,-0.282,-0.214,-0.873,True,False,False,False,False,True,False,False,False,False,False,True
-0.334,-0.341,-0.287,-0.291,-0.269,-0.650,False,True,False,False,False,False,False,True,False,False,False,False
0.224,-0.341,-0.287,-0.291,-0.269,0.580,False,True,True,False,False,False,False,False,True,False,False,False
0.503,-0.341,-0.287,-0.291,-0.269,0.206,False,False,True,False,False,False,False,False,False,True,False,True
-0.055,-0.341,-0.268,-0.291,0.500,-1.075,True,False,False,False,False,False,False,False,False,False,False,True
1.618,-0.341,0.063,-0.291,-0.269,0.404,False,False,False,False,False,False,False,False,True,False,False,True
0.015,0.639,-0.230,-0.269,-0.269,0.208,False,False,False,False,False,False,False,False,False,True,False,True
-0.404,-0.266,-0.287,4.256,-0.269,-0.887,False,True,False,False,False,False,True,False,False,False,False,False
0.224,-0.341,-0.287,-0.291,-0.269,-0.334,False,True,True,False,False,False,False,False,True,False,False,True
0.433,-0.341,-0.287,-0.291,-0.269,0.210,False,False,True,False,False,False,False,False,False,True,False,True
0.851,-0.319,3.963,-0.155,2.322,-0.905,True,False,False,False,True,False,False,False,False,False,False,False
-0.892,-0.341,-0.287,-0.291,-0.269,0.212,False,False,True,False,False,False,False,False,False,True,False,True
0.294,-0.341,-0.287,-0.291,-0.269,-0.646,True,False,True,False,False,False,False,True,False,False,False,False
-1.589,-0.341,-0.287,-0.291,-0.269,0.216,False,False,True,False,False,False,False,False,False,True,False,False
-0.962,-0.286,0.240,-0.291,-0.269,0.408,False,False,False,False,False,False,False,False,True,False,False,True
0.642,-0.341,0.132,-0.150,-0.269,0.214,False,False,False,False,False,False,False,False,False,True,False,True
1.897,-0.341,0.201,-0.271,-0.238,0.585,False,False,False,False,False,False,False,False,True,False,False,False
-1.729,-0.341,-0.287,-0.291,-0.269,0.218,False,False,True,False,False,False,False,False,False,True,False,False
-0.543,-0.341,-0.287,-0.291,-0.269,0.218,False,False,True,False,False,False,False,False,False,True,False,False
-0.474,1.738,-0.287,0.103,-0.269,0.412,False,True,False,False,False,False,False,False,True,False,False,True
0.572,-0.341,-0.287,1.023,-0.269,-0.644,False,False,False,False,False,False,False,True,False,False,False,False
-1.589,-0.341,-0.287,-0.291,-0.269,0.222,False,False,False,False,False,False,False,False,False,True,False,False
-0.474,0.513,0.039,0.319,-0.269,0.416,False,False,False,False,False,False,False,False,True,False,False,True
-0.195,-0.341,-0.201,-0.291,6.463,-0.903,True,False,False,False,True,False,False,False,False,False,False,False
-0.474,-0.341,-0.285,0.523,-0.068,-0.640,False,False,False,False,False,False,False,True,False,False,False,False
-0.613,-0.341,-0.287,-0.291,-0.269,0.224,False,False,False,False,False,False,False,False,False,True,False,False
-0.125,-0.341,-0.274,-0.291,-0.269,0.587,False,False,False,False,False,False,False,False,True,False,False,False
-0.334,0.325,-0.287,3.291,-0.269,-0.903,False,True,False,False,False,False,True,False,False,False,False,True
-0.264,-0.341,-0.287,-0.291,-0.269,0.418,False,True,True,False,False,False,False,False,True,False,False,True
1.340,-0.338,-0.287,-0.152,-0.063,0.226,False,False,False,False,False,False,False,False,False,True,False,False
-0.334,0.851,-0.287,-0.291,-0.269,-0.638,False,False,False,False,False,False,False,True,False,False,False,False
-1.798,-0.341,-0.287,-0.291,-0.269,0.422,False,True,False,False,False,False,False,False,True,False,False,True
-0.334,-0.341,-0.287,-0.291,-0.269,0.422,False,True,True,False,False,False,False,False,True,False,False,True
-0.264,0.284,-0.287,0.658,-0.269,0.422,False,True,False,False,False,False,False,False,True,False,False,True
-1.938,-0.341,-0.287,-0.291,-0.269,0.422,False,True,True,False,False,False,False,False,True,False,False,True
-0.613,-0.341,-0.170,0.901,-0.269,0.424,False,False,False,False,False,False,False,False,True,False,False,True
-0.474,-0.281,-0.287,-0.185,0.308,0.426,False,False,False,False,False,False,False,False,True,False,False,True
-0.055,0.307,-0.287,0.971,-0.269,-0.901,False,True,False,False,False,False,True,False,False,False,False,True
-0.822,-0.341,-0.287,-0.291,-0.269,0.218,False,False,True,False,False,False,False,False,False,True,False,True
-0.055,-0.341,1.811,-0.291,-0.245,-0.899,True,False,False,False,True,False,False,False,False,False,False,False
1.270,-0.341,-0.287,-0.291,-0.269,-1.073,True,False,True,False,False,False,False,False,False,False,False,True
0.363,-0.341,-0.287,-0.291,-0.269,-0.623,False,True,True,False,False,False,False,True,False,False,False,True
0.015,0.064,0.602,0.139,-0.269,-0.871,True,False,False,True,False,True,False,False,False,False,False,True
-1.031,-0.341,-0.287,-0.291,-0.269,-0.871,True,False,True,False,False,True,False,False,False,False,False,True
0.503,-0.341,0.066,-0.291,0.463,-0.334,True,False,False,False,False,False,False,False,True,False,False,True
0.782,3.176,-0.287,7.868,0.170,-0.871,True,False,False,False,False,True,False,False,False,False,False,True
1.409,-0.307,-0.287,1.599,-0.201,0.428,False,True,False,False,False,False,False,False,True,False,False,True
1.549,-0.341,-0.287,-0.291,-0.269,-0.869,True,False,False,False,False,True,False,False,False,False,False,True
0.851,-0.341,0.055,-0.291,-0.010,-0.869,True,False,False,False,False,True,False,False,False,False,False,True
1.061,-0.341,8.620,-0.291,0.246,-0.869,True,False,False,False,False,True,False,False,False,False,False,True
1.270,2.758,-0.287,-0.132,-0.163,0.430,False,True,False,False,False,False,False,False,True,False,False,True
-0.474,-0.341,-0.287,1.291,-0.265,0.431,False,False,False,False,False,False,False,False,True,False,False,True
-1.101,-0.341,-0.287,-0.291,-0.269,0.220,False,False,True,False,False,False,False,False,False,True,False,True
-0.752,-0.341,-0.265,0.816,-0.213,0.433,False,False,False,False,False,False,False,False,True,False,False,True
-0.055,-0.341,0.418,-0.286,-0.263,0.238,False,False,False,False,False,False,False,False,False,True,False,False
-0.474,0.310,-0.286,0.098,-0.217,-0.636,False,False,False,False,False,False,False,True,False,False,False,False
1.479,0.332,-0.287,0.392,-0.269,0.240,False,False,False,False,False,False,False,False,False,True,False,False
1.270,-0.341,-0.287,-0.291,-0.269,-0.897,True,False,True,True,True,False,False,False,False,False,False,False
1.828,0.875,-0.287,-0.031,0.028,-0.634,False,True,False,False,False,False,False,True,False,False,False,False
-0.543,-0.341,-0.287,-0.291,-0.269,0.222,False,False,True,False,False,False,False,False,False,True,False,True
0.712,-0.341,-0.287,-0.289,1.787,0.222,False,False,False,False,False,False,False,False,False,True,False,True
-0.543,0.631,-0.287,0.394,-0.269,0.589,False,False,False,False,False,False,False,False,True,False,False,False
0.572,-0.291,1.898,-0.262,0.952,-0.867,True,False,False,False,False,True,False,False,False,False,False,True
0.154,-0.307,6.001,-0.287,-0.268,-0.867,True,False,False,False,False,True,False,False,False,False,False,True
-0.404,-0.166,-0.287,-0.291,-0.049,-0.632,False,False,False,False,False,False,False,True,False,False,False,False
-0.055,-0.341,-0.287,-0.291,-0.269,-0.848,True,False,True,False,True,False,False,False,False,False,False,True
-0.404,-0.162,-0.287,1.298,1.559,-0.885,False,True,False,False,False,False,True,False,False,False,False,False
-0.613,-0.341,-0.117,-0.110,-0.066,0.437,False,False,False,False,False,False,False,False,True,False,False,True
-0.055,-0.336,1.047,-0.291,-0.260,-0.907,True,False,False,False,False,True,False,False,False,False,False,False
0.782,-0.341,10.806,-0.291,-0.132,-0.907,True,False,False,False,False,True,False,False,False,False,False,False
1.758,-0.341,0.862,-0.291,1.291,-0.907,True,False,False,False,False,True,False,False,False,False,False,False
-0.752,-0.341,-0.287,-0.291,-0.269,0.591,False,True,True,False,False,False,False,False,True,False,False,False
-0.125,-0.341,-0.279,-0.291,0.023,0.439,False,False,False,False,False,False,False,False,True,False,False,True
0.991,-0.341,0.934,-0.291,1.188,-0.846,True,False,False,False,True,False,False,False,False,False,False,True
-0.264,-0.341,-0.287,-0.291,-0.269,0.244,False,False,True,False,False,False,False,False,False,True,False,False
-1.101,0.496,-0.132,-0.291,-0.269,0.595,False,False,False,False,False,False,False,False,True,False,False,False
-0.962,-0.341,-0.287,1.171,-0.265,0.597,False,False,False,False,False,False,False,False,True,False,False,False
0.572,-0.341,-0.287,-0.291,-0.269,0.224,False,False,True,False,False,False,False,False,False,True,False,True
0.224,-0.341,-0.287,-0.291,-0.269,0.599,False,True,True,False,False,False,False,False,True,False,False,False
-0.683,0.958,-0.287,-0.291,-0.269,0.441,False,False,False,False,False,False,False,False,True,False,False,True
-0.543,-0.336,-0.287,-0.291,-0.172,-0.334,False,False,False,False,False,False,False,False,True,False,False,True
-0.125,-0.341,1.417,-0.291,0.601,-0.865,True,False,False,False,False,True,False,False,False,False,False,True
0.712,-0.180,-0.135,-0.080,4.114,-0.865,True,False,False,False,False,True,False,False,False,False,False,True
-0.474,-0.341,-0.287,-0.291,-0.269,-0.865,False,False,True,False,False,True,False,False,False,False,False,True
-0.264,-0.341,2.462,6.882,0.049,-0.865,True,False,False,False,False,True,False,False,False,False,False,True
0.363,0.000,4.242,-0.291,1.739,-0.865,True,False,False,False,False,True,False,False,False,False,False,True
1.758,-0.341,0.000,-0.291,-0.269,0.443,False,True,True,False,False,False,False,False,True,False,False,True
0.921,1.106,-0.287,-0.289,-0.269,-0.619,False,True,False,False,False,False,False,True,False,False,False,True
0.503,0.774,-0.287,-0.287,-0.269,0.445,False,False,False,False,False,False,False,False,True,False,False,True
0.991,-0.341,-0.182,-0.286,0.130,-0.617,False,False,False,False,False,False,False,True,False,False,False,True
-0.404,-0.242,-0.228,-0.291,0.124,0.601,False,False,False,False,False,False,False,False,True,False,False,False
1.967,-0.341,-0.287,-0.291,-0.269,-0.844,True,False,False,False,True,False,False,False,False,False,False,True
1.758,-0.341,-0.287,-0.291,-0.269,-0.842,True,False,False,False,True,False,False,False,False,False,False,True
1.549,-0.341,10.034,1.191,0.051,-0.842,True,False,False,False,True,False,False,False,False,False,False,True
0.224,-0.050,-0.287,0.447,-0.269,0.603,False,True,False,False,False,False,False,False,True,False,False,False
0.294,-0.341,-0.287,-0.291,-0.269,-0.840,True,False,False,False,True,False,False,False,False,False,False,True
-1.450,-0.341,-0.287,-0.291,-0.269,0.605,False,True,True,False,False,False,False,False,True,False,False,False
1.061,-0.341,-0.287,-0.291,-0.269,0.605,False,True,True,False,False,False,False,False,True,False,False,False
-0.125,0.986,-0.287,-0.189,-0.269,0.605,False,True,False,False,False,False,False,False,True,False,False,False
1.340,0.240,-0.287,-0.291,-0.260,0.607,False,False,False,False,False,False,False,False,True,False,False,False
-1.101,-0.283,-0.287,-0.291,-0.269,0.232,False,False,False,False,False,False,False,False,False,True,False,True
-1.659,-0.341,-0.287,-0.291,-0.269,0.248,False,False,True,False,False,False,False,False,False,True,False,False
-0.752,0.802,-0.287,-0.234,-0.269,-0.628,False,False,False,False,False,False,False,True,False,False,False,False
-0.404,-0.341,-0.287,0.054,-0.242,0.609,False,False,False,False,False,False,False,False,True,False,False,False
-0.404,-0.341,-0.191,-0.272,-0.269,0.234,False,False,False,False,False,False,False,False,False,True,False,True
0.433,-0.341,-0.287,-0.291,-0.269,-0.334,False,False,True,False,False,False,False,False,True,False,False,True
-0.264,-0.127,-0.285,0.781,-0.181,0.252,False,False,False,False,False,False,False,False,False,True,False,False
0.224,0.704,-0.287,0.730,-0.269,-0.615,False,True,False,False,False,False,False,True,False,False,False,True
-2.008,-0.341,-0.287,-0.291,-0.269,0.461,False,True,False,False,False,False,False,False,True,False,False,True
-1.659,-0.341,-0.287,-0.291,-0.269,0.461,False,True,True,False,False,False,False,False,True,False,False,True
-0.892,-0.341,-0.287,-0.291,-0.269,0.236,False,False,False,False,False,False,False,False,False,True,False,True
-0.752,-0.341,-0.287,-0.291,-0.269,0.236,False,False,True,False,False,False,False,False,False,True,False,True
0.015,-0.341,-0.287,-0.291,-0.269,0.254,False,False,True,False,False,False,False,False,False,True,False,False
1.828,-0.137,0.299,-0.291,0.079,0.463,False,False,False,False,False,False,False,False,True,False,False,True
0.851,-0.330,-0.287,0.206,0.050,0.238,False,False,False,False,False,False,False,False,False,True,False,True
0.642,0.000,-0.286,0.385,-0.269,0.256,False,False,False,False,False,False,False,False,False,True,False,False
-0.125,-0.341,-0.287,-0.291,-0.269,-0.863,True,False,True,False,False,True,False,False,False,False,False,True
1.828,-0.341,-0.287,-0.291,-0.269,0.242,False,False,True,False,False,False,False,False,False,True,False,True
3.222,-0.341,-0.287,-0.291,-0.269,0.611,False,True,True,False,False,False,False,False,True,False,False,False
1.479,-0.341,0.225,0.359,0.343,-0.861,True,False,False,False,False,True,False,False,False,False,False,True
-0.404,-0.300,-0.287,-0.237,-0.269,0.244,False,False,False,False,False,False,False,False,False,True,False,True
0.572,0.743,-0.287,-0.200,-0.269,0.246,False,False,False,False,False,False,False,False,False,True,False,True
0.294,-0.341,-0.287,0.098,0.280,0.248,False,False,False,False,False,False,False,False,False,True,False,True
1.130,1.086,-0.111,-0.231,-0.235,0.467,False,True,False,False,False,False,False,False,True,False,False,True
1.270,-0.341,-0.287,-0.291,-0.269,-0.895,True,False,True,False,True,False,False,False,False,False,False,False
-1.101,-0.341,-0.287,-0.291,-0.269,-0.838,True,False,True,False,True,False,False,False,False,False,False,True
0.015,-0.341,3.688,-0.291,-0.190,-0.838,True,False,False,False,True,False,False,False,False,False,False,True
-0.683,-0.295,-0.287,-0.221,-0.263,-0.611,False,True,False,False,False,False,False,True,False,False,False,True
0.084,-0.341,-0.287,-0.291,-0.269,0.471,False,True,True,False,False,False,False,False,True,False,False,True
0.712,-0.336,-0.235,-0.291,2.363,-0.899,True,False,False,False,False,False,True,False,False,False,False,True
0.154,-0.341,-0.258,-0.291,2.297,-0.899,True,False,False,False,False,False,True,False,False,False,False,True
0.015,-0.341,6.874,-0.271,0.086,-0.857,True,False,False,False,False,True,False,False,False,False,False,True
-0.892,0.487,-0.231,-0.252,-0.269,-0.609,False,True,False,False,False,False,False,True,False,False,False,True
-0.752,-0.341,-0.286,2.242,-0.269,0.473,False,False,False,False,False,False,False,False,True,False,False,True
0.642,-0.328,-0.287,2.076,-0.266,0.258,False,False,False,False,False,False,False,False,False,True,False,False
1.479,-0.341,-0.287,-0.291,-0.269,0.260,False,False,True,False,False,False,False,False,False,True,False,False
-0.543,-0.341,-0.287,-0.291,-0.269,0.262,False,False,True,False,False,False,False,False,False,True,False,False
-0.474,-0.341,-0.287,-0.291,-0.269,0.264,False,False,True,False,False,False,False,False,False,True,False,False
-0.613,-0.341,-0.287,-0.291,-0.269,0.254,False,False,True,False,False,False,False,False,False,True,False,True
0.503,0.752,-0.287,0.498,-0.269,0.619,False,True,False,False,False,False,False,False,True,False,False,False
-0.404,0.000,-0.110,-0.291,-0.206,0.621,False,False,False,False,False,False,False,False,True,False,False,False
0.154,-0.341,-0.287,-0.291,-0.269,-0.893,True,False,True,True,True,False,False,False,False,False,False,False
0.712,-0.341,-0.287,-0.291,-0.269,-0.893,True,False,True,False,True,False,False,False,False,False,False,False
1.479,-0.341,2.572,-0.291,-0.033,-0.893,True,False,False,False,True,False,False,False,False,False,False,False
0.782,-0.341,0.278,-0.291,-0.190,-0.603,False,False,False,False,False,False,False,True,False,False,False,True
-0.055,-0.328,-0.287,-0.162,-0.269,0.623,False,False,False,False,False,False,False,False,True,False,False,False
0.642,-0.338,-0.216,1.000,0.126,-0.832,True,False,False,False,True,False,False,False,False,False,False,True
0.572,-0.341,1.973,-0.236,-0.268,-0.832,True,False,False,False,True,False,False,False,False,False,False,True
2.107,-0.341,-0.287,-0.291,-0.269,-0.832,True,False,True,False,True,False,False,False,False,False,False,True
0.851,-0.288,3.541,-0.291,-0.128,-0.832,True,False,False,False,True,False,False,False,False,False,False,True
0.294,-0.341,2.232,0.000,1.725,-0.832,True,False,False,False,True,False,False,False,False,False,False,True
1.758,-0.341,-0.287,-0.291,-0.269,-0.334,False,False,True,False,False,False,False,False,True,False,False,True
0.782,-0.341,-0.287,3.750,-0.269,0.625,False,False,False,False,False,False,False,False,True,False,False,False
0.991,-0.144,-0.287,1.166,-0.246,-0.897,False,True,False,False,False,False,True,False,False,False,False,True
-0.195,-0.341,-0.287,-0.291,-0.269,-0.901,True,False,True,False,False,True,False,False,False,False,False,False
2.525,-0.341,4.225,-0.291,-0.000,-0.901,True,False,False,False,False,True,False,False,False,False,False,False
-0.474,-0.341,-0.287,-0.291,-0.269,-0.901,True,False,True,False,False,True,False,False,False,False,False,False
-0.055,-0.341,1.988,-0.291,2.610,-0.901,True,False,False,False,False,True,False,False,False,False,False,False
0.433,-0.341,-0.287,-0.291,-0.269,0.627,False,False,True,False,False,False,False,False,True,False,False,False
0.084,-0.341,-0.287,-0.291,-0.269,0.258,False,False,True,False,False,False,False,False,False,True,False,True
-0.055,-0.341,1.318,-0.291,0.002,-0.883,True,False,False,False,False,False,True,False,False,False,False,False
-0.404,-0.341,-0.281,-0.025,-0.159,0.631,False,False,False,False,False,False,False,False,True,False,False,False
-0.334,0.717,-0.287,-0.205,-0.265,0.633,False,False,False,False,False,False,False,False,True,False,False,False
-0.892,-0.341,-0.287,-0.291,-0.000,0.270,False,False,True,False,False,False,False,False,False,True,False,False
-0.752,-0.341,-0.287,-0.291,-0.269,0.477,False,True,True,False,False,False,False,False,True,False,False,True
-0.613,0.264,-0.239,0.230,-0.255,0.635,False,False,False,False,False,False,False,False,True,False,False,False
0.015,-0.341,-0.287,-0.291,-0.269,-0.891,True,False,True,False,True,False,False,False,False,False,False,False
0.015,-0.341,-0.287,-0.291,-0.269,-0.891,True,False,True,False,True,False,False,False,False,False,False,False
-0.543,-0.341,-0.287,-0.291,-0.269,0.260,False,False,False,False,False,False,False,False,False,True,False,True
-1.868,-0.341,-0.287,-0.291,-0.269,-1.071,True,False,True,False,False,False,False,False,False,False,False,True
0.991,-0.294,-0.240,-0.291,1.243,-1.071,True,False,False,False,False,False,False,False,False,False,False,True
-0.055,-0.341,0.894,-0.291,3.755,-1.071,True,False,False,False,False,False,False,False,False,False,False,True
0.154,-0.341,1.256,-0.291,1.620,-1.098,True,False,False,True,False,False,False,False,False,False,False,False
-0.404,-0.286,-0.276,0.831,-0.241,0.637,False,False,False,False,False,False,False,False,True,False,False,False
-0.195,-0.341,-0.287,-0.291,-0.269,-0.889,True,False,True,False,True,False,False,False,False,False,False,False
0.991,-0.341,-0.263,0.257,-0.194,-0.889,True,False,False,False,True,False,False,False,False,False,False,False
-0.055,2.007,-0.287,-0.282,-0.269,0.479,False,False,False,False,False,False,False,False,True,False,False,True
-0.334,-0.341,-0.120,2.145,-0.269,0.272,False,False,False,False,False,False,False,False,False,True,False,False
-0.125,-0.174,-0.287,0.777,-0.269,0.639,False,False,False,False,False,False,False,False,True,False,False,False
-1.101,3.061,-0.268,0.558,-0.144,0.483,False,True,False,False,False,False,False,False,True,False,False,True
-0.125,1.166,-0.287,-0.247,-0.269,-0.601,False,True,False,False,False,False,False,True,False,False,False,True
-1.868,0.000,-0.287,-0.291,-0.269,0.264,False,False,True,False,False,False,False,False,False,True,False,True
-0.334,-0.341,-0.287,-0.291,-0.269,0.264,False,False,True,False,False,False,False,False,False,True,False,True
-1.868,-0.341,-0.287,0.000,-0.000,0.264,False,False,True,False,False,False,False,False,False,True,False,True
1.479,-0.321,-0.137,-0.291,1.809,-1.069,True,False,False,True,False,False,False,False,False,False,False,True
-0.125,-0.341,-0.287,-0.291,-0.269,-1.069,True,False,True,False,False,False,False,False,False,False,False,True
-0.195,1.433,-0.287,-0.291,-0.181,0.641,False,False,False,False,False,False,False,False,True,False,False,False
0.154,-0.306,-0.287,-0.291,-0.254,0.266,False,False,False,False,False,False,False,False,False,True,False,True
-0.055,5.054,-0.287,0.000,-0.267,-0.881,False,True,False,False,False,False,True,False,False,False,False,False
-1.729,-0.341,-0.287,-0.291,-0.269,0.268,False,False,False,False,False,False,False,False,False,True,False,True
-1.380,-0.341,-0.287,-0.291,-0.269,0.268,False,False,False,False,False,False,False,False,False,True,False,True
-2.008,-0.341,-0.287,-0.291,-0.269,0.268,False,False,False,False,False,False,False,False,False,True,False,True
0.433,-0.341,-0.287,-0.291,-0.269,0.268,False,False,True,False,False,False,False,False,False,True,False,True
-1.798,-0.341,-0.287,-0.291,-0.269,0.268,False,False,True,False,False,False,False,False,False,True,False,True
-0.264,2.624,-0.287,-0.021,-0.244,-0.879,False,True,False,False,False,False,True,False,False,False,False,False
2.386,4.339,-0.287,-0.190,-0.269,-0.879,False,True,False,False,False,False,True,False,False,False,False,False
0.363,-0.341,-0.287,-0.291,-0.269,0.643,False,True,True,False,False,False,False,False,True,False,False,False
0.433,1.507,-0.287,2.625,-0.269,0.643,False,True,False,False,False,False,False,False,True,False,False,False
-0.195,-0.341,-0.287,-0.291,-0.269,0.270,False,False,True,False,False,False,False,False,False,True,False,True
0.712,-0.341,-0.285,-0.291,-0.226,0.274,False,False,False,False,False,False,False,False,False,True,False,False
0.363,-0.341,-0.076,1.951,-0.036,-0.895,True,False,False,False,False,False,True,False,False,False,False,True
0.503,-0.341,0.348,-0.289,2.224,-0.885,True,False,False,False,True,False,False,False,False,False,False,False
1.200,-0.341,-0.287,-0.291,-0.269,0.276,False,False,True,False,False,False,False,False,False,True,False,False
-0.195,-0.277,-0.247,1.207,-0.269,0.491,False,False,False,False,False,False,False,False,True,False,False,True
-0.055,-0.341,-0.287,-0.291,-0.269,0.493,False,True,True,False,False,False,False,False,True,False,False,True
-0.613,-0.341,1.645,-0.279,-0.210,0.647,False,False,False,False,False,False,False,False,True,False,False,False
0.433,-0.341,-0.287,-0.291,-0.269,0.278,False,False,True,False,False,False,False,False,False,True,False,False
-1.241,-0.341,-0.287,-0.291,-0.269,0.272,False,False,False,False,False,False,False,False,False,True,False,True
-1.031,-0.341,-0.287,-0.291,-0.269,0.272,False,False,True,False,False,False,False,False,False,True,False,True
-1.729,-0.341,-0.287,-0.291,-0.269,0.272,False,False,True,False,False,False,False,False,False,True,False,True
-1.241,-0.341,-0.287,-0.291,-0.000,0.272,False,False,False,False,False,False,False,False,False,True,False,True
0.154,-0.341,-0.287,-0.291,-0.269,0.272,False,False,True,False,False,False,False,False,False,True,False,True
-0.962,-0.341,0.273,-0.291,-0.269,0.272,False,False,False,False,False,False,False,False,False,True,False,True
0.712,-0.341,-0.286,-0.291,0.469,0.272,False,False,False,False,False,False,False,False,False,True,False,True
-1.519,-0.341,-0.287,-0.291,-0.269,0.272,False,False,False,False,False,False,False,False,False,True,False,True
-0.334,-0.215,-0.287,-0.075,-0.269,0.495,False,False,False,False,False,False,False,False,True,False,False,True
-0.474,-0.341,-0.287,-0.291,-0.269,0.274,False,False,True,False,False,False,False,False,False,True,False,True
-0.195,-0.341,-0.287,-0.291,-0.269,-0.623,False,True,True,False,False,False,False,True,False,False,False,False
1.688,-0.341,0.255,-0.209,1.828,-0.852,True,False,False,False,False,True,False,False,False,False,False,True
0.782,-0.338,-0.240,-0.291,-0.000,-0.852,True,False,False,False,False,True,False,False,False,False,False,True
-0.683,-0.098,-0.287,1.197,-0.269,-0.597,False,True,False,False,False,False,False,True,False,False,False,True
1.758,0.316,-0.287,1.161,-0.268,0.651,False,True,False,False,False,False,False,False,True,False,False,False
-0.543,0.526,0.079,-0.077,-0.269,-0.619,False,True,False,False,False,False,False,True,False,False,False,False
-0.264,1.691,-0.287,-0.277,-0.269,0.651,False,True,False,False,False,False,False,False,True,False,False,False
1.340,-0.133,-0.287,1.177,-0.269,-0.595,False,True,False,False,False,False,False,True,False,False,False,True
0.851,0.000,-0.287,1.596,-0.269,-0.893,False,True,False,False,False,False,True,False,False,False,False,True
-1.101,-0.300,-0.287,5.143,-0.269,-0.893,False,True,False,False,False,False,True,False,False,False,False,True
1.967,-0.341,-0.287,-0.291,-0.269,-0.828,True,False,False,False,True,False,False,False,False,False,False,True
-0.264,-0.341,-0.287,-0.291,-0.269,-0.826,True,False,True,False,True,False,False,False,False,False,False,True
1.340,-0.341,-0.287,-0.291,-0.269,-0.826,True,False,True,False,True,False,False,False,False,False,False,True
0.363,0.946,-0.255,0.337,-0.248,-0.593,False,True,False,False,False,False,False,True,False,False,False,True
-0.892,-0.341,-0.287,-0.291,-0.269,0.276,False,False,True,False,False,False,False,False,False,True,False,True
-2.008,-0.341,-0.287,-0.291,-0.269,0.281,False,False,False,False,False,False,False,False,False,True,False,False
-0.962,-0.331,0.804,3.365,-0.269,0.281,False,False,False,False,False,False,False,False,False,True,False,False
0.572,0.305,-0.287,-0.287,0.003,0.497,False,False,False,False,False,False,False,False,True,False,False,True
0.572,0.345,-0.287,0.101,0.869,0.499,False,False,False,False,False,False,False,False,True,False,False,True
1.409,0.902,-0.287,0.864,-0.258,0.283,False,False,False,False,False,False,False,False,False,True,False,False
-0.752,-0.339,-0.287,-0.291,0.389,0.657,False,False,False,False,False,False,False,False,True,False,False,False
-0.264,-0.187,-0.267,-0.291,0.290,0.501,False,False,False,False,False,False,False,False,True,False,False,True
-0.125,-0.341,-0.215,3.137,-0.269,0.658,False,False,False,False,False,False,False,False,True,False,False,False
0.991,-0.301,-0.205,-0.286,0.221,0.280,False,False,False,False,False,False,False,False,False,True,False,True
-0.613,-0.327,-0.287,-0.028,-0.269,0.664,False,False,False,False,False,False,False,False,True,False,False,False
1.758,-0.341,-0.287,-0.291,-0.269,-0.897,True,False,True,False,False,True,False,False,False,False,False,False
0.084,-0.341,-0.287,-0.291,-0.269,0.281,False,False,True,False,False,False,False,False,False,True,False,True
0.572,-0.341,-0.287,-0.291,-0.269,-0.883,True,False,True,False,True,False,False,False,False,False,False,False
0.084,-0.250,-0.262,0.635,-0.269,0.503,False,False,False,False,False,False,False,False,True,False,False,True
-0.613,0.616,-0.229,-0.291,-0.269,0.666,False,False,False,False,False,False,False,False,True,False,False,False
-0.613,-0.303,-0.287,1.042,-0.230,0.287,False,False,False,False,False,False,False,False,False,True,False,False
-0.334,-0.341,0.083,-0.291,1.108,0.505,False,False,False,False,False,False,False,False,True,False,False,True
1.061,-0.341,-0.211,-0.291,-0.269,0.668,False,False,False,False,False,False,False,False,True,False,False,False
-2.008,-0.341,-0.287,-0.291,-0.269,0.283,False,False,False,False,False,False,False,False,False,True,False,True
-0.962,-0.341,-0.287,-0.291,-0.269,0.283,False,False,True,False,False,False,False,False,False,True,False,True
-0.683,-0.341,-0.287,-0.291,-0.269,-0.881,True,False,True,False,True,False,False,False,False,False,False,False
-0.613,-0.341,-0.287,-0.291,-0.269,-0.881,True,False,True,False,True,False,False,False,False,False,False,False
-0.613,-0.319,-0.287,-0.192,-0.269,0.670,False,True,False,True,False,False,False,False,True,False,False,False
0.363,-0.341,-0.287,-0.291,-0.269,0.289,False,False,True,False,False,False,False,False,False,True,False,False
-0.822,-0.341,-0.287,-0.291,-0.269,0.291,False,False,False,False,False,False,False,False,False,True,False,False
-0.613,-0.341,-0.272,-0.291,0.440,-0.591,False,False,False,False,False,False,False,True,False,False,False,True
0.921,-0.341,-0.287,-0.291,1.144,-0.589,False,False,False,False,False,False,False,True,False,False,False,True
-0.055,-0.341,-0.174,0.573,-0.000,0.507,False,False,False,False,False,False,False,False,True,False,False,True
0.991,0.228,-0.223,3.040,-0.269,0.672,False,True,False,False,False,False,False,False,True,False,False,False
1.828,-0.341,-0.223,-0.291,4.455,-0.895,True,False,False,True,False,True,False,False,False,False,False,False
-0.543,-0.297,-0.270,-0.212,-0.259,0.289,False,False,False,False,False,False,False,False,False,True,False,True
-0.822,-0.341,0.124,0.203,-0.238,-0.613,False,False,False,False,False,False,False,True,False,False,False,False
1.758,-0.341,0.063,-0.291,2.201,-0.848,True,False,False,False,False,True,False,False,False,False,False,True
-0.264,0.000,-0.159,0.000,0.215,0.508,False,False,False,False,False,False,False,False,True,False,False,True
-0.125,-0.341,-0.252,1.134,-0.269,0.291,False,False,False,False,False,False,False,False,False,True,False,True
1.130,-0.341,0.024,-0.291,3.433,-0.846,True,False,False,False,False,True,False,False,False,False,False,True
0.154,-0.341,-0.287,-0.291,-0.269,-0.822,True,False,True,False,True,False,False,False,False,False,False,True
-0.683,-0.341,-0.287,-0.291,-0.269,-0.844,True,False,True,False,False,True,False,False,False,False,False,True
0.084,0.000,-0.260,-0.291,-0.264,0.293,False,False,False,False,False,False,False,False,False,True,False,False
-0.334,-0.051,0.024,-0.291,-0.255,0.295,False,False,False,False,False,False,False,False,False,True,False,False
-0.125,-0.341,-0.275,-0.227,0.186,0.676,False,False,False,False,False,False,False,False,True,False,False,False
0.921,5.877,-0.287,-0.231,1.341,0.678,False,True,False,False,False,False,False,False,True,False,False,False
0.015,-0.341,-0.287,-0.291,-0.269,-0.879,True,False,True,False,True,False,False,False,False,False,False,False
0.572,-0.341,1.115,-0.279,-0.190,-0.879,True,False,False,False,True,False,False,False,False,False,False,False
2.455,-0.341,-0.287,0.000,-0.269,-0.842,True,False,True,False,False,True,False,False,False,False,False,True
-0.334,-0.341,-0.287,-0.291,-0.269,0.293,False,False,True,False,False,False,False,False,False,True,False,True
-0.404,-0.277,-0.287,-0.291,-0.267,0.295,False,False,False,False,False,False,False,False,False,True,False,True
-0.474,0.699,-0.259,-0.264,-0.265,0.512,False,False,False,False,False,False,False,False,True,False,False,True
-0.404,-0.074,0.022,-0.008,0.634,0.514,False,True,False,False,False,False,False,False,True,False,False,True
-0.543,-0.336,-0.247,0.133,-0.269,0.680,False,False,False,False,False,False,False,False,True,False,False,False
0.572,0.661,0.262,-0.291,-0.258,0.682,False,False,False,False,False,False,False,False,True,False,False,False
-0.822,0.038,-0.287,3.357,-0.269,0.516,False,True,False,False,False,False,False,False,True,False,False,True
0.433,-0.341,-0.287,-0.291,-0.269,0.520,False,True,True,False,False,False,False,False,True,False,False,True
0.294,-0.341,2.593,-0.291,0.573,-0.820,True,False,False,False,True,False,False,False,False,False,False,True
0.572,-0.341,1.178,-0.291,-0.202,-0.820,True,False,False,False,True,False,False,False,False,False,False,True
0.224,-0.341,-0.191,-0.291,1.429,-0.818,True,False,False,False,True,False,False,False,False,False,False,True
0.154,-0.307,-0.287,0.000,0.193,0.684,False,True,False,False,False,False,False,False,True,False,False,False
-0.125,-0.341,2.234,-0.291,4.054,-1.094,True,False,False,False,False,False,False,False,False,False,False,False
0.363,-0.341,-0.287,-0.291,-0.269,-0.611,True,False,True,False,False,False,False,True,False,False,False,False
-1.380,-0.341,-0.287,-0.291,-0.269,0.524,False,True,False,False,False,False,False,False,True,False,False,True
-0.264,-0.341,-0.287,-0.291,-0.269,0.524,False,True,True,False,False,False,False,False,True,False,False,True
0.015,-0.341,-0.287,-0.291,-0.269,0.524,False,True,True,False,False,False,False,False,True,False,False,True
-1.938,-0.341,-0.287,-0.291,-0.269,0.524,False,True,True,False,False,False,False,False,True,False,False,True
0.084,-0.339,0.213,-0.291,-0.269,0.303,False,False,False,False,False,False,False,False,False,True,False,True
2.455,-0.224,1.233,-0.291,-0.157,-0.893,True,False,False,False,False,True,False,False,False,False,False,False
0.154,-0.341,3.896,0.072,17.677,-0.893,True,False,False,False,False,True,False,False,False,False,False,False
-0.125,0.064,1.470,-0.291,-0.201,-0.893,True,False,False,False,False,True,False,False,False,False,False,False
-0.125,-0.341,2.545,-0.291,4.415,-0.893,True,False,False,False,False,True,False,False,False,False,False,False
-0.264,-0.341,-0.287,-0.291,-0.269,-0.891,True,False,True,False,False,True,False,False,False,False,False,False
-0.055,-0.341,-0.287,-0.291,-0.269,0.305,False,False,True,False,False,False,False,False,False,True,False,True
0.224,-0.341,-0.287,-0.291,-0.269,0.299,False,False,True,False,False,False,False,False,False,True,False,False
0.503,-0.341,-0.287,-0.291,-0.267,0.688,False,False,False,False,False,False,False,False,True,False,False,False
-0.195,-0.341,1.966,-0.212,-0.067,-0.840,True,False,False,False,False,True,False,False,False,False,False,True
0.503,-0.339,2.996,0.283,10.922,-0.840,True,False,False,False,False,True,False,False,False,False,False,True
0.572,0.226,0.545,-0.274,-0.269,0.309,False,False,False,False,False,False,False,False,False,True,False,True
1.130,-0.341,-0.287,-0.291,-0.269,0.303,False,False,False,False,False,False,False,False,False,True,False,False
-0.474,-0.090,-0.265,-0.291,0.222,-0.838,True,False,False,False,False,True,False,False,False,False,False,True
-0.334,-0.303,1.777,-0.291,-0.111,-0.838,True,False,False,False,False,True,False,False,False,False,False,True
-0.404,-0.341,-0.201,-0.284,-0.075,0.305,False,False,False,False,False,False,False,False,False,True,False,False
0.154,-0.338,-0.275,-0.289,-0.267,0.528,False,False,False,False,False,False,False,False,True,False,False,True
0.572,-0.339,0.012,-0.291,5.985,-0.836,True,False,False,False,False,True,False,False,False,False,False,True
-0.055,-0.333,-0.287,-0.291,-0.269,0.307,False,False,False,False,False,False,False,False,False,True,False,False
-0.404,-0.341,-0.287,-0.291,-0.269,0.311,False,False,True,False,False,False,False,False,False,True,False,True
-1.031,-0.341,-0.183,0.719,-0.269,0.313,False,False,False,False,False,False,False,False,False,True,False,True
0.782,-0.341,-0.287,-0.291,-0.269,-0.877,True,False,True,False,True,False,False,False,False,False,False,False
0.921,-0.286,-0.287,3.984,-0.261,0.530,False,True,False,False,False,False,False,False,True,False,False,True
1.688,-0.312,-0.237,-0.149,0.163,0.532,False,False,False,False,False,False,False,False,True,False,False,True
1.200,-0.341,-0.287,-0.291,-0.269,0.317,False,False,True,False,False,False,False,False,False,True,False,True
-0.055,-0.341,-0.238,3.062,-0.269,-0.607,False,True,False,False,False,False,False,True,False,False,False,False
-0.264,-0.341,-0.287,-0.291,-0.269,0.309,False,False,True,False,False,False,False,False,False,True,False,False
0.363,-0.341,0.000,-0.256,-0.255,-0.889,True,False,False,True,False,True,False,False,False,False,False,False
2.037,1.548,-0.287,-0.180,-0.269,0.536,False,True,False,False,False,False,False,False,True,False,False,True
0.154,-0.341,1.293,-0.289,-0.269,-0.816,True,False,False,False,True,False,False,False,False,False,False,True
-0.334,-0.341,-0.287,-0.291,-0.269,-0.816,True,False,True,False,True,False,False,False,False,False,False,True
1.618,-0.341,1.767,-0.105,-0.253,-0.334,True,False,False,False,False,False,False,False,True,False,False,True
-0.264,-0.341,-0.287,-0.291,-0.269,-0.816,True,False,True,False,True,False,False,False,False,False,False,True
-0.822,-0.341,-0.287,-0.291,-0.269,-0.816,True,False,True,False,True,False,False,False,False,False,False,True
-0.125,-0.341,-0.003,-0.061,1.196,-0.816,False,False,False,False,True,False,False,False,False,False,False,True
0.015,-0.341,-0.287,-0.291,-0.269,-0.816,True,False,True,False,True,False,False,False,False,False,False,True
1.130,-0.341,4.407,0.488,0.269,-0.832,True,False,False,False,False,True,False,False,False,False,False,True
-0.055,-0.341,-0.276,-0.291,0.326,0.540,False,False,False,False,False,False,False,False,True,False,False,True
-0.264,-0.341,-0.287,0.000,-0.269,-0.887,True,False,True,False,False,True,False,False,False,False,False,False
1.967,-0.341,-0.287,-0.291,-0.269,-0.830,True,False,True,False,False,True,False,False,False,False,False,True
2.734,-0.341,-0.287,-0.291,-0.269,-0.830,True,False,True,False,False,True,False,False,False,False,False,True
-0.195,-0.341,-0.017,-0.244,-0.246,-0.830,True,False,False,False,False,True,False,False,False,False,False,True
1.618,-0.338,-0.059,-0.291,1.323,-0.830,True,False,False,False,False,True,False,False,False,False,False,True
0.503,-0.341,0.058,-0.291,-0.250,-0.830,True,False,False,False,False,True,False,False,False,False,False,True
0.851,0.348,-0.101,-0.291,-0.269,0.311,False,False,False,False,False,False,False,False,False,True,False,False
-1.031,0.439,-0.287,0.365,-0.269,-0.587,False,False,False,False,False,False,False,True,False,False,False,True
-0.892,-0.341,-0.287,-0.291,-0.269,0.313,False,False,True,False,False,False,False,False,False,True,False,False
-0.334,0.678,-0.287,0.548,-0.000,-0.334,False,True,False,False,False,False,False,False,True,False,False,True
2.316,-0.341,0.737,-0.291,-0.269,-0.875,True,False,False,True,True,False,False,False,False,False,False,False
-0.195,0.561,-0.235,-0.291,-0.153,0.323,False,False,False,False,False,False,False,False,False,True,False,True
1.130,-0.242,-0.248,-0.286,-0.245,0.542,False,False,False,False,False,False,False,False,True,False,False,True
0.851,-0.341,-0.029,-0.291,-0.269,-0.826,True,False,False,False,False,True,False,False,False,False,False,True
0.503,0.000,0.167,-0.291,-0.269,0.692,False,False,False,False,False,False,False,False,True,False,False,False
-1.101,-0.328,0.581,2.128,-0.262,0.544,False,False,False,False,False,False,False,False,True,False,False,True
1.340,-0.341,5.755,-0.291,-0.267,-0.814,True,False,False,False,True,False,False,False,False,False,False,True
-0.125,-0.341,-0.287,-0.291,-0.269,-0.814,True,False,True,False,True,False,False,False,False,False,False,True
-0.474,-0.127,-0.277,-0.291,0.027,0.546,False,False,False,False,False,False,False,False,True,False,False,True
0.712,0.099,-0.287,-0.150,-0.269,0.548,False,False,False,False,False,False,False,False,True,False,False,True
1.130,1.780,-0.146,-0.291,-0.269,-0.605,False,False,False,False,False,False,False,True,False,False,False,False
0.921,-0.213,-0.085,-0.291,-0.163,0.327,False,False,False,False,False,False,False,False,False,True,False,True
0.294,-0.341,4.128,-0.291,0.088,-0.824,True,False,False,False,False,True,False,False,False,False,False,True
-0.125,-0.341,-0.231,1.172,-0.269,-0.334,False,False,False,False,False,False,False,False,True,False,False,True
1.270,-0.341,-0.055,-0.291,-0.235,-0.581,False,False,False,False,False,False,False,True,False,False,False,True
-0.613,-0.341,-0.287,-0.291,-0.269,-0.603,True,False,True,False,False,False,False,True,False,False,False,False
0.224,-0.341,-0.287,-0.291,-0.269,-0.873,True,False,True,False,True,False,False,False,False,False,False,False
1.758,-0.341,-0.287,-0.291,-0.269,-0.873,False,False,True,False,True,False,False,False,False,False,False,False
-0.404,-0.341,0.418,-0.291,0.607,0.550,False,False,False,False,False,False,False,False,True,False,False,True
-1.380,-0.341,-0.287,-0.291,-0.269,0.329,False,False,False,False,False,False,False,False,False,True,False,True
-0.822,0.223,-0.287,0.508,-0.269,0.315,False,False,False,False,False,False,False,False,False,True,False,False
-0.195,-0.341,0.229,-0.291,1.062,-0.887,True,False,False,False,False,False,True,False,False,False,False,True
0.642,-0.341,-0.229,-0.291,6.176,-0.887,True,False,False,False,False,False,True,False,False,False,False,True
-0.334,0.725,-0.287,-0.291,-0.269,0.552,False,False,False,False,False,False,False,False,True,False,False,True
0.084,-0.224,1.171,-0.282,-0.268,0.694,False,False,False,False,False,False,False,False,True,False,False,False
-1.868,-0.341,-0.287,-0.291,-0.269,0.317,False,False,True,False,False,False,False,False,False,True,False,False
-1.729,-0.341,-0.287,-0.291,-0.269,0.317,False,False,True,False,False,False,False,False,False,True,False,False
-1.380,-0.341,-0.287,-0.291,-0.269,0.317,False,False,True,False,False,False,False,False,False,True,False,False
0.084,-0.341,-0.287,-0.286,-0.269,0.694,False,False,False,False,False,False,False,False,True,False,False,False
-1.659,-0.341,-0.287,-0.291,-0.269,0.317,False,False,True,False,False,False,False,False,False,True,False,False
-1.868,-0.341,-0.287,-0.291,-0.269,0.317,False,False,False,False,False,False,False,False,False,True,False,False
0.224,-0.272,0.330,-0.291,5.734,-0.885,True,False,False,False,False,True,False,False,False,False,False,False
1.688,-0.341,-0.287,-0.291,-0.269,-0.885,True,False,True,False,False,True,False,False,False,False,False,False
1.200,-0.341,2.131,-0.291,0.006,-0.334,True,False,False,False,False,False,False,False,True,False,False,True
-1.868,-0.341,-0.287,-0.291,-0.269,0.333,False,False,True,False,False,False,False,False,False,True,False,True
-1.938,-0.341,-0.287,-0.291,-0.269,0.333,False,False,True,False,False,False,False,False,False,True,False,True
-1.241,-0.341,-0.287,-0.291,-0.269,0.333,False,False,True,False,False,False,False,False,False,True,False,True
-1.798,-0.341,-0.287,-0.291,-0.269,0.333,False,False,False,False,False,False,False,False,False,True,False,True
0.294,-0.341,-0.287,-0.291,-0.269,0.333,False,False,True,False,False,False,False,False,False,True,False,True
-1.798,-0.341,-0.287,-0.291,-0.269,0.333,False,False,True,False,False,False,False,False,False,True,False,True
0.642,-0.065,0.199,-0.286,-0.269,-0.579,False,False,False,False,False,False,False,True,False,False,False,True
-0.543,-0.341,-0.287,-0.291,-0.269,0.319,False,False,True,False,False,False,False,False,False,True,False,False
0.851,-0.341,-0.287,-0.291,-0.269,-0.334,False,False,True,False,False,False,False,False,True,False,False,True
2.455,-0.341,-0.287,-0.291,-0.269,-0.822,True,False,True,False,False,True,False,False,False,False,False,True
-0.125,-0.341,-0.287,-0.291,-0.269,-0.822,True,False,True,True,False,True,False,False,False,False,False,True
0.851,-0.341,0.000,0.000,-0.269,0.321,False,False,True,False,False,False,False,False,False,True,False,False
-0.683,-0.288,-0.286,0.514,-0.000,0.698,False,False,False,False,False,False,False,False,True,False,False,False
0.921,-0.341,-0.287,2.516,-0.214,0.323,False,False,False,False,False,False,False,False,False,True,False,False
0.084,-0.341,2.263,-0.291,0.853,-0.881,True,False,False,False,False,True,False,False,False,False,False,False
0.642,-0.063,-0.160,-0.291,0.061,0.700,False,False,False,False,False,False,False,False,True,False,False,False
2.386,-0.341,2.585,-0.289,1.570,-0.820,True,False,False,False,False,True,False,False,False,False,False,True
-0.822,0.000,-0.287,-0.227,-0.267,-0.871,False,True,False,False,False,False,True,False,False,False,False,False
-1.868,-0.341,-0.287,-0.291,-0.269,0.702,False,True,True,False,False,False,False,False,True,False,False,False
-0.683,-0.341,-0.287,-0.291,-0.269,0.702,False,True,False,False,False,False,False,False,True,False,False,False
0.572,1.394,-0.285,-0.234,-0.269,-0.871,False,True,False,False,False,False,True,False,False,False,False,False
1.479,0.000,-0.287,1.042,-0.269,0.556,False,True,False,False,False,False,False,False,True,False,False,True
0.642,-0.341,-0.179,0.739,-0.269,0.339,False,False,False,False,False,False,False,False,False,True,False,True
-0.055,-0.341,1.669,-0.291,0.054,-0.818,True,False,False,True,False,True,False,False,False,False,False,True
0.433,-0.341,-0.287,-0.291,-0.269,-0.869,True,False,True,False,True,False,False,False,False,False,False,False
-0.125,21.377,0.645,-0.291,-0.269,-0.334,True,False,False,False,False,False,False,False,True,False,False,True
-0.962,-0.341,-0.283,-0.291,-0.269,0.341,False,False,False,False,False,False,False,False,False,True,False,True
0.015,-0.341,0.290,-0.291,2.985,-0.810,True,False,False,True,True,False,False,False,False,False,False,True
2.525,-0.341,-0.287,-0.291,-0.269,-0.810,True,False,True,False,True,False,False,False,False,False,False,True
-0.125,-0.341,0.108,-0.291,-0.269,0.562,False,False,False,False,False,False,False,False,True,False,False,True
-2.008,-0.341,-0.287,-0.291,-0.269,0.564,False,True,False,False,False,False,False,False,True,False,False,True
-0.543,4.431,-0.287,-0.289,-0.269,0.564,False,True,False,False,False,False,False,False,True,False,False,True
-0.683,-0.341,-0.287,-0.291,-0.269,0.564,False,True,True,False,False,False,False,False,True,False,False,True
0.712,-0.341,-0.287,-0.291,-0.269,0.566,False,True,True,False,False,False,False,False,True,False,False,True
2.176,-0.341,-0.287,-0.291,-0.000,0.708,False,False,False,False,False,False,False,False,True,False,False,False
0.084,0.899,-0.260,-0.287,1.770,-0.869,True,False,False,False,False,False,True,False,False,False,False,False
0.084,-0.341,-0.287,-0.291,-0.269,0.327,False,False,True,False,False,False,False,False,False,True,False,False
0.782,-0.341,-0.287,-0.291,-0.269,0.327,False,False,True,False,False,False,False,False,False,True,False,False
-0.195,-0.341,-0.272,-0.269,0.612,-0.577,False,True,False,False,False,False,False,True,False,False,False,True
0.642,3.622,-0.287,-0.118,-0.269,0.712,False,False,False,False,False,False,False,False,True,False,False,False
-0.474,-0.144,-0.278,3.817,-0.269,0.714,False,True,False,False,False,False,False,False,True,False,False,False
-0.125,-0.069,-0.287,2.731,-0.269,-0.599,False,True,False,False,False,False,False,True,False,False,False,False
2.525,1.812,-0.287,-0.150,-0.269,0.716,False,True,False,False,False,False,False,False,True,False,False,False
2.246,-0.341,-0.287,-0.291,-0.269,0.331,False,False,True,False,False,False,False,False,False,True,False,False
-0.613,-0.341,-0.287,-0.105,0.696,0.570,False,False,False,False,False,False,False,False,True,False,False,True
-0.334,-0.341,-0.287,-0.291,-0.269,0.333,False,False,True,False,False,False,False,False,False,True,False,False
-0.892,-0.341,-0.287,-0.291,-0.269,0.335,False,False,True,False,False,False,False,False,False,True,False,False
0.433,-0.341,0.000,-0.291,-0.269,-0.575,False,True,True,False,False,False,False,True,False,False,False,True
-0.543,-0.341,0.140,-0.205,-0.268,0.574,False,False,False,False,False,False,False,False,True,False,False,True
-0.404,-0.341,-0.287,-0.291,-0.269,0.345,False,False,True,False,False,False,False,False,False,True,False,True
-0.822,-0.341,-0.123,-0.291,0.174,0.576,False,False,False,False,False,False,False,False,True,False,False,True
-0.334,-0.107,-0.283,0.113,0.131,0.576,False,False,False,False,False,False,False,False,True,False,False,True
-0.125,0.972,-0.287,-0.291,-0.249,0.337,False,False,False,False,False,False,False,False,False,True,False,False
-0.195,-0.341,0.911,-0.291,-0.000,-0.808,True,False,False,False,False,True,False,False,False,False,False,True
-0.195,-0.341,1.878,-0.291,1.461,-0.808,True,False,False,False,False,True,False,False,False,False,False,True
-0.613,-0.341,-0.285,-0.291,2.052,-0.808,True,False,False,False,False,True,False,False,False,False,False,True
-0.055,-0.341,-0.287,-0.291,-0.269,-0.808,True,False,True,False,False,True,False,False,False,False,False,True
0.572,-0.328,-0.274,-0.291,1.643,-0.808,True,False,False,False,False,True,False,False,False,False,False,True
-0.404,0.730,-0.287,-0.291,0.245,0.578,False,True,False,False,False,False,False,False,True,False,False,True
1.409,0.000,-0.287,-0.291,-0.269,0.578,False,True,True,False,False,False,False,False,True,False,False,True
1.479,-0.341,0.552,-0.291,5.183,-0.865,True,False,False,False,True,False,False,False,False,False,False,False
-1.729,-0.341,0.000,-0.291,-0.269,-0.879,True,False,True,False,False,True,False,False,False,False,False,False
0.224,-0.341,-0.287,-0.291,-0.269,-0.879,True,False,True,False,False,True,False,False,False,False,False,False
1.061,-0.341,-0.287,-0.291,-0.269,-0.879,True,False,False,False,False,True,False,False,False,False,False,False
-0.613,1.118,-0.287,7.378,-0.269,-0.597,False,False,False,False,False,False,False,True,False,False,False,False
0.084,0.464,0.219,-0.232,-0.269,0.585,False,True,False,False,False,False,False,False,True,False,False,True
0.015,0.530,-0.287,7.979,-0.267,0.585,False,True,False,False,False,False,False,False,True,False,False,True
-0.474,-0.285,-0.285,-0.291,0.244,0.349,False,False,False,False,False,False,False,False,False,True,False,True
0.433,-0.341,-0.287,-0.291,-0.269,0.720,False,True,True,False,False,False,False,False,True,False,False,False
-2.008,-0.341,-0.287,-0.291,-0.269,0.720,False,True,False,False,False,False,False,False,True,False,False,False
-1.589,-0.341,-0.287,-0.291,-0.269,0.720,False,True,False,False,False,False,False,False,True,False,False,False
0.642,-0.341,2.538,-0.291,-0.003,-0.573,True,False,False,False,False,False,False,True,False,False,False,True
0.363,-0.341,-0.257,3.169,-0.264,-0.877,True,False,False,False,False,True,False,False,False,False,False,False
0.363,-0.341,-0.287,-0.291,-0.269,-0.877,True,False,True,False,False,True,False,False,False,False,False,False
-0.125,0.087,-0.282,0.273,-0.269,0.353,False,False,False,False,False,False,False,False,False,True,False,True
1.688,-0.031,-0.198,0.345,-0.268,-0.883,False,True,False,False,False,False,True,False,False,False,False,True
-0.055,-0.341,-0.040,-0.093,1.184,-1.065,True,False,False,False,False,False,False,False,False,False,False,True
0.154,-0.341,0.580,-0.291,0.250,-1.065,True,False,False,False,False,False,False,False,False,False,False,True
1.897,0.013,-0.287,1.979,-0.118,0.726,False,True,False,False,False,False,False,False,True,False,False,False
0.503,0.948,0.000,0.469,-0.269,0.589,False,True,False,False,False,False,False,False,True,False,False,True
0.084,-0.303,-0.134,0.041,0.014,-0.571,False,False,False,False,False,False,False,True,False,False,False,True
0.224,-0.341,-0.287,-0.291,-0.269,0.728,False,True,True,False,False,False,False,False,True,False,False,False
1.061,-0.341,-0.287,-0.291,-0.269,-0.806,True,False,True,False,False,True,False,False,False,False,False,True
1.758,-0.341,-0.287,0.000,-0.269,-0.806,True,False,True,False,False,True,False,False,False,False,False,True
-0.334,-0.060,-0.287,0.506,-0.222,0.591,False,False,False,False,False,False,False,False,True,False,False,True
1.061,0.035,-0.287,-0.291,0.281,0.730,False,False,False,False,False,False,False,False,True,False,False,False
-0.264,-0.341,-0.285,-0.252,-0.269,0.593,False,False,False,False,False,False,False,False,True,False,False,True
0.433,-0.341,-0.287,-0.291,-0.269,0.734,False,True,True,False,False,False,False,False,True,False,False,False
0.015,0.111,-0.287,1.196,-0.269,0.735,False,True,False,False,False,False,False,False,True,False,False,False
-0.474,-0.341,0.132,-0.088,-0.220,-0.569,False,False,False,False,False,False,False,True,False,False,False,True
-0.474,-0.341,-0.287,-0.291,-0.269,0.355,False,False,True,False,False,False,False,False,False,True,False,True
-0.474,-0.341,0.032,-0.287,-0.204,0.599,False,False,False,False,False,False,False,False,True,False,False,True
-0.752,-0.341,-0.287,-0.291,-0.269,0.599,False,False,True,False,False,False,False,False,True,False,False,True
-0.474,0.047,-0.287,-0.291,0.060,0.739,False,False,False,False,False,False,False,False,True,False,False,False
1.618,1.077,0.201,-0.291,-0.269,0.356,False,False,False,False,False,False,False,False,False,True,False,True
-2.008,-0.341,-0.287,-0.291,-0.269,0.741,False,True,True,False,False,False,False,False,True,False,False,False
-1.938,-0.341,-0.287,-0.291,-0.269,0.741,False,True,True,False,False,False,False,False,True,False,False,False
0.363,2.888,-0.287,-0.289,-0.269,0.741,False,True,False,False,False,False,False,False,True,False,False,False
-1.589,-0.341,-0.287,-0.291,-0.269,0.741,False,True,True,False,False,False,False,False,True,False,False,False
-0.474,-0.154,-0.287,0.814,-0.269,0.358,False,False,False,False,False,False,False,False,False,True,False,True
0.154,-0.341,-0.287,-0.291,-0.269,0.360,False,False,True,False,False,False,False,False,False,True,False,True
0.154,0.551,0.504,-0.291,-0.264,-1.063,True,False,False,False,False,False,False,False,False,False,False,True
-0.613,0.940,-0.287,-0.214,-0.269,-0.567,False,True,False,False,False,False,False,True,False,False,False,True
-0.264,-0.341,-0.287,-0.291,-0.269,-0.567,False,True,True,False,False,False,False,True,False,False,False,True
-0.404,-0.341,-0.287,-0.291,-0.269,-0.334,True,False,True,False,False,False,False,False,True,False,False,True
1.688,-0.265,6.958,-0.291,3.556,-0.804,True,False,False,False,False,True,False,False,False,False,False,True
0.224,-0.341,-0.146,-0.291,-0.057,-0.804,True,False,False,False,False,True,False,False,False,False,False,True
-0.125,-0.341,-0.287,-0.291,-0.000,-0.804,True,False,True,False,False,True,False,False,False,False,False,True
1.340,-0.341,-0.073,1.264,-0.269,-0.804,True,False,False,False,False,True,False,False,False,False,False,True
0.572,-0.003,5.668,-0.291,1.378,-1.092,True,False,False,False,False,False,False,False,False,False,False,False
-0.543,-0.341,-0.287,-0.291,-0.269,0.605,False,True,True,False,False,False,False,False,True,False,False,True
0.015,-0.341,-0.287,-0.291,-0.269,-0.863,True,False,True,False,True,False,False,False,False,False,False,False
1.200,-0.341,-0.287,-0.291,-0.269,-0.861,True,False,True,True,True,False,False,False,False,False,False,False
-0.683,-0.338,-0.287,0.000,0.396,0.362,False,False,False,False,False,False,False,False,False,True,False,True
-0.474,-0.341,-0.287,-0.291,-0.269,0.607,False,False,False,False,False,False,False,False,True,False,False,True
1.758,-0.341,1.502,-0.291,1.201,-0.804,True,False,False,True,True,False,False,False,False,False,False,True
0.991,-0.245,0.553,-0.276,-0.232,0.364,False,False,False,False,False,False,False,False,False,True,False,True
-0.752,-0.341,-0.287,-0.291,-0.269,0.366,False,False,True,False,False,False,False,False,False,True,False,True
0.503,-0.321,0.641,-0.289,1.456,-0.565,True,False,False,False,False,False,False,True,False,False,False,True
-0.613,-0.341,0.422,6.042,-0.269,-0.565,True,False,False,False,False,False,False,True,False,False,False,True
2.386,-0.341,-0.222,-0.291,-0.269,0.745,False,False,False,False,False,False,False,False,True,False,False,False
1.479,-0.131,0.156,-0.291,-0.234,0.609,False,False,False,False,False,False,False,False,True,False,False,True
-1.101,-0.309,-0.287,2.327,-0.268,-0.334,False,True,False,False,False,False,False,False,True,False,False,True
0.991,-0.341,-0.287,-0.291,-0.269,-0.563,False,True,True,False,False,False,False,True,False,False,False,True
-0.892,-0.341,-0.287,-0.291,-0.269,0.368,False,False,True,False,False,False,False,False,False,True,False,True
0.154,-0.341,-0.287,-0.291,-0.269,0.747,False,True,True,False,False,False,False,False,True,False,False,False
-2.008,-0.341,-0.287,-0.291,-0.269,0.747,False,True,True,False,False,False,False,False,True,False,False,False
-1.310,-0.341,0.000,-0.291,-0.269,0.747,False,True,True,False,False,False,False,False,True,False,False,False
-1.310,0.000,-0.287,-0.291,-0.269,0.349,False,False,True,False,False,False,False,False,False,True,False,False
1.828,1.218,-0.276,-0.291,-0.269,0.751,False,False,False,False,False,False,False,False,True,False,False,False
-0.752,-0.021,0.085,-0.287,-0.214,0.611,False,False,False,False,False,False,False,False,True,False,False,True
-1.519,-0.341,-0.287,0.000,-0.269,0.372,False,False,False,False,False,False,False,False,False,True,False,True
-1.938,-0.341,-0.287,0.000,-0.269,0.372,False,False,True,False,False,False,False,False,False,True,False,True
1.061,-0.307,-0.287,-0.291,-0.269,0.355,False,False,False,False,False,False,False,False,False,True,False,False
-0.125,0.667,0.108,-0.289,-0.269,-0.587,False,True,False,False,False,False,False,True,False,False,False,False
-0.613,-0.295,-0.285,-0.291,0.129,-0.334,False,False,False,False,False,False,False,False,True,False,False,True
1.409,-0.341,4.581,-0.287,-0.183,-0.802,True,False,False,False,False,True,False,False,False,False,False,True
-0.474,-0.341,-0.287,-0.291,-0.269,0.378,False,False,True,False,False,False,False,False,False,True,False,True
-0.543,0.514,-0.282,-0.291,-0.243,0.613,False,False,False,False,False,False,False,False,True,False,False,True
-0.195,-0.315,-0.287,0.958,-0.269,0.755,False,True,False,False,False,False,False,False,True,False,False,False
2.525,0.551,-0.164,0.165,-0.269,-0.881,False,True,False,False,False,False,True,False,False,False,False,True
-0.613,-0.341,-0.287,-0.291,-0.269,0.757,False,True,True,False,False,False,False,False,True,False,False,False
-2.008,-0.341,-0.287,-0.291,-0.269,0.759,False,True,True,False,False,False,False,False,True,False,False,False
-0.892,-0.341,-0.287,-0.291,-0.269,0.759,False,True,True,False,False,False,False,False,True,False,False,False
-0.474,-0.341,-0.287,-0.291,-0.269,0.759,False,False,True,False,False,False,False,False,True,False,False,False
-2.008,-0.341,-0.287,-0.291,-0.269,0.759,False,True,False,False,False,False,False,False,True,False,False,False
-0.543,0.457,-0.287,0.000,-0.269,0.356,False,False,False,False,False,False,False,False,False,True,False,False
0.084,-0.341,-0.287,-0.291,-0.269,0.380,False,False,True,False,False,False,False,False,False,True,False,True
-1.031,0.210,-0.260,-0.291,0.183,0.358,False,False,False,False,False,False,False,False,False,True,False,False
1.130,1.090,-0.104,-0.287,-0.269,0.761,False,True,False,False,False,False,False,False,True,False,False,False
-0.474,-0.341,-0.287,-0.291,0.424,0.763,False,False,False,False,False,False,False,False,True,False,False,False
-0.543,-0.341,-0.287,-0.291,-0.269,0.765,False,True,True,False,False,False,False,False,True,False,False,False
0.572,0.481,-0.011,-0.289,-0.269,-0.583,False,False,False,False,False,False,False,True,False,False,False,False
0.015,-0.341,0.000,-0.291,-0.269,-0.334,False,True,True,False,False,False,False,False,True,False,False,True
0.015,-0.310,0.000,2.893,-0.266,0.621,False,True,False,True,False,False,False,False,True,False,False,True
-0.543,-0.341,-0.163,0.645,-0.230,0.623,False,False,False,False,False,False,False,False,True,False,False,True
1.618,-0.339,-0.279,-0.286,0.349,0.625,False,False,False,False,False,False,False,False,True,False,False,True
0.503,-0.341,-0.287,0.000,-0.269,0.629,False,False,True,False,False,False,False,False,True,False,False,True
2.107,-0.341,-0.287,-0.291,-0.269,-0.798,True,False,True,False,True,False,False,False,False,False,False,True
-0.543,-0.322,0.876,-0.291,0.047,-0.798,True,False,False,False,True,False,False,False,False,False,False,True
-0.264,-0.309,1.060,-0.291,10.945,-0.798,True,False,False,False,True,False,False,False,False,False,False,True
-0.404,3.085,-0.287,-0.036,-0.216,-0.877,False,True,False,False,False,False,True,False,False,False,False,True
0.503,-0.341,-0.287,-0.291,-0.269,-0.581,True,False,True,False,False,False,False,True,False,False,False,False
0.642,-0.097,-0.285,-0.291,-0.269,-0.557,False,False,False,False,False,False,False,True,False,False,False,True
-2.008,-0.341,-0.287,-0.291,-0.000,0.384,False,False,True,False,False,False,False,False,False,True,False,True
-0.683,-0.341,-0.287,0.879,-0.193,0.633,False,False,False,False,False,False,False,False,True,False,False,True
0.084,-0.116,-0.287,-0.291,-0.239,0.769,False,False,False,False,False,False,False,False,True,False,False,False
-0.404,-0.319,-0.287,0.441,0.025,0.386,False,False,False,False,False,False,False,False,False,True,False,True
1.828,0.160,-0.216,-0.291,-0.269,0.386,False,False,False,False,False,False,False,False,False,True,False,True
1.061,-0.341,0.003,-0.289,-0.269,0.635,False,False,False,False,False,False,False,False,True,False,False,True
0.084,6.528,-0.154,-0.274,-0.258,-0.875,True,False,False,False,False,True,False,False,False,False,False,False
0.712,-0.322,-0.282,-0.291,0.395,0.639,False,False,False,False,False,False,False,False,True,False,False,True
-0.683,0.301,0.000,-0.291,-0.269,0.366,False,False,False,False,False,False,False,False,False,True,False,False
-0.334,-0.341,0.259,-0.262,-0.269,0.368,False,False,False,False,False,False,False,False,False,True,False,False
0.572,2.268,0.131,0.000,0.933,-1.173,True,False,False,False,False,False,False,False,False,False,True,True
-0.334,-0.341,-0.287,-0.291,-0.250,0.370,False,False,False,False,False,False,False,False,False,True,False,False
-0.822,-0.341,-0.287,2.848,-0.267,0.643,False,False,False,False,False,False,False,False,True,False,False,True
-0.822,-0.341,0.199,-0.291,-0.269,-0.577,False,False,False,False,False,False,False,True,False,False,False,False
-1.031,-0.328,-0.287,0.000,-0.114,0.372,False,False,False,False,False,False,False,False,False,True,False,False
-1.101,-0.341,0.096,-0.291,-0.269,0.777,False,False,False,False,False,False,False,False,True,False,False,False
0.433,-0.341,0.425,-0.291,3.155,-0.800,True,False,False,False,False,True,False,False,False,False,False,True
0.224,0.651,-0.287,0.806,-0.269,0.649,False,True,False,False,False,False,False,False,True,False,False,True
-0.752,-0.341,-0.287,-0.291,-0.269,0.649,False,True,True,False,False,False,False,False,True,False,False,True
-0.543,0.461,-0.282,-0.142,-0.269,0.651,False,False,False,False,False,False,False,False,True,False,False,True
-0.264,0.796,-0.287,-0.108,-0.269,0.653,False,True,False,False,False,False,False,False,True,False,False,True
0.503,-0.177,-0.287,1.284,-0.269,0.657,False,True,False,False,False,False,False,False,True,False,False,True
-0.613,0.208,-0.287,-0.239,0.157,0.374,False,False,False,False,False,False,False,False,False,True,False,False
-0.474,-0.150,-0.285,-0.291,-0.269,0.376,False,False,False,False,False,False,False,False,False,True,False,False
-0.125,-0.341,-0.287,-0.291,-0.269,-0.555,False,True,True,False,False,False,False,True,False,False,False,True
-0.125,-0.327,0.987,-0.291,1.352,-0.796,True,False,False,False,True,False,False,False,False,False,False,True
0.642,-0.341,-0.287,-0.291,-0.269,0.378,False,False,True,False,False,False,False,False,False,True,False,False
-0.404,-0.341,-0.287,-0.291,-0.269,-0.553,False,True,True,False,False,False,False,True,False,False,False,True
-0.543,-0.228,-0.287,0.903,0.174,0.658,False,True,False,False,False,False,False,False,True,False,False,True
-0.752,0.000,-0.287,2.672,-0.262,0.660,False,False,False,False,False,False,False,False,True,False,False,True
-0.613,-0.341,-0.128,1.162,-0.269,0.779,False,False,False,False,False,False,False,False,True,False,False,False
-0.055,-0.341,-0.287,-0.291,-0.269,-0.798,True,False,True,False,False,True,False,False,False,False,False,True
1.967,0.075,-0.282,-0.291,0.142,0.390,False,False,False,False,False,False,False,False,False,True,False,True
-1.310,-0.341,-0.287,-0.291,-0.269,0.392,False,False,False,False,False,False,False,False,False,True,False,True
-0.404,-0.341,-0.287,1.172,-0.269,0.662,False,False,False,False,False,False,False,False,True,False,False,True
-0.474,-0.341,-0.287,-0.291,-0.269,-0.794,True,False,True,False,True,False,False,False,False,False,False,True
-0.334,-0.341,-0.287,-0.291,-0.269,-0.794,True,False,True,False,True,False,False,False,False,False,False,True
1.618,-0.274,0.000,-0.291,1.259,0.394,False,False,False,False,False,False,False,False,False,True,False,True
0.154,-0.341,-0.287,-0.291,-0.269,0.396,False,False,True,False,False,False,False,False,False,True,False,True
-0.962,-0.341,-0.287,-0.291,-0.269,0.380,False,False,True,False,False,False,False,False,False,True,False,False
0.782,-0.074,0.297,-0.291,-0.000,0.781,False,False,False,False,False,False,False,False,True,False,False,False
-0.752,-0.341,-0.287,-0.239,-0.269,0.783,False,False,False,False,False,False,False,False,True,False,False,False
-0.055,0.640,-0.287,-0.237,-0.145,0.664,False,False,False,False,False,False,False,False,True,False,False,True
0.782,-0.341,-0.287,-0.291,-0.269,0.400,False,False,True,False,False,False,False,False,False,True,False,True
0.224,-0.328,0.145,-0.286,-0.269,0.400,False,False,False,False,False,False,False,False,False,True,False,True
0.433,-0.341,-0.287,-0.287,-0.260,0.785,False,False,False,False,False,False,False,False,True,False,False,False
1.618,-0.341,0.238,-0.289,-0.262,0.382,False,False,False,False,False,False,False,False,False,True,False,False
0.363,0.713,-0.272,0.171,-0.269,-0.575,False,False,False,False,False,False,False,True,False,False,False,False
1.200,-0.341,-0.287,-0.291,-0.269,0.384,False,False,True,False,False,False,False,False,False,True,False,False
-0.404,-0.247,-0.287,-0.291,1.675,0.787,False,False,False,False,False,False,False,False,True,False,False,False
1.061,-0.338,-0.287,-0.291,-0.269,-0.552,False,False,False,False,False,False,False,True,False,False,False,True
2.107,0.357,-0.200,-0.291,-0.269,0.791,False,False,False,False,False,False,False,False,True,False,False,False
0.921,-0.341,0.547,-0.291,0.341,-0.573,True,False,False,False,False,False,False,True,False,False,False,False
-0.752,-0.341,-0.287,-0.291,-0.269,0.793,False,False,False,False,False,False,False,False,True,False,False,False
0.015,4.637,-0.235,-0.291,-0.267,-0.861,False,True,False,False,False,False,True,False,False,False,False,False
-0.962,-0.341,-0.287,-0.291,-0.269,0.795,False,True,True,False,False,False,False,False,True,False,False,False
-0.683,1.632,-0.287,-0.239,-0.269,0.797,False,True,False,False,False,False,False,False,True,False,False,False
1.409,-0.341,-0.287,-0.291,-0.269,0.388,False,False,True,False,False,False,False,False,False,True,False,False
-0.683,-0.341,-0.287,-0.291,-0.269,0.799,False,True,True,False,False,False,False,False,True,False,False,False
0.503,-0.339,6.003,-0.289,-0.245,-0.792,True,False,False,True,True,False,False,False,False,False,False,True
2.107,-0.341,-0.287,-0.291,-0.269,0.390,False,False,True,False,False,False,False,False,False,True,False,False
-0.334,-0.341,-0.287,-0.291,-0.269,0.406,False,False,True,False,False,False,False,False,False,True,False,True
-1.729,-0.341,-0.287,-0.291,-0.269,0.668,False,True,True,False,False,False,False,False,True,False,False,True
-0.613,-0.341,-0.287,-0.291,-0.269,0.668,False,True,True,False,False,False,False,False,True,False,False,True
-0.334,0.055,-0.287,1.015,-0.269,0.668,False,True,False,False,False,False,False,False,True,False,False,True
0.154,0.758,-0.287,0.960,-0.269,0.801,False,True,False,False,False,False,False,False,True,False,False,False
-0.404,-0.042,-0.240,9.142,-0.269,0.670,False,True,False,False,False,False,False,False,True,False,False,True
-1.798,-0.341,-0.287,-0.291,-0.269,0.672,False,True,False,False,False,False,False,False,True,False,False,True
-0.474,-0.341,-0.287,-0.291,-0.269,0.672,False,True,True,False,False,False,False,False,True,False,False,True
-0.613,-0.341,-0.287,-0.291,-0.269,0.672,False,True,False,False,False,False,False,False,True,False,False,True
-2.008,-0.341,-0.287,-0.291,-0.269,0.672,False,True,False,False,False,False,False,False,True,False,False,True
-1.101,-0.341,-0.287,-0.291,-0.269,0.805,False,True,True,False,False,False,False,False,True,False,False,False
1.270,-0.341,-0.287,-0.291,-0.269,-0.859,True,False,True,False,True,False,False,False,False,False,False,False
1.549,-0.341,1.952,-0.113,-0.269,-0.859,True,False,False,False,True,False,False,False,False,False,False,False
-0.474,-0.003,-0.287,0.764,-0.269,-0.859,False,True,False,False,False,False,True,False,False,False,False,False
-1.798,-0.341,-0.287,-0.291,-0.269,0.807,False,True,True,False,False,False,False,False,True,False,False,False
-1.729,-0.341,-0.287,-0.291,-0.269,0.674,False,True,False,False,False,False,False,False,True,False,False,True
-0.892,2.817,-0.287,-0.274,-0.269,0.674,False,False,False,False,False,False,False,False,True,False,False,True
-0.334,0.604,-0.287,0.548,0.416,0.674,False,True,False,False,False,False,False,False,True,False,False,True
-1.938,-0.341,-0.287,-0.291,-0.269,0.674,False,True,True,False,False,False,False,False,True,False,False,True
0.154,-0.022,-0.275,-0.291,-0.093,0.809,False,False,False,False,False,False,False,False,True,False,False,False
0.363,1.542,-0.009,-0.291,-0.269,0.408,False,False,False,False,False,False,False,False,False,True,False,True
-0.613,-0.341,-0.287,1.127,-0.269,0.410,False,False,False,False,False,False,False,False,False,True,False,True
-0.683,-0.341,1.015,-0.291,-0.269,0.810,False,False,False,False,False,False,False,False,True,False,False,False
-0.683,-0.341,-0.287,-0.291,-0.269,0.412,False,False,True,False,False,False,False,False,False,True,False,True
0.433,1.157,-0.287,1.099,-0.269,0.812,False,True,False,False,False,False,False,False,True,False,False,False
-1.798,-0.341,-0.287,-0.291,-0.269,0.414,False,False,True,False,False,False,False,False,False,True,False,True
0.503,-0.341,-0.287,-0.291,-0.269,0.414,False,False,True,False,False,False,False,False,False,True,False,True
-0.613,-0.341,-0.287,-0.291,-0.269,0.814,False,True,True,False,False,False,False,False,True,False,False,False
-0.125,0.067,1.074,-0.287,-0.269,-1.059,True,False,False,False,False,False,False,False,False,False,False,True
2.037,-0.341,1.875,-0.291,1.666,-1.059,True,False,False,False,False,False,False,False,False,False,False,True
1.897,-0.109,0.810,-0.291,1.089,-1.059,True,False,False,False,False,False,False,False,False,False,False,True
-0.125,-0.341,-0.287,-0.291,-0.269,0.398,False,False,True,False,False,False,False,False,False,True,False,False
-0.264,-0.341,-0.287,-0.291,-0.269,0.400,False,False,True,False,False,False,False,False,False,True,False,False
0.712,-0.341,-0.287,-0.291,-0.269,0.402,False,False,True,False,False,False,False,False,False,True,False,False
0.991,-0.324,-0.287,1.880,-0.269,0.816,False,True,False,False,False,False,False,False,True,False,False,False
0.921,-0.341,-0.287,-0.291,-0.269,0.676,False,True,True,False,False,False,False,False,True,False,False,True
-0.334,-0.336,0.351,0.859,-0.000,0.418,False,False,False,False,False,False,False,False,False,True,False,True
-0.683,-0.341,-0.287,-0.291,-0.269,0.420,False,False,True,False,False,False,False,False,False,True,False,True
0.224,-0.341,-0.140,-0.291,-0.269,0.422,False,False,False,False,False,False,False,False,False,True,False,True
0.224,1.200,-0.287,0.223,-0.000,0.682,False,True,False,False,False,False,False,False,True,False,False,True
2.246,-0.341,-0.287,-0.291,-0.269,0.424,False,False,True,False,False,False,False,False,False,True,False,True
2.455,2.914,-0.287,0.029,-0.269,-0.873,False,True,False,False,False,False,True,False,False,False,False,True
-0.543,0.352,-0.238,1.607,-0.269,-0.569,False,False,False,False,False,False,False,True,False,False,False,False
-0.195,-0.341,-0.282,-0.291,0.945,0.684,False,False,False,False,False,False,False,False,True,False,False,True
0.433,-0.209,0.791,4.313,-0.199,-0.857,True,False,False,False,True,False,False,False,False,False,False,False
0.991,1.110,-0.287,-0.289,-0.235,-0.567,False,False,False,False,False,False,False,True,False,False,False,False
-1.798,-0.341,-0.287,-0.291,-0.269,0.408,False,False,True,False,False,False,False,False,False,True,False,False
1.897,-0.341,-0.281,-0.291,0.812,-1.090,True,False,False,False,False,False,False,False,False,False,False,False
1.130,-0.341,-0.287,-0.291,-0.000,-0.334,True,False,True,False,False,False,False,False,True,False,False,True
-0.264,-0.341,-0.287,-0.291,-0.269,0.428,False,False,True,False,False,False,False,False,False,True,False,True
-1.171,-0.341,-0.287,-0.291,-0.269,0.428,False,False,False,False,False,False,False,False,False,True,False,True
-1.868,-0.341,-0.287,-0.291,-0.269,0.428,False,False,True,False,False,False,False,False,False,True,False,True
1.200,-0.341,-0.285,1.105,-0.241,0.688,False,False,False,False,False,False,False,False,True,False,False,True
0.224,3.837,-0.209,-0.276,-0.178,0.688,False,False,False,False,False,False,False,False,True,False,False,True
-0.613,-0.341,-0.063,0.190,-0.000,0.826,False,False,False,False,False,False,False,False,True,False,False,False
-0.334,-0.341,-0.287,-0.291,-0.269,0.410,False,False,True,False,False,False,False,False,False,True,False,False
-0.055,-0.341,-0.287,-0.291,-0.269,0.412,False,False,False,False,False,False,False,False,False,True,False,False
-1.171,-0.341,-0.287,-0.291,-0.269,0.412,False,False,False,False,False,False,False,False,False,True,False,False
-1.241,-0.341,-0.287,-0.291,-0.269,0.412,False,False,False,False,False,False,False,False,False,True,False,False
-0.892,-0.341,0.195,-0.291,-0.263,0.690,False,False,False,False,False,False,False,False,True,False,False,True
0.015,-0.341,-0.287,-0.291,-0.269,0.430,False,False,False,False,False,False,False,False,False,True,False,True
-0.334,0.463,-0.287,-0.291,-0.111,0.430,False,False,False,False,False,False,False,False,False,True,False,True
-0.474,-0.248,-0.287,0.067,-0.000,0.828,False,False,False,False,False,False,False,False,True,False,False,False
-0.543,-0.286,-0.186,-0.291,-0.269,0.433,False,False,False,False,False,False,False,False,False,True,False,True
0.642,-0.341,-0.287,-0.291,-0.269,-0.565,False,False,False,False,False,False,False,True,False,False,False,False
0.433,-0.341,-0.287,-0.291,-0.269,-0.854,True,False,True,False,True,False,False,False,False,False,False,False
3.501,0.584,0.000,-0.291,-0.265,0.414,False,False,False,False,False,False,False,False,False,True,False,False
-0.474,0.385,-0.266,-0.291,-0.265,0.832,False,False,False,False,False,False,False,False,True,False,False,False
0.921,0.633,-0.110,-0.291,-0.269,0.416,False,False,False,False,False,False,False,False,False,True,False,False
0.363,-0.341,-0.287,-0.291,-0.269,0.696,False,True,True,False,False,False,False,False,True,False,False,True
1.618,-0.341,-0.287,-0.291,-0.269,-0.869,True,False,True,False,False,True,False,False,False,False,False,False
0.991,-0.341,-0.287,-0.291,-0.269,0.437,False,False,True,False,False,False,False,False,False,True,False,True
0.084,1.357,-0.287,-0.291,0.432,0.698,False,False,False,False,False,False,False,False,True,False,False,True
0.433,-0.341,-0.287,-0.291,-0.269,0.418,False,False,True,False,False,False,False,False,False,True,False,False
-0.752,-0.341,-0.287,-0.291,-0.269,0.420,False,False,True,False,False,False,False,False,False,True,False,False
-0.125,-0.341,-0.287,-0.291,-0.269,-0.852,True,False,True,False,True,False,False,False,False,False,False,False
1.200,0.901,-0.268,-0.291,-0.267,0.834,False,False,False,False,False,False,False,False,True,False,False,False
-0.962,-0.341,-0.287,-0.291,-0.269,-0.850,True,False,True,False,True,False,False,False,False,False,False,False
1.061,-0.341,-0.287,-0.291,-0.269,-0.850,True,False,True,False,True,False,False,False,False,False,False,False
-0.613,-0.341,-0.150,-0.291,2.628,-0.850,True,False,False,False,True,False,False,False,False,False,False,False
0.433,1.686,-0.257,-0.195,-0.269,0.700,False,True,False,False,False,False,False,False,True,False,False,True
-0.683,-0.341,-0.287,-0.291,-0.269,0.702,False,True,True,False,False,False,False,False,True,False,False,True
1.270,-0.341,-0.287,-0.291,-0.269,0.836,False,True,True,False,False,False,False,False,True,False,False,False
-0.195,1.225,-0.179,-0.247,0.188,0.838,False,True,False,True,False,False,False,False,True,False,False,False
-0.334,-0.341,-0.287,-0.291,-0.269,0.424,False,False,True,False,False,False,False,False,False,True,False,False
-0.404,-0.341,-0.287,3.228,-0.269,0.704,False,False,False,False,False,False,False,False,True,False,False,True
-0.195,1.677,-0.287,1.338,-0.269,-0.857,False,False,False,False,False,False,True,False,False,False,False,False
-1.659,-0.341,-0.287,-0.291,-0.269,0.840,False,True,True,False,False,False,False,False,True,False,False,False
0.433,-0.259,0.022,-0.271,-0.046,-0.794,True,False,False,False,False,True,False,False,False,False,False,True
-0.752,1.315,-0.268,0.226,-0.269,0.842,False,True,False,False,False,False,False,False,True,False,False,False
0.224,-0.341,-0.287,-0.291,-0.269,0.706,False,True,True,False,False,False,False,False,True,False,False,True
-1.101,-0.341,-0.287,-0.291,-0.269,0.426,False,False,True,False,False,False,False,False,False,True,False,False
-0.962,-0.341,-0.287,-0.259,0.019,0.708,False,False,False,False,False,False,False,False,True,False,False,True
-0.752,0.642,-0.275,-0.291,-0.265,0.710,False,False,False,False,False,False,False,False,True,False,False,True
0.851,-0.335,2.610,-0.291,-0.081,-0.848,True,False,False,False,True,False,False,False,False,False,False,False
0.503,-0.341,-0.287,-0.291,-0.258,0.428,False,False,False,False,False,False,False,False,False,True,False,False
0.294,1.239,-0.256,-0.291,-0.269,0.844,False,False,False,False,False,False,False,False,True,False,False,False
0.851,-0.335,0.175,-0.291,-0.269,-0.544,False,False,False,False,False,False,False,True,False,False,False,True
1.270,2.546,-0.276,-0.291,3.624,-1.057,True,False,False,False,False,False,False,False,False,False,False,True
0.224,-0.341,-0.287,-0.291,-0.269,-0.542,True,False,True,False,False,False,False,True,False,False,False,True
0.503,-0.341,-0.255,-0.277,3.402,0.449,False,False,False,False,False,False,False,False,False,True,False,True
-1.101,-0.341,-0.287,-0.291,-0.269,0.451,False,False,True,False,False,False,False,False,False,True,False,True
0.363,-0.341,-0.287,-0.291,-0.269,0.430,False,False,True,False,False,False,False,False,False,True,False,False
-0.334,-0.333,-0.287,-0.279,0.521,0.430,False,False,False,False,False,False,False,False,False,True,False,False
-0.892,1.607,0.000,-0.267,-0.269,0.714,False,True,False,False,False,False,False,False,True,False,False,True
-1.171,-0.341,-0.287,-0.291,-0.269,0.714,False,True,True,False,False,False,False,False,True,False,False,True
-0.334,1.413,-0.287,-0.291,-0.269,0.714,False,True,False,False,False,False,False,False,True,False,False,True
0.433,1.641,-0.287,-0.291,-0.269,0.714,False,True,False,False,False,False,False,False,True,False,False,True
-0.195,-0.341,-0.274,17.159,6.101,-0.792,True,False,False,False,False,True,False,False,False,False,False,True
0.712,-0.325,-0.162,-0.291,-0.180,-0.792,True,False,False,False,False,True,False,False,False,False,False,True
-0.752,-0.328,-0.287,-0.284,-0.001,0.848,False,False,False,False,False,False,False,False,True,False,False,False
-0.404,-0.341,-0.048,-0.053,-0.039,0.453,False,False,False,False,False,False,False,False,False,True,False,True
0.015,-0.341,-0.287,-0.291,-0.269,0.453,False,False,True,False,False,False,False,False,False,True,False,True
0.642,-0.341,-0.287,-0.291,-0.269,-0.334,False,False,False,False,False,False,False,False,True,False,False,True
0.154,0.316,-0.218,0.108,-0.269,0.852,False,False,False,False,False,False,False,False,True,False,False,False
1.409,1.442,-0.287,-0.257,-0.269,-0.538,False,True,False,False,False,False,False,True,False,False,False,True
-0.822,-0.341,-0.287,-0.291,-0.269,0.720,False,True,True,False,False,False,False,False,True,False,False,True
-0.404,0.005,0.623,1.236,-0.269,0.720,False,True,False,False,False,False,False,False,True,False,False,True
-0.962,-0.341,-0.287,-0.291,-0.269,0.433,False,False,True,False,False,False,False,False,False,True,False,False
-1.241,0.000,-0.287,-0.291,-0.269,0.724,False,True,True,False,False,False,False,False,True,False,False,True
0.084,0.569,-0.268,-0.289,-0.100,0.724,False,True,False,True,False,False,False,False,True,False,False,True
0.921,-0.341,-0.287,-0.291,-0.269,0.724,False,True,True,False,False,False,False,False,True,False,False,True
-0.543,0.628,-0.287,-0.291,-0.269,0.856,False,False,False,False,False,False,False,False,True,False,False,False
0.851,-0.341,-0.287,-0.291,-0.269,-0.867,True,False,True,False,False,True,False,False,False,False,False,False
-1.031,-0.341,-0.287,-0.291,-0.269,-0.867,True,False,True,False,False,True,False,False,False,False,False,False
-0.125,-0.341,0.256,-0.291,0.941,-0.867,True,False,False,False,False,True,False,False,False,False,False,False
0.015,0.463,-0.025,-0.291,7.787,-0.867,True,False,False,True,False,True,False,False,False,False,False,False
-0.264,-0.341,-0.287,0.000,-0.269,-0.790,True,False,True,False,False,True,False,False,False,False,False,True
1.758,-0.341,4.885,-0.291,-0.165,-0.790,True,False,False,False,False,True,False,False,False,False,False,True
1.200,1.131,-0.287,-0.257,-0.265,-0.536,False,False,False,False,False,False,False,True,False,False,False,True
-0.752,0.000,0.211,-0.264,-0.269,0.461,False,False,False,False,False,False,False,False,False,True,False,True
-0.474,2.632,-0.236,-0.291,1.854,-1.055,True,False,False,False,False,False,False,False,False,False,False,True
0.015,-0.341,0.000,-0.291,-0.269,-0.534,True,False,True,False,False,False,False,True,False,False,False,True
-0.195,0.578,0.390,-0.291,-0.269,-0.534,True,False,False,False,False,False,False,True,False,False,False,True
0.503,-0.341,0.847,-0.291,-0.269,0.726,False,False,False,False,False,False,False,False,True,False,False,True
-0.683,-0.341,-0.287,-0.291,-0.269,-0.557,False,False,False,False,False,False,False,True,False,False,False,False
1.897,1.644,-0.287,-0.175,-0.269,0.728,False,False,False,False,False,False,False,False,True,False,False,True
-0.613,0.481,-0.178,-0.291,-0.269,0.730,False,False,False,False,False,False,False,False,True,False,False,True
-1.310,-0.341,-0.287,-0.291,-0.269,0.435,False,False,False,False,False,False,False,False,False,True,False,False
-1.031,-0.341,-0.287,-0.291,-0.269,0.435,False,False,True,False,False,False,False,False,False,True,False,False
-0.125,-0.341,-0.287,-0.291,-0.269,0.862,False,True,True,False,False,False,False,False,True,False,False,False
0.433,6.644,-0.287,1.259,-0.269,0.732,False,True,False,False,False,False,False,False,True,False,False,True
-1.101,-0.341,-0.287,-0.190,4.273,0.437,False,False,False,False,False,False,False,False,False,True,False,False
-0.543,-0.339,-0.287,-0.051,-0.268,0.735,False,False,False,False,False,False,False,False,True,False,False,True
-0.474,-0.341,-0.287,-0.291,-0.269,0.441,False,False,True,False,False,False,False,False,False,True,False,False
0.015,-0.341,-0.287,-0.291,-0.269,-0.555,True,False,True,False,False,False,False,True,False,False,False,False
0.224,12.015,1.000,2.922,0.396,-0.555,True,False,False,False,False,False,False,True,False,False,False,False
-0.613,-0.341,-0.278,0.471,-0.269,0.737,False,False,False,False,False,False,False,False,True,False,False,True
1.061,3.563,-0.285,-0.257,-0.000,0.868,False,True,False,False,False,False,False,False,True,False,False,False
-0.474,-0.341,-0.287,-0.291,-0.121,0.741,False,False,False,False,False,False,False,False,True,False,False,True
0.712,5.611,0.986,-0.291,0.270,-0.842,True,False,False,False,True,False,False,False,False,False,False,False
-0.683,-0.341,2.065,-0.291,-0.233,-0.842,True,False,False,False,True,False,False,False,False,False,False,False
-2.008,-0.341,-0.287,-0.291,-0.269,0.443,False,False,False,False,False,False,False,False,False,True,False,False
-2.008,-0.341,-0.287,-0.291,-0.269,0.443,False,False,True,False,False,False,False,False,False,True,False,False
-1.171,-0.341,-0.287,-0.291,-0.269,0.443,False,False,False,False,False,False,False,False,False,True,False,False
-1.519,-0.341,-0.287,-0.291,-0.269,0.443,False,False,True,False,False,False,False,False,False,True,False,False
0.224,0.861,-0.287,-0.291,-0.269,-0.553,False,False,False,False,False,False,False,True,False,False,False,False
-1.241,-0.341,-0.287,-0.291,-0.269,0.443,False,False,False,False,False,False,False,False,False,True,False,False
-0.752,1.889,-0.250,-0.132,0.022,0.743,False,False,False,False,False,False,False,False,True,False,False,True
1.409,-0.327,-0.175,-0.291,6.672,-0.865,True,False,False,True,False,True,False,False,False,False,False,False
2.246,-0.341,-0.287,-0.291,-0.269,0.872,False,True,True,False,False,False,False,False,True,False,False,False
-1.519,-0.341,-0.287,-0.291,-0.269,0.447,False,False,True,False,False,False,False,False,False,True,False,False
-0.264,-0.341,-0.174,0.832,-0.269,0.447,False,False,False,False,False,False,False,False,False,True,False,False
1.549,-0.331,-0.287,0.891,-0.269,0.874,False,False,False,False,False,False,False,False,True,False,False,False
1.897,-0.341,-0.287,-0.291,-0.269,-0.552,True,False,True,False,False,False,False,True,False,False,False,False
0.154,-0.303,0.159,-0.291,-0.269,0.467,False,False,False,False,False,False,False,False,False,True,False,True
-0.892,-0.341,-0.287,-0.291,-0.269,-0.334,False,False,True,False,False,False,False,False,True,False,False,True
0.015,-0.341,-0.287,-0.291,-0.269,0.469,False,False,True,False,False,False,False,False,False,True,False,True
-0.822,0.000,-0.287,-0.291,-0.269,0.451,False,False,True,False,False,False,False,False,False,True,False,False
1.270,-0.215,-0.287,-0.291,-0.266,0.471,False,False,False,False,False,False,False,False,False,True,False,True
-0.264,-0.341,-0.285,-0.291,2.856,-0.840,True,False,False,False,True,False,False,False,False,False,False,False
-0.055,-0.297,-0.040,-0.291,3.579,-0.840,True,False,False,False,True,False,False,False,False,False,False,False
0.224,-0.341,-0.025,-0.291,0.191,-0.840,True,False,False,False,True,False,False,False,False,False,False,False
1.897,-0.341,-0.287,-0.291,-0.269,-0.786,True,False,True,False,False,True,False,False,False,False,False,True
-0.264,-0.341,-0.287,-0.291,-0.269,-0.786,True,False,True,False,False,True,False,False,False,False,False,True
-1.101,-0.341,-0.287,-0.291,-0.269,-0.786,True,False,True,False,False,True,False,False,False,False,False,True
0.851,-0.341,-0.287,-0.291,-0.269,-0.784,True,False,True,False,False,True,False,False,False,False,False,True
-0.055,-0.341,-0.287,-0.291,-0.269,-0.784,True,False,True,False,False,True,False,False,False,False,False,True
-0.264,-0.341,-0.287,-0.291,-0.269,0.757,False,True,True,False,False,False,False,False,True,False,False,True
-1.241,-0.341,-0.287,-0.291,-0.269,0.757,False,True,True,False,False,False,False,False,True,False,False,True
-0.613,-0.341,-0.287,-0.291,-0.269,-0.546,False,True,False,False,False,False,False,True,False,False,False,False
-0.334,-0.341,0.004,0.247,-0.190,0.759,False,False,False,False,False,False,False,False,True,False,False,True
0.851,0.047,-0.219,-0.291,-0.269,0.884,False,False,False,False,False,False,False,False,True,False,False,False
0.015,-0.341,-0.287,-0.254,-0.269,0.761,False,False,False,False,False,False,False,False,True,False,False,True
2.107,-0.341,-0.287,-0.291,-0.269,-0.782,True,False,True,False,False,True,False,False,False,False,False,True
0.154,-0.341,0.139,-0.291,-0.081,0.475,False,False,False,False,False,False,False,False,False,True,False,True
-0.892,-0.275,-0.287,-0.291,-0.164,0.763,False,False,False,False,False,False,False,False,True,False,False,True
2.525,-0.256,-0.287,1.519,-0.269,0.885,False,True,False,False,False,False,False,False,True,False,False,False
-0.543,-0.341,-0.287,4.450,-0.269,0.885,False,True,False,False,False,False,False,False,True,False,False,False
-0.125,-0.341,-0.287,-0.291,-0.269,0.455,False,False,True,False,False,False,False,False,False,True,False,False
0.572,-0.341,0.000,-0.291,-0.269,0.477,False,False,True,False,False,False,False,False,False,True,False,True
0.921,7.313,0.012,-0.291,-0.269,0.457,False,False,False,False,False,False,False,False,False,True,False,False
0.503,-0.341,-0.287,1.125,-0.269,0.459,False,False,False,False,False,False,False,False,False,True,False,False
-0.334,-0.341,-0.287,-0.291,-0.269,0.459,False,False,True,False,False,False,False,False,False,True,False,False
-0.125,-0.341,-0.287,-0.291,-0.269,0.459,False,False,True,False,False,False,False,False,False,True,False,False
-0.683,-0.178,-0.287,0.555,-0.269,0.887,False,False,False,False,False,False,False,False,True,False,False,False
-0.195,-0.341,0.283,-0.269,-0.256,0.887,False,False,False,False,False,False,False,False,True,False,False,False
-0.683,-0.341,-0.287,-0.291,-0.269,0.459,False,False,True,False,False,False,False,False,False,True,False,False
-0.195,1.976,-0.287,-0.291,-0.269,0.887,False,False,False,False,False,False,False,False,True,False,False,False
0.433,-0.341,-0.215,-0.205,0.350,0.887,False,False,False,False,False,False,False,False,True,False,False,False
-0.334,-0.341,-0.287,-0.291,-0.269,0.765,False,False,False,False,False,False,False,False,True,False,False,True
-1.380,-0.341,-0.287,-0.291,-0.269,0.479,False,False,False,False,False,False,False,False,False,True,False,True
0.782,-0.341,2.106,-0.291,-0.269,-1.084,True,False,False,False,False,False,False,False,False,False,False,False
-0.404,-0.341,-0.287,-0.291,-0.269,0.481,False,False,True,False,False,False,False,False,False,True,False,True
-1.729,-0.341,-0.287,-0.291,-0.269,0.895,False,True,False,False,False,False,False,False,True,False,False,False
-0.613,0.962,-0.285,-0.291,-0.269,0.895,False,True,False,False,False,False,False,False,True,False,False,False
-0.543,-0.341,-0.287,-0.291,-0.269,0.895,False,True,True,False,False,False,False,False,True,False,False,False
-1.729,-0.341,-0.287,-0.291,-0.269,0.895,False,True,False,False,False,False,False,False,True,False,False,False
-0.683,-0.341,-0.287,-0.291,-0.269,0.461,False,False,True,False,False,False,False,False,False,True,False,False
-0.752,-0.341,-0.287,-0.291,-0.269,0.483,False,False,True,False,False,False,False,False,False,True,False,True
-0.195,-0.330,0.184,-0.291,-0.269,0.769,False,False,False,False,False,False,False,False,True,False,False,True
-1.101,-0.341,-0.248,-0.200,0.539,0.897,False,False,False,False,False,False,False,False,True,False,False,False
-0.892,-0.341,-0.287,-0.291,-0.269,0.463,False,False,True,False,False,False,False,False,False,True,False,False
-1.031,-0.341,-0.287,-0.291,-0.269,0.899,False,True,True,False,False,False,False,False,True,False,False,False
0.782,-0.341,0.060,-0.274,-0.223,-0.784,True,False,False,False,True,False,False,False,False,False,False,True
0.363,-0.283,-0.287,0.724,0.087,-0.544,False,True,False,True,False,False,False,True,False,False,False,False
-0.543,-0.341,-0.287,-0.291,-0.269,-0.782,True,False,True,False,True,False,False,False,False,False,False,True
0.015,-0.341,2.346,0.089,0.980,-0.782,True,False,False,False,True,False,False,False,False,False,False,True
0.782,0.893,-0.280,-0.287,-0.199,0.489,False,False,False,False,False,False,False,False,False,True,False,True
-0.892,-0.341,-0.287,-0.291,-0.215,0.903,False,False,False,False,False,False,False,False,True,False,False,False
0.572,0.769,0.000,0.000,-0.269,0.465,False,False,False,False,False,False,False,False,False,True,False,False
0.851,-0.341,-0.287,-0.291,-0.269,-0.869,False,True,True,False,False,False,True,False,False,False,False,True
-0.892,-0.341,-0.287,-0.291,-0.269,0.773,False,True,True,False,False,False,False,False,True,False,False,True
0.712,-0.192,-0.287,-0.082,0.686,0.773,False,True,False,False,False,False,False,False,True,False,False,True
0.084,-0.341,-0.287,-0.291,-0.269,-0.542,False,False,True,False,False,False,False,True,False,False,False,False
0.782,-0.112,-0.287,0.903,-0.269,-0.542,False,False,False,False,False,False,False,True,False,False,False,False
2.386,-0.341,-0.111,-0.133,-0.031,0.775,False,False,False,False,False,False,False,False,True,False,False,True
0.224,0.238,-0.287,0.508,-0.267,-0.855,False,True,False,False,False,False,True,False,False,False,False,False
1.270,-0.339,-0.277,-0.291,-0.269,0.777,False,False,False,False,False,False,False,False,True,False,False,True
-0.404,-0.341,-0.095,0.365,-0.258,0.907,False,False,False,False,False,False,False,False,True,False,False,False
-0.404,-0.341,-0.283,-0.291,0.173,0.779,False,False,False,False,False,False,False,False,True,False,False,True
-0.683,-0.341,-0.287,-0.291,-0.269,0.909,False,True,True,False,False,False,False,False,True,False,False,False
1.061,-0.341,-0.287,-0.291,-0.269,-0.863,True,False,True,False,False,True,False,False,False,False,False,False
0.015,-0.331,-0.284,-0.291,0.114,-0.863,True,False,False,False,False,True,False,False,False,False,False,False
-0.543,0.542,-0.287,-0.291,-0.222,0.469,False,False,False,False,False,False,False,False,False,True,False,False
-0.404,0.533,-0.157,-0.291,-0.261,-0.540,False,False,False,False,False,False,False,True,False,False,False,False
-0.195,-0.341,-0.287,-0.291,-0.269,-0.780,True,False,False,True,True,False,False,False,False,False,False,True
1.270,-0.341,-0.287,-0.291,-0.269,-0.861,True,False,True,False,False,True,False,False,False,False,False,False
-0.613,-0.341,-0.287,-0.291,-0.269,0.471,False,False,True,False,False,False,False,False,False,True,False,False
1.340,-0.341,-0.287,-0.291,-0.269,-0.832,True,False,False,False,True,False,False,False,False,False,False,False
-1.729,-0.341,-0.287,-0.291,-0.269,0.473,False,False,True,False,False,False,False,False,False,True,False,False
-0.264,0.148,-0.287,-0.155,-0.006,0.473,False,False,False,False,False,False,False,False,False,True,False,False
-2.008,-0.341,-0.287,-0.291,-0.269,0.475,False,False,False,False,False,False,False,False,False,True,False,False
0.015,0.452,-0.287,-0.256,0.447,-0.526,False,True,False,False,False,False,False,True,False,False,False,True
-0.543,-0.278,0.121,-0.287,-0.269,0.911,False,False,False,False,False,False,False,False,True,False,False,False
-0.613,1.098,-0.287,-0.291,-0.269,-0.538,False,False,False,False,False,False,False,True,False,False,False,False
0.363,-0.341,-0.187,-0.291,-0.230,0.477,False,False,False,False,False,False,False,False,False,True,False,False
-1.380,-0.341,-0.287,-0.291,-0.269,0.477,False,False,True,False,False,False,False,False,False,True,False,False
-1.171,-0.341,-0.287,-0.291,-0.269,0.477,False,False,True,False,False,False,False,False,False,True,False,False
-1.101,-0.341,-0.287,-0.291,1.066,0.785,False,False,False,False,False,False,False,False,True,False,False,True
-0.125,-0.341,-0.287,-0.291,-0.269,0.787,False,True,True,False,False,False,False,False,True,False,False,True
0.363,-0.341,0.286,-0.291,0.302,-0.779,True,False,False,False,False,True,False,False,False,False,False,True
-0.752,-0.341,-0.287,-0.291,-0.269,-0.830,True,False,True,False,True,False,False,False,False,False,False,False
-0.892,-0.341,-0.287,-0.291,-0.269,-0.830,True,False,True,False,True,False,False,False,False,False,False,False
0.991,-0.341,-0.287,-0.291,-0.269,0.479,False,False,True,False,False,False,False,False,False,True,False,False
-2.008,-0.341,-0.287,-0.291,-0.269,0.479,False,False,True,False,False,False,False,False,False,True,False,False
-0.613,-0.341,-0.285,0.983,-0.268,-0.536,False,False,False,False,False,False,False,True,False,False,False,False
1.130,0.990,-0.287,0.429,-0.269,0.913,False,True,False,False,False,False,False,False,True,False,False,False
0.433,-0.341,0.167,5.426,-0.268,-0.865,True,False,False,False,False,False,True,False,False,False,False,True
-0.543,2.632,-0.227,-0.291,-0.234,0.915,False,False,False,False,False,False,False,False,True,False,False,False
-1.031,-0.341,-0.287,-0.291,-0.269,0.481,False,False,True,False,False,False,False,False,False,True,False,False
1.200,-0.341,-0.191,0.000,0.081,0.917,False,False,False,False,False,False,False,False,True,False,False,False
-0.474,0.055,-0.287,-0.291,0.730,0.791,False,False,False,False,False,False,False,False,True,False,False,True
-1.868,-0.341,-0.287,-0.291,-0.269,0.491,False,False,False,False,False,False,False,False,False,True,False,True
-1.798,-0.341,-0.287,-0.291,-0.269,0.491,False,False,False,False,False,False,False,False,False,True,False,True
-0.055,-0.341,-0.287,-0.291,-0.269,0.483,False,False,True,False,False,False,False,False,False,True,False,False
2.176,-0.341,-0.287,1.030,-0.266,0.919,False,False,False,False,False,False,False,False,True,False,False,False
1.340,-0.341,-0.286,-0.170,-0.143,0.483,False,False,False,False,False,False,False,False,False,True,False,False
-0.752,-0.263,-0.075,-0.289,0.116,-0.524,False,False,False,False,False,False,False,True,False,False,False,True
0.154,1.727,-0.287,-0.291,-0.250,0.793,False,False,False,False,False,False,False,False,True,False,False,True
-0.195,-0.341,-0.287,-0.291,-0.269,-0.855,True,False,True,False,False,True,False,False,False,False,False,False
0.851,0.746,0.115,-0.287,3.992,-0.855,True,False,False,False,False,True,False,False,False,False,False,False
-0.195,-0.086,0.000,0.349,-0.269,0.795,False,False,False,False,False,False,False,False,True,False,False,True
0.015,-0.341,-0.260,0.869,-0.269,0.921,False,False,False,False,False,False,False,False,True,False,False,False
-0.334,0.669,0.301,-0.289,-0.000,-0.522,False,False,False,False,False,False,False,True,False,False,False,True
-0.264,-0.325,-0.287,1.229,-0.269,0.923,False,False,False,False,False,False,False,False,True,False,False,False
-2.008,-0.341,-0.287,-0.291,-0.269,0.485,False,False,False,False,False,False,False,False,False,True,False,False
0.084,-0.341,-0.287,-0.291,-0.269,0.487,False,False,True,False,False,False,False,False,False,True,False,False
-0.752,-0.341,-0.287,-0.291,-0.269,-0.828,True,False,True,False,True,False,False,False,False,False,False,False
0.224,-0.341,-0.287,-0.291,-0.269,-0.828,True,False,True,False,True,False,False,False,False,False,False,False
-0.055,-0.341,-0.287,-0.291,1.398,0.797,False,False,False,False,False,False,False,False,True,False,False,True
-0.543,3.003,-0.287,0.300,-0.252,-0.852,False,True,False,False,False,False,True,False,False,False,False,False
-0.264,-0.341,0.044,-0.277,-0.269,0.925,False,False,False,False,False,False,False,False,True,False,False,False
1.270,0.076,-0.287,0.000,-0.269,0.801,False,True,False,False,False,False,False,False,True,False,False,True
-0.125,-0.341,-0.287,-0.291,-0.269,0.801,False,True,True,False,False,False,False,False,True,False,False,True
-1.450,-0.341,-0.287,-0.291,-0.269,0.801,False,True,True,False,False,False,False,False,True,False,False,True
-0.334,-0.341,-0.287,-0.197,0.508,0.803,False,False,False,False,False,False,False,False,True,False,False,True
0.084,-0.341,-0.287,-0.291,-0.269,-0.518,False,True,True,False,False,False,False,True,False,False,False,True
-0.334,-0.341,-0.287,-0.291,-0.269,0.497,False,False,True,False,False,False,False,False,False,True,False,True
-1.101,-0.341,-0.287,-0.291,-0.269,0.499,False,False,True,False,False,False,False,False,False,True,False,True
-0.892,-0.341,-0.287,-0.259,-0.269,-0.516,False,False,False,False,False,False,False,True,False,False,False,True
-0.404,0.058,-0.287,2.300,-0.269,0.805,False,True,False,False,False,False,False,False,True,False,False,True
-0.892,0.070,-0.287,3.477,-0.269,0.929,False,True,False,False,False,False,False,False,True,False,False,False
0.015,-0.295,-0.287,0.722,-0.264,0.489,False,False,False,False,False,False,False,False,False,True,False,False
1.200,-0.339,-0.287,1.212,-0.184,-0.534,False,False,False,False,False,False,False,True,False,False,False,False
-1.101,-0.341,-0.287,-0.291,-0.269,0.491,False,False,True,False,False,False,False,False,False,True,False,False
-0.474,-0.341,-0.287,-0.291,-0.269,0.505,False,False,True,False,False,False,False,False,False,True,False,True
0.015,-0.341,-0.287,-0.291,-0.269,0.507,False,False,True,False,False,False,False,False,False,True,False,True
1.200,-0.341,-0.287,-0.291,-0.269,0.508,False,False,True,False,False,False,False,False,False,True,False,True
-0.334,1.525,-0.287,-0.291,-0.266,0.807,False,False,False,False,False,False,False,False,True,False,False,True
0.294,-0.341,-0.287,-0.291,-0.269,0.510,False,False,True,False,False,False,False,False,False,True,False,True
0.642,-0.010,-0.287,0.690,-0.269,0.809,False,True,False,False,False,False,False,False,True,False,False,True
1.967,-0.341,-0.287,-0.291,-0.269,0.495,False,False,True,False,False,False,False,False,False,True,False,False
-0.125,-0.341,-0.279,0.786,-0.269,0.935,False,False,False,False,False,False,False,False,True,False,False,False
0.642,-0.331,1.170,-0.291,-0.269,0.497,False,False,False,False,False,False,False,False,False,True,False,False
-0.055,0.580,-0.287,-0.291,-0.269,0.512,False,False,False,False,False,False,False,False,False,True,False,True
-0.264,1.057,-0.287,-0.289,-0.269,-0.532,False,True,False,False,False,False,False,True,False,False,False,False
-0.474,-0.341,-0.287,-0.291,-0.269,0.810,False,True,True,False,False,False,False,False,True,False,False,True
0.294,0.728,-0.287,2.898,-0.269,0.937,False,True,False,False,False,False,False,False,True,False,False,False
0.433,-0.034,0.534,-0.190,-0.269,0.812,False,False,False,False,False,False,False,False,True,False,False,True
-0.334,0.099,-0.247,0.401,-0.269,0.814,False,False,False,False,False,False,False,False,True,False,False,True
0.154,-0.341,-0.287,-0.291,-0.269,-0.779,True,False,True,False,True,False,False,False,False,False,False,True
-0.892,-0.341,-0.287,-0.291,-0.269,-0.779,True,False,True,False,True,False,False,False,False,False,False,True
-0.055,-0.341,-0.287,-0.291,-0.269,-0.334,True,False,True,False,False,False,False,False,True,False,False,True
-1.450,-0.341,-0.287,-0.291,-0.269,-0.779,True,False,False,False,True,False,False,False,False,False,False,True
-0.613,-0.341,-0.287,-0.291,-0.269,0.816,False,True,True,False,False,False,False,False,True,False,False,True
-0.195,-0.278,-0.287,0.452,-0.269,-0.863,False,True,False,False,False,False,True,False,False,False,False,True
0.991,-0.341,0.341,-0.291,-0.269,-0.826,True,False,False,False,True,False,False,False,False,False,False,False
2.874,0.025,0.381,-0.291,-0.267,-0.775,True,False,False,False,False,True,False,False,False,False,False,True
-0.822,-0.341,-0.287,-0.291,-0.269,0.499,False,False,True,False,False,False,False,False,False,True,False,False
-1.031,-0.341,-0.287,-0.291,-0.269,0.501,False,False,True,False,False,False,False,False,False,True,False,False
-0.543,-0.341,-0.287,-0.291,-0.269,0.516,False,False,True,False,False,False,False,False,False,True,False,True
0.572,-0.341,-0.287,-0.018,0.160,0.820,False,False,False,False,False,False,False,False,True,False,False,True
-0.962,-0.341,-0.036,-0.291,0.350,0.941,False,False,False,False,False,False,False,False,True,False,False,False
-0.613,-0.341,-0.105,-0.291,-0.078,-1.051,True,False,False,False,False,False,False,False,False,False,False,True
0.503,-0.321,-0.164,-0.286,10.606,-0.773,True,False,False,True,False,True,False,False,False,False,False,True
-1.031,-0.341,-0.252,0.000,-0.267,0.822,False,False,False,False,False,False,False,False,True,False,False,True
-0.543,-0.283,-0.287,0.698,-0.242,-0.514,False,False,False,False,False,False,False,True,False,False,False,True
-0.055,-0.206,-0.285,0.665,-0.269,0.945,False,False,False,False,False,False,False,False,True,False,False,False
-0.613,-0.341,-0.287,-0.291,-0.269,0.947,False,True,True,False,False,False,False,False,True,False,False,False
-0.195,-0.341,-0.287,1.094,-0.269,0.949,False,False,False,False,False,False,False,False,True,False,False,False
-0.264,0.663,-0.266,-0.291,-0.138,0.951,False,False,False,False,False,False,False,False,True,False,False,False
0.015,-0.341,-0.281,-0.291,-0.163,0.824,False,False,False,False,False,False,False,False,True,False,False,True
0.712,-0.341,1.512,-0.291,1.468,-0.824,True,False,False,True,True,False,False,False,False,False,False,False
-0.752,-0.341,-0.287,-0.291,0.818,0.953,False,False,False,False,False,False,False,False,True,False,False,False
0.572,-0.341,-0.287,-0.291,-0.269,-0.777,True,False,True,False,True,False,False,False,False,False,False,True
-0.055,0.367,0.000,-0.291,0.002,0.505,False,False,False,False,False,False,False,False,False,True,False,False
-0.752,-0.341,-0.287,4.276,-0.000,0.826,False,False,False,False,False,False,False,False,True,False,False,True
0.084,-0.341,-0.284,0.749,0.113,0.955,False,False,False,False,False,False,False,False,True,False,False,False
0.433,-0.288,-0.287,-0.267,0.451,-0.512,False,False,False,False,False,False,False,True,False,False,False,True
-0.195,-0.341,-0.164,-0.291,0.161,0.828,False,False,False,False,False,False,False,False,True,False,False,True
-2.008,-0.341,-0.287,-0.291,-0.269,0.520,False,False,True,False,False,False,False,False,False,True,False,True
0.921,-0.341,0.000,-0.291,-0.225,0.522,False,False,False,False,False,False,False,False,False,True,False,True
0.503,-0.339,0.162,-0.286,-0.219,0.957,False,False,False,False,False,False,False,False,True,False,False,False
0.154,1.444,-0.286,-0.291,-0.268,0.961,False,False,False,False,False,False,False,False,True,False,False,False
-0.125,5.579,-0.283,-0.291,-0.222,0.508,False,False,False,False,False,False,False,False,False,True,False,False
-0.264,-0.341,2.418,-0.291,-0.216,-0.771,True,False,False,False,False,True,False,False,False,False,False,True
0.224,-0.341,-0.287,-0.291,-0.269,0.512,False,False,True,False,False,False,False,False,False,True,False,False
-1.031,-0.341,-0.287,-0.291,-0.269,0.524,False,False,True,False,False,False,False,False,False,True,False,True
-0.892,-0.341,-0.287,-0.291,-0.269,0.526,False,False,True,False,False,False,False,False,False,True,False,True
1.549,-0.341,-0.287,-0.291,-0.269,0.528,False,False,True,False,False,False,False,False,False,True,False,True
-0.543,-0.341,-0.287,-0.291,-0.269,-0.820,True,False,True,False,True,False,False,False,False,False,False,False
0.154,-0.341,-0.287,-0.291,-0.269,-0.820,True,False,True,False,True,False,False,False,False,False,False,False
-1.380,-0.341,-0.287,-0.291,-0.269,-0.334,False,False,False,False,False,False,False,False,True,False,False,True
-1.519,-0.341,-0.287,-0.291,-0.269,0.514,False,False,False,False,False,False,False,False,False,True,False,False
-1.798,-0.341,-0.287,-0.291,-0.269,0.514,False,False,False,False,False,False,False,False,False,True,False,False
-1.868,-0.341,-0.287,-0.291,-0.269,0.514,False,False,True,False,False,False,False,False,False,True,False,False
-1.519,-0.341,-0.287,-0.291,-0.269,0.514,False,False,False,False,False,False,False,False,False,True,False,False
-0.752,2.303,-0.287,-0.277,-0.269,0.834,False,True,False,False,False,False,False,False,True,False,False,True
0.294,-0.341,-0.287,-0.291,-0.269,0.834,False,True,True,False,False,False,False,False,True,False,False,True
-0.404,-0.341,1.526,-0.291,-0.269,0.962,False,False,False,False,False,False,False,False,True,False,False,False
-1.101,0.000,-0.287,-0.291,-0.269,-0.775,True,False,True,False,True,False,False,False,False,False,False,True
0.224,6.787,-0.287,0.461,-0.269,0.838,False,True,False,False,False,False,False,False,True,False,False,True
-0.125,-0.341,-0.287,-0.291,-0.269,-0.818,True,False,True,False,True,False,False,False,False,False,False,False
-0.404,-0.341,0.021,-0.291,-0.269,0.964,False,False,False,False,False,False,False,False,True,False,False,False
-0.264,-0.341,1.986,-0.291,-0.121,-0.767,True,False,False,False,False,True,False,False,False,False,False,True
-0.752,0.348,-0.287,-0.291,-0.269,0.966,False,False,False,False,False,False,False,False,True,False,False,False
-0.404,-0.341,-0.287,-0.291,-0.269,0.968,False,True,True,False,False,False,False,False,True,False,False,False
0.154,-0.341,-0.287,-0.291,-0.269,-0.526,True,False,True,False,False,False,False,True,False,False,False,False
0.224,-0.341,0.529,-0.291,0.045,-0.526,True,False,False,False,False,False,False,True,False,False,False,False
-0.474,-0.341,-0.287,-0.291,-0.000,0.974,False,True,True,False,False,False,False,False,True,False,False,False
0.642,-0.341,-0.287,-0.291,-0.269,0.976,False,True,True,False,False,False,False,False,True,False,False,False
-0.543,0.798,-0.284,-0.291,-0.269,0.842,False,False,False,False,False,False,False,False,True,False,False,True
-0.055,-0.341,-0.287,-0.291,-0.269,0.978,False,True,True,False,False,False,False,False,True,False,False,False
0.642,-0.341,-0.287,-0.291,-0.269,-0.816,True,False,False,False,True,False,False,False,False,False,False,False
-0.613,-0.341,-0.287,0.894,-0.269,0.982,False,False,False,False,False,False,False,False,True,False,False,False
-0.404,-0.341,-0.287,0.198,0.031,0.984,False,False,False,False,False,False,False,False,True,False,False,False
1.340,0.351,-0.287,-0.226,-0.265,0.524,False,False,False,False,False,False,False,False,False,True,False,False
-0.962,-0.341,-0.287,-0.291,-0.269,0.534,False,False,True,False,False,False,False,False,False,True,False,True
0.084,-0.341,0.135,-0.226,-0.260,0.534,False,False,False,False,False,False,False,False,False,True,False,True
0.782,0.093,-0.287,3.558,-0.000,0.844,False,True,False,False,False,False,False,False,True,False,False,True
0.503,-0.341,-0.287,-0.236,-0.269,0.536,False,False,False,False,False,False,False,False,False,True,False,True
-0.613,-0.341,-0.287,-0.291,-0.269,0.538,False,False,True,False,False,False,False,False,False,True,False,True
-0.822,-0.321,-0.287,0.655,-0.268,-0.522,False,True,False,False,False,False,False,True,False,False,False,False
0.642,-0.341,-0.012,-0.291,8.621,-0.846,True,False,False,False,False,True,False,False,False,False,False,False
0.642,-0.341,-0.287,-0.291,-0.269,-0.846,True,False,True,False,False,True,False,False,False,False,False,False
-1.031,0.886,-0.287,-0.192,-0.269,-0.848,False,True,False,False,False,False,True,False,False,False,False,False
-0.125,-0.137,-0.287,-0.281,-0.269,-0.520,False,True,False,False,False,False,False,True,False,False,False,False
-0.543,-0.285,-0.287,-0.239,-0.213,-0.518,False,False,False,False,False,False,False,True,False,False,False,False
-0.752,-0.341,2.077,-0.291,2.812,-0.844,True,False,False,False,False,True,False,False,False,False,False,False
-0.195,-0.092,-0.287,1.137,-0.235,-0.846,False,True,False,False,False,False,True,False,False,False,False,False
0.433,-0.303,0.256,-0.291,0.136,-0.842,True,False,False,False,False,True,False,False,False,False,False,False
1.200,1.300,-0.237,1.679,0.016,0.848,False,True,False,False,False,False,False,False,True,False,False,True
-1.101,-0.341,-0.287,-0.291,-0.269,-0.773,True,False,True,False,True,False,False,False,False,False,False,True
0.712,-0.275,5.587,-0.050,-0.165,-0.773,True,False,False,False,True,False,False,False,False,False,False,True
1.409,2.221,-0.287,-0.149,-0.269,-0.859,False,True,False,False,False,False,True,False,False,False,False,True
-0.055,-0.341,-0.287,-0.291,-0.269,-0.508,False,True,False,False,False,False,False,True,False,False,False,True
-0.125,-0.341,0.143,-0.291,-0.261,0.990,False,False,False,False,False,False,False,False,True,False,False,False
-0.543,-0.341,-0.287,0.000,-0.269,0.530,False,False,True,False,False,False,False,False,False,True,False,False
0.015,-0.341,-0.267,-0.291,-0.269,-0.506,False,False,False,False,False,False,False,True,False,False,False,True
-0.125,-0.341,-0.259,0.086,0.189,0.992,False,False,False,False,False,False,False,False,True,False,False,False
0.642,-0.341,-0.287,-0.291,-0.269,0.994,False,True,True,False,False,False,False,False,True,False,False,False
-0.752,-0.341,0.000,-0.291,-0.269,0.996,False,False,False,False,False,False,False,False,True,False,False,False
0.433,-0.341,-0.287,-0.291,-0.269,-0.514,True,False,True,False,False,False,False,True,False,False,False,False
0.572,-0.341,-0.287,-0.291,-0.269,0.998,False,True,True,False,False,False,False,False,True,False,False,False
2.176,1.089,-0.254,-0.291,-0.269,-0.512,False,False,False,False,False,False,False,True,False,False,False,False
0.154,-0.341,-0.287,-0.291,-0.269,-0.510,True,False,True,False,False,False,False,True,False,False,False,False
-1.729,-0.341,-0.287,-0.291,-0.269,-0.765,True,False,True,False,False,True,False,False,False,False,False,True
0.363,-0.341,1.717,-0.291,1.027,-0.765,False,False,False,False,False,True,False,False,False,False,False,True
1.200,-0.341,4.869,-0.291,-0.128,-0.765,True,False,False,False,False,True,False,False,False,False,False,True
-0.752,-0.341,-0.287,-0.199,-0.268,0.540,False,False,False,False,False,False,False,False,False,True,False,True
0.642,0.000,-0.287,0.317,-0.266,-0.502,False,True,False,False,False,False,False,True,False,False,False,True
0.015,-0.341,-0.249,1.286,-0.269,0.854,False,False,False,False,False,False,False,False,True,False,False,True
-1.101,-0.341,-0.287,-0.291,-0.269,-0.763,True,False,True,False,False,True,False,False,False,False,False,True
-0.195,-0.341,-0.287,-0.291,-0.269,-0.763,True,False,True,False,False,True,False,False,False,False,False,True
0.084,-0.341,-0.228,-0.291,4.636,-0.836,True,False,False,False,False,True,False,False,False,False,False,False
0.921,-0.341,-0.287,-0.277,-0.269,0.856,False,False,False,False,False,False,False,False,True,False,False,True
0.503,0.245,-0.287,0.975,-0.269,1.002,False,True,False,False,False,False,False,False,True,False,False,False
-0.404,0.043,-0.287,1.676,-0.000,1.004,False,False,False,False,False,False,False,False,True,False,False,False
0.363,-0.341,2.980,-0.291,-0.267,-1.049,True,False,False,True,False,False,False,False,False,False,False,True
-0.195,-0.341,2.782,-0.291,-0.194,-1.049,True,False,False,False,False,False,False,False,False,False,False,True
0.154,2.764,-0.287,1.450,-0.269,-0.842,False,True,False,False,False,False,True,False,False,False,False,False
1.340,0.540,-0.284,-0.289,-0.269,-0.840,False,True,False,False,False,False,True,False,False,False,False,False
-1.310,-0.341,-0.287,-0.291,-0.269,0.542,False,False,True,False,False,False,False,False,False,True,False,True
-0.125,-0.338,-0.287,1.919,-0.246,1.006,False,True,False,False,False,False,False,False,True,False,False,False
0.224,3.444,-0.287,-0.122,-0.269,1.006,False,True,False,False,False,False,False,False,True,False,False,False
-0.334,-0.341,-0.287,-0.291,-0.269,0.544,False,False,True,False,False,False,False,False,False,True,False,True
-0.613,-0.341,-0.287,-0.291,-0.269,0.544,False,False,True,False,False,False,False,False,False,True,False,True
1.340,-0.215,-0.218,-0.291,-0.262,0.860,False,False,False,False,False,False,False,False,True,False,False,True
0.433,0.611,-0.284,0.593,-0.269,-0.500,False,True,False,True,False,False,False,True,False,False,False,True
-1.031,0.032,-0.287,3.313,-0.269,-0.838,False,True,False,False,False,False,True,False,False,False,False,False
-0.055,-0.335,-0.287,4.018,-0.269,-0.836,False,True,False,False,False,False,True,False,False,False,False,False
-0.125,0.786,-0.050,-0.277,-0.269,1.012,False,True,False,False,False,False,False,False,True,False,False,False
0.921,-0.341,-0.287,-0.291,-0.269,-0.857,False,True,True,False,False,False,True,False,False,False,False,True
-1.450,-0.341,-0.287,-0.291,-0.269,-0.857,False,True,True,False,False,False,True,False,False,False,False,True
0.084,-0.341,-0.287,-0.291,-0.269,-0.857,False,True,True,False,False,False,True,False,False,False,False,True
1.061,-0.341,-0.287,-0.282,0.417,0.538,False,False,False,False,False,False,False,False,False,True,False,False
0.782,1.583,-0.287,-0.165,-0.265,0.864,False,True,False,False,False,False,False,False,True,False,False,True
0.642,0.821,-0.263,-0.291,-0.269,1.016,False,False,False,False,False,False,False,False,True,False,False,False
-0.474,-0.338,-0.258,-0.291,-0.210,0.866,False,False,False,False,False,False,False,False,True,False,False,True
0.224,2.359,-0.287,0.804,-0.269,-0.834,False,True,False,False,False,False,True,False,False,False,False,False
-0.892,2.867,-0.287,0.295,0.526,-0.834,False,True,False,False,False,False,True,False,False,False,False,False
0.294,0.793,-0.206,1.462,-0.269,-0.855,False,True,False,False,False,False,True,False,False,False,False,True
0.642,-0.310,2.196,-0.035,1.208,-0.771,True,False,False,False,True,False,False,False,False,False,False,True
-0.404,-0.341,0.218,-0.291,-0.269,0.540,False,False,False,False,False,False,False,False,False,True,False,False
-0.892,-0.336,0.086,-0.291,0.014,0.542,False,False,False,False,False,False,False,False,False,True,False,False
-0.892,0.389,-0.287,-0.013,-0.161,0.544,False,False,False,False,False,False,False,False,False,True,False,False
-1.241,-0.341,-0.287,-0.291,-0.269,0.544,False,False,False,False,False,False,False,False,False,True,False,False
-0.474,-0.341,0.230,-0.291,0.094,1.018,False,False,False,False,False,False,False,False,True,False,False,False
0.991,-0.341,-0.287,-0.291,1.093,1.018,False,False,False,False,False,False,False,False,True,False,False,False
-0.613,-0.341,-0.287,-0.291,-0.269,0.544,False,False,True,False,False,False,False,False,False,True,False,False
-0.474,-0.341,0.181,-0.277,0.008,1.020,False,False,False,False,False,False,False,False,True,False,False,False
-2.008,-0.341,0.000,-0.291,-0.269,1.022,False,True,False,False,False,False,False,False,True,False,False,False
0.084,-0.131,-0.287,0.057,-0.269,-0.506,False,True,False,False,False,False,False,True,False,False,False,False
-0.752,-0.341,-0.287,-0.291,-0.269,1.022,False,True,True,False,False,False,False,False,True,False,False,False
-2.008,-0.341,-0.287,0.000,-0.269,1.022,False,True,False,False,False,False,False,False,True,False,False,False
0.851,-0.092,-0.287,1.576,-0.253,-0.488,False,True,False,False,False,False,False,True,False,False,False,True
0.712,-0.341,0.233,-0.291,-0.269,0.868,False,False,False,False,False,False,False,False,True,False,False,True
0.572,0.249,-0.287,-0.289,-0.266,0.546,False,False,False,False,False,False,False,False,False,True,False,True
-0.195,-0.341,-0.287,-0.291,-0.269,-0.854,True,False,True,False,False,False,True,False,False,False,False,True
1.409,0.496,-0.287,-0.279,-0.108,1.026,False,True,False,False,False,False,False,False,True,False,False,False
-0.055,-0.125,-0.287,2.853,-0.269,-0.504,False,True,False,False,False,False,False,True,False,False,False,False
-1.101,0.202,-0.247,0.712,-0.269,1.028,False,True,False,False,False,False,False,False,True,False,False,False
2.455,0.370,0.152,-0.287,-0.269,-0.502,False,False,False,False,False,False,False,True,False,False,False,False
-0.334,-0.339,-0.287,-0.272,0.379,0.870,False,False,False,False,False,False,False,False,True,False,False,True
-0.752,-0.341,-0.287,-0.291,-0.269,1.030,False,False,True,False,False,False,False,False,True,False,False,False
-0.752,4.901,-0.287,0.071,-0.269,1.030,False,True,False,False,False,False,False,False,True,False,False,False
-0.264,1.096,-0.287,-0.289,-0.269,1.030,False,True,False,False,False,False,False,False,True,False,False,False
-0.683,-0.341,-0.287,-0.291,-0.269,0.546,False,False,True,False,False,False,False,False,False,True,False,False
0.294,-0.338,-0.287,-0.291,0.366,-0.486,False,False,False,False,False,False,False,True,False,False,False,True
-0.125,-0.341,-0.287,-0.291,-0.269,0.548,False,False,True,False,False,False,False,False,False,True,False,False
1.479,0.942,-0.287,0.178,-0.269,1.036,False,True,False,False,False,False,False,False,True,False,False,False
0.084,-0.341,-0.287,-0.291,0.461,-0.334,False,False,False,False,False,False,False,False,True,False,False,True
1.061,1.580,-0.276,-0.291,-0.269,1.039,False,True,False,False,False,False,False,False,True,False,False,False
1.618,-0.341,-0.287,-0.291,-0.269,0.550,False,False,True,False,False,False,False,False,False,True,False,False
-1.519,-0.341,-0.287,-0.291,-0.269,0.550,False,False,True,False,False,False,False,False,False,True,False,True
0.084,-0.341,-0.250,-0.261,-0.269,0.878,False,False,False,False,False,False,False,False,True,False,False,True
-0.125,1.340,-0.287,-0.291,-0.269,0.878,False,False,False,False,False,False,False,False,True,False,False,True
-0.334,-0.341,-0.287,-0.291,-0.269,-0.769,True,False,True,False,True,False,False,False,False,False,False,True
-1.101,-0.335,-0.225,-0.289,0.256,1.041,False,False,False,False,False,False,False,False,True,False,False,False
2.246,-0.341,-0.254,1.070,-0.269,1.043,False,False,False,False,False,False,False,False,True,False,False,False
0.224,-0.341,-0.287,0.000,-0.269,0.552,False,False,True,False,False,False,False,False,False,True,False,False
-0.822,-0.341,-0.287,-0.291,-0.269,1.045,False,True,True,False,False,False,False,False,True,False,False,False
0.503,-0.341,-0.287,-0.291,-0.269,1.045,False,True,False,False,False,False,False,False,True,False,False,False
-0.892,-0.341,-0.287,-0.291,-0.269,0.554,False,False,True,False,False,False,False,False,False,True,False,False
-0.543,-0.341,0.150,-0.291,-0.269,1.047,False,False,False,False,False,False,False,False,True,False,False,False
-0.334,-0.341,-0.287,-0.291,-0.269,-0.759,True,False,False,False,False,True,False,False,False,False,False,True
-0.055,-0.341,-0.282,-0.291,-0.265,0.884,False,False,False,False,False,False,False,False,True,False,False,True
-0.125,0.945,0.652,-0.287,-0.269,-0.500,False,True,False,False,False,False,False,True,False,False,False,False
-1.101,14.697,-0.287,0.010,0.235,-0.498,False,True,False,False,False,False,False,True,False,False,False,False
0.712,-0.341,-0.287,-0.291,-0.269,1.051,False,False,False,False,False,False,False,False,True,False,False,False
-0.334,-0.341,-0.287,1.350,-0.269,-0.484,False,False,False,False,False,False,False,True,False,False,False,True
0.642,-0.341,-0.070,-0.291,1.661,-0.757,True,False,False,False,False,True,False,False,False,False,False,True
-0.613,0.401,-0.208,0.819,-0.269,1.055,False,True,False,False,False,False,False,False,True,False,False,False
-0.543,0.757,-0.287,-0.291,-0.269,0.885,False,False,False,False,False,False,False,False,True,False,False,True
-0.125,-0.339,-0.287,3.385,-0.269,1.057,False,True,False,False,False,False,False,False,True,False,False,False
1.409,0.002,-0.280,-0.287,-0.269,1.057,False,False,False,False,False,False,False,False,True,False,False,False
-1.589,-0.341,-0.287,-0.291,-0.269,1.057,False,True,True,False,False,False,False,False,True,False,False,False
0.851,-0.341,-0.287,-0.291,-0.269,-0.812,True,False,True,False,True,False,False,False,False,False,False,False
0.294,-0.341,0.637,1.532,1.025,-0.812,True,False,False,True,True,False,False,False,False,False,False,False
-1.589,-0.341,-0.287,-0.291,-0.269,-0.812,True,False,False,False,True,False,False,False,False,False,False,False
0.433,-0.341,2.609,-0.291,10.374,-0.812,True,False,False,False,True,False,False,False,False,False,False,False
1.200,-0.341,2.550,0.000,6.552,-0.812,True,False,False,False,True,False,False,False,False,False,False,False
0.154,3.757,-0.274,-0.291,-0.268,0.887,False,False,False,False,False,False,False,False,True,False,False,True
0.224,-0.341,-0.287,-0.291,-0.269,-0.767,True,False,True,False,True,False,False,False,False,False,False,True
0.154,0.000,-0.287,-0.291,-0.269,-1.079,True,False,True,False,False,False,False,False,False,False,False,False
-0.613,0.000,-0.287,-0.291,-0.269,0.556,False,False,True,False,False,False,False,False,False,True,False,False
1.967,0.698,0.000,-0.291,-0.000,0.554,False,False,False,False,False,False,False,False,False,True,False,True
0.572,-0.341,-0.287,0.645,-0.269,0.889,False,False,False,False,False,False,False,False,True,False,False,True
-0.543,-0.341,-0.287,0.000,-0.269,-0.334,False,False,True,False,False,False,False,False,True,False,False,True
0.991,-0.341,-0.287,-0.289,-0.269,1.061,False,False,False,False,False,False,False,False,True,False,False,False
1.409,1.206,-0.287,-0.287,-0.269,0.558,False,False,False,False,False,False,False,False,False,True,False,True
-0.822,-0.341,-0.193,-0.013,-0.269,0.560,False,False,False,False,False,False,False,False,False,True,False,True
0.015,0.445,-0.287,-0.274,-0.269,0.891,False,True,False,False,False,False,False,False,True,False,False,True
0.503,-0.341,-0.287,-0.291,-0.269,0.562,False,False,True,False,False,False,False,False,False,True,False,True
0.572,-0.294,5.550,-0.291,9.626,-0.334,True,False,False,False,False,False,False,False,True,False,False,True
-0.822,-0.338,-0.287,-0.291,0.332,1.063,False,False,False,False,False,False,False,False,True,False,False,False
1.130,-0.341,-0.287,-0.291,-0.269,0.895,False,True,True,False,False,False,False,False,True,False,False,True
-0.613,-0.341,-0.282,-0.154,0.352,0.560,False,False,False,False,False,False,False,False,False,True,False,False
-0.334,-0.341,-0.287,-0.291,-0.269,1.065,False,True,True,False,False,False,False,False,True,False,False,False
-0.055,-0.341,-0.287,-0.291,-0.269,-0.810,True,False,True,False,True,False,False,False,False,False,False,False
-0.962,-0.341,-0.274,11.101,0.200,-0.810,True,False,False,False,True,False,False,False,False,False,False,False
1.688,-0.341,3.874,-0.291,-0.174,-0.810,True,False,False,False,True,False,False,False,False,False,False,False
1.549,-0.341,-0.287,-0.291,-0.269,-0.810,True,False,True,False,True,False,False,False,False,False,False,False
-1.031,-0.341,-0.287,-0.291,-0.000,0.562,False,False,True,False,False,False,False,False,False,True,False,False
-1.938,-0.341,-0.287,-0.291,-0.269,0.562,False,False,True,False,False,False,False,False,False,True,False,False
-0.195,0.667,-0.240,0.000,-0.269,1.067,False,True,False,False,False,False,False,False,True,False,False,False
-0.613,-0.341,-0.287,0.544,-0.178,0.564,False,False,False,False,False,False,False,False,False,True,False,True
-0.404,-0.341,0.058,-0.192,-0.257,0.899,False,False,False,False,False,False,False,False,True,False,False,True
-0.474,0.657,-0.287,-0.291,-0.266,0.901,False,False,False,False,False,False,False,False,True,False,False,True
-0.474,-0.341,-0.287,-0.291,-0.269,0.564,False,False,True,False,False,False,False,False,False,True,False,False
-1.101,-0.341,-0.287,-0.291,-0.269,-0.763,True,False,True,False,True,False,False,False,False,False,False,True
-0.055,-0.341,-0.287,-0.291,-0.269,-0.763,True,False,False,False,True,False,False,False,False,False,False,True
0.782,-0.341,-0.287,-0.291,-0.269,0.568,False,False,True,False,False,False,False,False,False,True,False,True
-0.543,5.764,-0.287,-0.212,-0.269,-0.832,False,True,False,False,False,False,True,False,False,False,False,False
0.433,0.724,-0.222,-0.282,-0.269,0.570,False,False,False,False,False,False,False,False,False,True,False,True
-0.474,-0.125,0.532,-0.291,-0.269,1.073,False,False,False,False,False,False,False,False,True,False,False,False
0.572,-0.341,-0.287,-0.291,-0.269,-0.850,True,False,True,False,False,False,True,False,False,False,False,True
-0.543,-0.341,-0.287,-0.291,-0.269,-0.475,False,True,False,False,False,False,False,True,False,False,False,True
1.479,-0.341,-0.063,-0.291,-0.265,-0.334,False,False,False,False,False,False,False,False,True,False,False,True
-0.125,-0.341,-0.287,1.048,-0.269,0.905,False,False,False,False,False,False,False,False,True,False,False,True
-0.613,-0.341,-0.287,-0.291,-0.269,0.574,False,False,True,False,False,False,False,False,False,True,False,True
-0.962,-0.341,-0.287,-0.291,-0.269,0.568,False,False,True,False,False,False,False,False,False,True,False,False
-0.264,-0.281,0.000,-0.008,0.969,-0.494,False,False,False,False,False,False,False,True,False,False,False,False
0.154,-0.341,-0.146,-0.291,3.340,-1.045,True,False,False,False,False,False,False,False,False,False,False,True
-0.125,-0.341,4.832,1.457,-0.228,-0.761,True,False,False,False,True,False,False,False,False,False,False,True
-0.752,-0.341,-0.287,-0.291,-0.269,0.578,False,False,True,False,False,False,False,False,False,True,False,True
-1.868,0.000,-0.287,-0.291,-0.269,0.578,False,False,True,False,False,False,False,False,False,True,False,True
-0.125,-0.341,-0.284,-0.291,-0.175,0.578,False,False,False,False,False,False,False,False,False,True,False,True
-2.008,-0.341,-0.287,-0.291,-0.000,0.578,False,False,False,False,False,False,False,False,False,True,False,True
-0.474,0.808,-0.287,-0.214,-0.269,1.075,False,False,False,False,False,False,False,False,True,False,False,False
-0.125,-0.341,-0.287,-0.291,-0.269,-0.473,False,True,False,False,False,False,False,True,False,False,False,True
1.897,-0.341,-0.285,1.012,-0.269,0.580,False,False,False,False,False,False,False,False,False,True,False,True
-0.055,-0.341,-0.287,-0.291,-0.160,0.911,False,False,False,False,False,False,False,False,True,False,False,True
0.921,-0.294,-0.287,-0.291,-0.269,-0.471,False,False,False,False,False,False,False,True,False,False,False,True
-0.613,-0.341,-0.287,-0.291,-0.269,0.913,False,False,False,False,False,False,False,False,True,False,False,True
-0.125,0.429,0.080,-0.276,-0.269,0.913,False,False,False,False,False,False,False,False,True,False,False,True
0.015,-0.341,-0.287,-0.257,0.086,0.570,False,False,False,False,False,False,False,False,False,True,False,False
0.503,-0.212,-0.287,0.621,-0.269,0.915,False,False,False,False,False,False,False,False,True,False,False,True
-0.404,-0.341,-0.287,-0.284,-0.000,0.917,False,False,False,False,False,False,False,False,True,False,False,True
2.455,-0.341,-0.287,-0.291,-0.269,0.582,False,False,True,False,False,False,False,False,False,True,False,True
-0.683,-0.339,-0.287,0.000,1.280,0.572,False,False,False,False,False,False,False,False,False,True,False,False
-1.938,-0.341,-0.287,-0.291,-0.269,0.572,False,False,True,False,False,False,False,False,False,True,False,False
1.409,0.000,-0.287,-0.291,-0.269,0.572,False,False,True,False,False,False,False,False,False,True,False,False
-2.008,-0.341,-0.287,-0.291,-0.269,0.572,False,False,True,False,False,False,False,False,False,True,False,False
-0.752,-0.341,-0.107,-0.232,0.115,1.079,False,False,False,False,False,False,False,False,True,False,False,False
0.712,8.216,-0.205,-0.291,1.332,-0.834,True,False,False,False,False,True,False,False,False,False,False,False
0.572,-0.325,-0.275,1.162,-0.269,-0.492,False,True,False,False,False,False,False,True,False,False,False,False
1.061,-0.341,-0.287,-0.291,-0.269,1.081,False,True,True,False,False,False,False,False,True,False,False,False
0.991,0.898,-0.287,0.742,-0.269,1.083,False,True,False,False,False,False,False,False,True,False,False,False
0.294,-0.341,-0.287,-0.291,-0.269,1.083,False,True,True,False,False,False,False,False,True,False,False,False
-0.613,-0.278,-0.148,-0.291,0.261,0.585,False,False,False,False,False,False,False,False,False,True,False,True
-2.008,-0.341,-0.287,-0.291,-0.269,0.585,False,False,False,False,False,False,False,False,False,True,False,True
-1.729,-0.341,-0.287,-0.291,-0.269,0.585,False,False,False,False,False,False,False,False,False,True,False,True
-0.613,-0.341,-0.287,-0.291,-0.269,0.919,False,True,True,False,False,False,False,False,True,False,False,True
1.479,0.705,-0.287,-0.241,0.109,0.921,False,True,False,False,False,False,False,False,True,False,False,True
1.270,-0.341,-0.287,-0.291,-0.269,1.085,False,True,True,False,False,False,False,False,True,False,False,False
-0.822,-0.341,-0.287,-0.291,-0.269,1.085,False,True,True,False,False,False,False,False,True,False,False,False
-0.195,-0.341,0.706,-0.291,6.826,-0.808,True,False,False,False,True,False,False,False,False,False,False,False
-0.543,-0.281,-0.062,-0.291,-0.269,-0.467,False,False,False,False,False,False,False,True,False,False,False,True
-0.613,-0.341,-0.287,-0.291,-0.000,1.087,False,True,True,False,False,False,False,False,True,False,False,False
-0.195,-0.341,-0.287,-0.291,-0.269,-0.832,True,False,True,False,False,True,False,False,False,False,False,False
-0.125,2.032,-0.287,-0.291,-0.141,1.091,False,True,False,True,False,False,False,False,True,False,False,False
0.363,-0.341,-0.287,0.869,-0.201,0.587,False,False,False,False,False,False,False,False,False,True,False,True
-1.241,-0.341,-0.287,-0.291,-0.269,0.587,False,False,True,False,False,False,False,False,False,True,False,True
-2.008,-0.341,-0.287,-0.291,-0.269,0.587,False,False,True,False,False,False,False,False,False,True,False,True
-0.055,0.493,2.976,-0.291,1.164,-0.830,True,False,False,False,False,False,True,False,False,False,False,False
0.294,-0.148,0.180,-0.276,-0.269,0.589,False,False,False,False,False,False,False,False,False,True,False,True
-0.474,-0.341,-0.287,-0.291,-0.269,0.576,False,False,True,False,False,False,False,False,False,True,False,False
-0.055,-0.341,-0.287,-0.291,-0.269,1.093,False,True,False,False,False,False,False,False,True,False,False,False
-1.241,-0.341,-0.287,-0.291,-0.269,1.093,False,True,True,False,False,False,False,False,True,False,False,False
2.176,-0.263,-0.281,0.971,-0.148,1.093,False,True,False,False,False,False,False,False,True,False,False,False
0.991,-0.339,-0.287,0.066,0.350,0.591,False,False,False,False,False,False,False,False,False,True,False,True
-0.125,-0.341,-0.287,0.826,-0.231,-0.465,False,False,False,False,False,False,False,True,False,False,False,True
0.572,-0.341,-0.287,-0.291,-0.269,0.580,False,False,True,False,False,False,False,False,False,True,False,False
-0.404,-0.341,-0.287,-0.291,-0.269,0.593,False,False,True,False,False,False,False,False,False,True,False,True
1.967,2.230,-0.287,1.393,-0.245,-0.846,False,True,False,False,False,False,True,False,False,False,False,True
0.015,-0.341,-0.287,-0.291,-0.269,-1.077,True,False,True,False,False,False,False,False,False,False,False,False
-0.055,-0.341,-0.178,-0.291,6.315,-1.077,True,False,False,False,False,False,False,False,False,False,False,False
0.921,-0.341,0.271,4.612,4.053,-1.077,True,False,False,False,False,False,False,False,False,False,False,False
0.991,-0.330,0.023,3.849,-0.206,-1.077,True,False,False,False,False,False,False,False,False,False,False,False
-0.195,-0.341,-0.287,-0.291,-0.269,-0.830,True,False,True,False,False,True,False,False,False,False,False,False
3.013,3.366,1.609,-0.291,-0.251,-0.488,True,False,False,False,False,False,False,True,False,False,False,False
1.409,-0.341,2.216,0.208,2.149,-0.806,True,False,False,False,True,False,False,False,False,False,False,False
0.015,-0.341,-0.287,-0.291,-0.269,-0.806,True,False,True,True,True,False,False,False,False,False,False,False
-0.752,-0.341,-0.287,-0.291,-0.269,0.582,False,False,True,False,False,False,False,False,False,True,False,False
-0.195,-0.341,-0.033,-0.291,0.175,0.599,False,False,False,False,False,False,False,False,False,True,False,True
-0.683,-0.341,-0.287,-0.291,-0.269,1.099,False,True,True,False,False,False,False,False,True,False,False,False
-0.752,0.795,-0.287,-0.167,-0.269,1.101,False,False,False,False,False,False,False,False,True,False,False,False
-1.031,0.742,-0.139,-0.291,-0.268,1.103,False,False,False,False,False,False,False,False,True,False,False,False
1.061,0.543,-0.287,0.081,1.108,1.105,False,True,False,False,False,False,False,False,True,False,False,False
0.363,-0.341,-0.287,-0.291,-0.269,1.105,False,True,True,False,False,False,False,False,True,False,False,False
-0.752,-0.341,-0.287,-0.291,-0.269,0.583,False,False,True,False,False,False,False,False,False,True,False,False
0.503,-0.341,-0.287,-0.291,-0.269,0.603,False,False,True,False,False,False,False,False,False,True,False,True
-0.125,-0.341,-0.287,-0.291,-0.000,-0.759,True,False,True,False,True,False,False,False,False,False,False,True
0.433,0.801,-0.077,-0.289,-0.269,0.585,False,False,False,False,False,False,False,False,False,True,False,False
1.618,-0.333,1.917,-0.239,-0.258,-0.842,True,False,False,False,False,False,True,False,False,False,False,True
-0.474,0.702,-0.284,-0.157,-0.269,0.587,False,False,False,False,False,False,False,False,False,True,False,False
0.363,0.031,-0.287,0.616,-0.252,1.109,False,False,False,False,False,False,False,False,True,False,False,False
0.572,-0.341,-0.287,-0.281,-0.268,0.589,False,False,False,False,False,False,False,False,False,True,False,False
-0.474,0.651,-0.286,-0.152,-0.269,1.111,False,False,False,False,False,False,False,False,True,False,False,False
-0.195,-0.341,0.206,-0.291,-0.196,1.112,False,False,False,False,False,False,False,False,True,False,False,False
-1.031,0.554,-0.282,-0.291,-0.100,-0.461,False,False,False,False,False,False,False,True,False,False,False,True
1.688,-0.341,-0.287,-0.291,-0.269,1.114,False,True,True,False,False,False,False,False,True,False,False,False
-0.822,-0.341,0.229,-0.291,-0.257,1.118,False,False,False,False,False,False,False,False,True,False,False,False
0.084,-0.341,-0.287,-0.291,-0.269,0.929,False,False,False,False,False,False,False,False,True,False,False,True
2.525,-0.341,0.166,0.215,2.077,-0.824,True,False,False,False,False,False,True,False,False,False,False,False
-0.683,-0.341,-0.287,0.546,-0.085,0.605,False,False,False,False,False,False,False,False,False,True,False,True
0.503,0.235,0.143,-0.291,0.831,-0.459,True,False,False,False,False,False,False,True,False,False,False,True
-1.798,-0.341,-0.287,-0.291,-0.269,0.607,False,False,True,False,False,False,False,False,False,True,False,True
-1.589,-0.341,-0.287,-0.291,-0.269,0.607,False,False,False,False,False,False,False,False,False,True,False,True
-1.729,-0.341,-0.287,-0.291,-0.269,-0.334,False,False,False,False,False,False,False,False,True,False,False,True
-0.543,1.112,0.759,-0.154,-0.200,0.933,False,False,False,False,False,False,False,False,True,False,False,True
-1.450,-0.341,-0.287,-0.291,-0.269,0.607,False,False,True,False,False,False,False,False,False,True,False,True
0.433,-0.341,-0.287,-0.291,-0.269,-0.802,True,False,True,False,True,False,False,False,False,False,False,False
-0.752,-0.341,1.762,-0.291,0.033,-0.802,True,False,False,False,True,False,False,False,False,False,False,False
0.363,-0.083,0.500,-0.291,6.015,-0.457,False,False,False,False,False,False,False,True,False,False,False,True
1.130,-0.341,-0.287,-0.291,-0.269,-0.757,True,False,True,False,True,False,False,False,False,False,False,True
0.154,-0.341,0.477,-0.279,0.686,-0.757,True,False,False,False,True,False,False,False,False,False,False,True
-1.031,-0.295,0.187,-0.098,-0.269,1.120,False,False,False,False,False,False,False,False,True,False,False,False
-0.404,0.819,-0.284,-0.291,-0.269,0.593,False,False,False,False,False,False,False,False,False,True,False,False
2.246,-0.341,-0.287,-0.291,-0.269,-0.755,True,False,True,False,True,False,False,False,False,False,False,True
1.758,-0.341,4.728,-0.291,8.737,-0.755,True,False,False,True,True,False,False,False,False,False,False,True
-0.055,-0.341,-0.287,-0.291,-0.269,-0.840,True,False,True,False,False,False,True,False,False,False,False,True
1.200,-0.341,1.894,-0.291,4.622,-0.840,True,False,False,False,False,False,True,False,False,False,False,True
0.224,-0.151,0.261,-0.291,-0.268,0.939,False,False,False,False,False,False,False,False,True,False,False,True
1.409,-0.341,-0.287,-0.291,-0.269,0.611,False,False,True,False,False,False,False,False,False,True,False,True
-0.613,-0.341,-0.287,-0.291,-0.269,0.613,False,False,True,False,False,False,False,False,False,True,False,True
-0.264,0.354,-0.137,-0.291,-0.269,0.941,False,False,False,False,False,False,False,False,True,False,False,True
-0.683,-0.341,0.205,-0.291,-0.252,0.945,False,False,False,False,False,False,False,False,True,False,False,True
-0.055,-0.341,-0.287,-0.291,-0.269,0.615,False,False,True,False,False,False,False,False,False,True,False,True
2.734,-0.341,-0.287,1.333,-0.269,0.947,False,False,False,False,False,False,False,False,True,False,False,True
-0.892,-0.341,-0.287,-0.291,-0.269,0.595,False,False,True,False,False,False,False,False,False,True,False,False
-0.683,-0.341,-0.287,-0.291,-0.269,-0.482,False,True,True,False,False,False,False,True,False,False,False,False
1.409,-0.341,-0.287,-0.291,-0.269,-0.482,False,True,False,False,False,False,False,True,False,False,False,False
-0.962,1.009,-0.282,-0.291,-0.219,-0.482,False,True,False,False,False,False,False,True,False,False,False,False
-0.195,-0.341,-0.287,-0.291,-0.269,-0.482,False,True,True,False,False,False,False,True,False,False,False,False
-0.474,0.878,-0.287,0.342,-0.269,-0.482,False,True,False,False,False,False,False,True,False,False,False,False
-0.404,-0.341,-0.287,-0.291,-0.269,0.621,False,False,True,False,False,False,False,False,False,True,False,True
0.154,-0.341,-0.287,-0.291,-0.269,0.597,False,False,False,False,False,False,False,False,False,True,False,False
-0.125,-0.341,-0.287,-0.291,-0.269,0.599,False,False,True,False,False,False,False,False,False,True,False,False
-0.055,-0.341,0.000,-0.291,-0.269,0.601,False,False,True,False,False,False,False,False,False,True,False,False
-0.613,-0.269,-0.287,-0.291,2.123,1.124,False,False,False,False,False,False,False,False,True,False,False,False
0.991,-0.339,-0.282,-0.291,0.362,1.128,False,False,False,False,False,False,False,False,True,False,False,False
-0.474,-0.312,-0.282,-0.291,0.255,0.625,False,False,False,False,False,False,False,False,False,True,False,True
-0.125,-0.341,-0.287,-0.291,-0.269,-0.451,True,False,True,False,False,False,False,True,False,False,False,True
0.433,-0.341,-0.287,-0.291,-0.269,-0.751,True,False,True,False,True,False,False,False,False,False,False,True
0.572,-0.341,-0.287,-0.291,-0.269,-0.334,True,False,True,False,False,False,False,False,True,False,False,True
-0.334,-0.101,-0.287,2.377,-0.269,0.949,False,True,False,False,False,False,False,False,True,False,False,True
-0.752,3.908,-0.287,-0.262,-0.269,0.949,False,True,False,False,False,False,False,False,True,False,False,True
-0.962,0.634,-0.287,-0.215,-0.260,0.949,False,True,False,False,False,False,False,False,True,False,False,True
-0.055,2.553,-0.287,-0.291,-0.264,1.130,False,True,False,False,False,False,False,False,True,False,False,False
-0.334,-0.341,-0.214,3.281,-0.269,0.951,False,False,False,False,False,False,False,False,True,False,False,True
0.712,-0.341,-0.287,-0.291,-0.269,0.953,False,True,True,False,False,False,False,False,True,False,False,True
0.433,-0.341,0.000,-0.291,-0.000,-0.826,True,False,True,False,False,True,False,False,False,False,False,False
1.618,-0.341,0.606,-0.239,0.896,-0.826,True,False,False,False,False,True,False,False,False,False,False,False
1.340,-0.341,0.000,-0.291,1.035,-0.826,True,False,False,False,False,True,False,False,False,False,False,False
-0.125,0.163,0.288,-0.291,3.982,-0.824,True,False,False,False,False,True,False,False,False,False,False,False
1.479,-0.341,-0.223,-0.291,6.986,-0.824,True,False,False,False,False,True,False,False,False,False,False,False
-0.334,-0.256,-0.274,0.186,-0.269,0.603,False,False,False,False,False,False,False,False,False,True,False,False
-0.195,0.883,-0.287,-0.291,-0.234,0.629,False,False,False,False,False,False,False,False,False,True,False,True
-0.334,-0.015,-0.287,-0.291,0.040,1.134,False,False,False,False,False,False,False,False,True,False,False,False
-0.962,-0.341,-0.287,-0.291,-0.269,0.605,False,False,True,False,False,False,False,False,False,True,False,False
0.921,1.460,-0.263,-0.286,-0.269,1.136,False,False,False,False,False,False,False,False,True,False,False,False
1.549,-0.341,-0.287,-0.291,0.508,1.142,False,False,False,False,False,False,False,False,True,False,False,False
0.991,0.622,-0.254,-0.291,-0.269,-0.476,False,False,False,False,False,False,False,True,False,False,False,False
0.154,-0.341,-0.287,-0.291,-0.269,0.609,False,False,True,False,False,False,False,False,False,True,False,False
-1.031,-0.341,-0.287,-0.291,-0.269,0.631,False,False,True,False,False,False,False,False,False,True,False,True
0.154,-0.321,-0.287,-0.291,-0.269,0.955,False,False,False,False,False,False,False,False,True,False,False,True
0.294,-0.341,0.662,-0.282,-0.142,-1.037,True,False,False,False,False,False,False,False,False,False,False,True
-0.543,-0.341,0.024,-0.291,-0.243,0.611,False,False,False,False,False,False,False,False,False,True,False,False
-1.101,-0.256,0.783,-0.266,-0.249,0.613,False,False,False,False,False,False,False,False,False,True,False,False
0.015,0.093,0.055,0.000,-0.269,0.961,False,False,False,False,False,False,False,False,True,False,False,True
-0.474,-0.341,6.985,-0.291,-0.268,-0.749,True,False,False,False,True,False,False,False,False,False,False,True
-0.474,1.228,-0.287,0.151,-0.269,-0.473,False,True,False,False,False,False,False,True,False,False,False,False
-0.752,-0.341,-0.287,-0.291,-0.269,0.639,False,False,True,False,False,False,False,False,False,True,False,True
0.433,-0.341,-0.287,-0.291,-0.269,0.639,False,False,True,False,False,False,False,False,False,True,False,True
-0.613,-0.341,-0.287,-0.291,-0.269,0.639,False,False,True,False,False,False,False,False,False,True,False,True
-0.752,-0.341,-0.287,2.403,-0.269,-0.469,False,False,False,False,False,False,False,True,False,False,False,False
2.595,-0.341,-0.287,-0.291,-0.269,0.641,False,False,True,False,False,False,False,False,False,True,False,True
0.294,-0.341,-0.287,-0.291,-0.269,-0.747,False,False,True,False,True,False,False,False,False,False,False,True
1.340,-0.341,-0.287,-0.291,-0.269,-0.747,True,False,True,False,True,False,False,False,False,False,False,True
0.642,-0.341,0.464,-0.210,0.829,-0.747,True,False,False,False,True,False,False,False,False,False,False,True
2.316,-0.341,-0.287,-0.291,-0.269,-0.747,True,False,True,False,True,False,False,False,False,False,False,True
-0.683,-0.341,-0.287,-0.291,-0.269,0.619,False,False,True,False,False,False,False,False,False,True,False,False
1.061,3.096,-0.287,-0.112,-0.269,-0.334,False,True,False,False,False,False,False,False,True,False,False,True
-0.264,1.797,-0.210,-0.247,0.448,-0.822,False,True,False,False,False,False,True,False,False,False,False,False
-0.962,0.187,0.733,-0.291,-0.269,1.150,False,False,False,False,False,False,False,False,True,False,False,False
-0.613,-0.322,-0.176,1.567,-0.269,0.962,False,False,False,False,False,False,False,False,True,False,False,True
0.363,0.013,-0.287,-0.291,-0.131,1.152,False,False,False,False,False,False,False,False,True,False,False,False
-0.404,0.904,-0.287,1.154,-0.269,-0.467,False,True,False,False,False,False,False,True,False,False,False,False
1.130,-0.341,-0.287,3.613,-0.269,0.968,False,False,False,False,False,False,False,False,True,False,False,True
0.712,-0.341,-0.287,-0.291,-0.269,0.643,False,False,True,False,False,False,False,False,False,True,False,True
0.294,-0.341,-0.287,-0.291,-0.269,0.621,False,False,True,False,False,False,False,False,False,True,False,False
-1.031,-0.341,-0.287,0.253,0.000,0.970,False,False,False,False,False,False,False,False,True,False,False,True
-0.195,-0.071,-0.287,-0.286,0.352,0.645,False,False,False,False,False,False,False,False,False,True,False,True
1.270,-0.341,-0.287,-0.291,-0.269,0.647,False,False,True,False,False,False,False,False,False,True,False,True
-0.125,-0.341,-0.287,-0.291,-0.269,-0.836,False,True,True,False,False,False,True,False,False,False,False,True
-0.055,-0.341,-0.287,-0.291,-0.269,0.623,False,False,True,False,False,False,False,False,False,True,False,False
-0.474,-0.341,-0.287,0.000,-0.269,0.625,False,False,True,False,False,False,False,False,False,True,False,False
-0.822,-0.341,-0.287,-0.291,-0.269,0.649,False,False,True,False,False,False,False,False,False,True,False,True
-0.892,-0.341,-0.000,0.923,-0.269,0.974,False,False,False,False,False,False,False,False,True,False,False,True
-1.380,-0.341,-0.287,-0.291,-0.000,0.651,False,False,False,False,False,False,False,False,False,True,False,True
-0.962,-0.341,-0.287,1.338,-0.269,0.976,False,False,False,False,False,False,False,False,True,False,False,True
0.294,-0.341,2.455,-0.291,-0.269,-0.753,True,False,False,False,False,True,False,False,False,False,False,True
2.246,-0.341,-0.183,1.517,-0.255,0.978,False,False,False,False,False,False,False,False,True,False,False,True
-0.683,0.000,-0.287,-0.291,-0.124,1.158,False,False,False,False,False,False,False,False,True,False,False,False
2.246,-0.341,-0.287,-0.291,-0.269,-0.445,True,False,True,False,False,False,False,True,False,False,False,True
0.921,-0.341,-0.269,0.240,-0.229,0.629,False,False,False,False,False,False,False,False,False,True,False,False
-1.729,-0.341,-0.287,-0.291,-0.269,0.631,False,False,False,False,False,False,False,False,False,True,False,False
-1.171,-0.341,-0.287,-0.291,-0.269,0.631,False,False,False,False,False,False,False,False,False,True,False,False
-2.008,-0.341,-0.287,-0.291,-0.269,0.631,False,False,False,False,False,False,False,False,False,True,False,False
-0.683,-0.341,-0.287,-0.291,-0.269,0.631,False,False,True,False,False,False,False,False,False,True,False,False
-0.125,-0.341,-0.287,-0.291,-0.269,0.631,False,False,True,False,False,False,False,False,False,True,False,False
0.015,-0.341,-0.179,-0.291,0.750,0.980,False,False,False,False,False,False,False,False,True,False,False,True
2.107,-0.341,0.129,-0.291,-0.145,0.633,False,False,False,False,False,False,False,False,False,True,False,False
-0.613,-0.341,-0.287,-0.291,-0.269,0.653,False,False,True,False,False,False,False,False,False,True,False,True
2.874,0.251,-0.287,-0.291,0.188,0.635,False,False,False,False,False,False,False,False,False,True,False,False
-1.798,-0.341,-0.287,-0.291,-0.269,0.635,False,False,True,False,False,False,False,False,False,True,False,False
0.572,-0.341,-0.287,-0.291,-0.269,-0.745,True,False,True,False,True,False,False,False,False,False,False,True
2.037,-0.341,0.951,0.710,3.019,-0.745,True,False,False,False,True,False,False,False,False,False,False,True
1.061,-0.236,-0.287,-0.262,1.589,0.655,False,False,False,False,False,False,False,False,False,True,False,True
-0.334,-0.341,-0.287,-0.291,-0.269,-0.443,False,True,True,False,False,False,False,True,False,False,False,True
-0.613,-0.341,-0.287,-0.291,-0.269,0.637,False,False,True,False,False,False,False,False,False,True,False,False
-0.334,-0.104,-0.287,0.319,0.069,0.982,False,False,False,False,False,False,False,False,True,False,False,True
-0.125,-0.341,-0.287,0.000,-0.269,-0.798,True,False,True,False,True,False,False,False,False,False,False,False
-0.055,-0.341,-0.287,-0.291,-0.269,0.639,False,False,False,False,False,False,False,False,False,True,False,False
-0.334,-0.341,-0.151,-0.291,0.181,1.162,False,False,False,False,False,False,False,False,True,False,False,False
0.015,-0.341,-0.287,-0.291,-0.269,1.164,False,True,True,False,False,False,False,False,True,False,False,False
-0.264,2.735,-0.287,-0.291,-0.162,1.166,False,False,False,False,False,False,False,False,True,False,False,False
-0.613,-0.341,-0.287,-0.202,0.396,0.641,False,False,False,False,False,False,False,False,False,True,False,False
0.363,-0.341,0.807,-0.281,-0.236,0.643,False,False,False,False,False,False,False,False,False,True,False,False
-0.055,-0.341,-0.287,-0.291,-0.173,1.168,False,False,False,False,False,False,False,False,True,False,False,False
-0.125,-0.341,-0.287,-0.291,-0.269,-0.463,False,False,True,False,False,False,False,True,False,False,False,False
-0.404,-0.339,0.000,-0.289,0.276,1.170,False,False,False,False,False,False,False,False,True,False,False,False
0.712,-0.341,7.149,-0.269,-0.266,-0.751,True,False,False,False,False,True,False,False,False,False,False,True
0.433,-0.341,4.502,-0.291,0.353,-0.751,True,False,False,False,False,True,False,False,False,False,False,True
-0.752,-0.341,-0.287,-0.291,-0.269,0.657,False,False,True,False,False,False,False,False,False,True,False,True
-0.613,-0.341,-0.287,-0.291,-0.269,0.658,False,False,True,False,False,False,False,False,False,True,False,True
0.921,-0.341,-0.277,-0.291,6.342,-1.075,True,False,False,False,False,False,False,False,False,False,False,False
0.224,-0.234,0.192,0.921,0.876,-1.075,True,False,False,False,False,False,False,False,False,False,False,False
1.479,-0.254,-0.269,-0.291,0.298,0.986,False,False,False,False,False,False,False,False,True,False,False,True
-0.404,-0.341,-0.264,1.147,-0.268,0.660,False,False,False,False,False,False,False,False,False,True,False,True
-0.683,-0.341,0.000,-0.291,-0.146,0.662,False,False,False,False,False,False,False,False,False,True,False,True
0.015,0.743,-0.258,-0.291,-0.269,1.176,False,False,False,False,False,False,False,False,True,False,False,False
0.433,0.034,-0.014,0.478,1.482,-1.073,True,False,False,True,False,False,False,False,False,False,False,False
-0.752,-0.341,0.105,-0.291,0.045,-0.461,False,False,False,False,False,False,False,True,False,False,False,False
-0.334,-0.098,-0.275,-0.226,-0.268,0.647,False,False,False,False,False,False,False,False,False,True,False,False
-0.404,-0.207,-0.287,0.690,-0.269,0.664,False,False,False,False,False,False,False,False,False,True,False,True
1.549,0.481,-0.287,0.312,-0.269,1.180,False,False,False,False,False,False,False,False,True,False,False,False
0.921,0.325,-0.287,-0.291,-0.045,1.180,False,False,False,False,False,False,False,False,True,False,False,False
-0.683,-0.333,-0.287,-0.291,-0.269,1.180,False,False,False,False,False,False,False,False,True,False,False,False
-0.404,-0.341,-0.287,-0.291,-0.269,1.180,False,False,False,False,False,False,False,False,True,False,False,False
-0.683,-0.341,-0.287,-0.291,-0.269,1.180,False,False,True,False,False,False,False,False,True,False,False,False
-0.474,-0.101,-0.287,0.506,-0.246,1.180,False,False,False,False,False,False,False,False,True,False,False,False
-0.264,-0.322,-0.284,4.425,-0.269,-0.334,False,False,False,False,False,False,False,False,True,False,False,True
0.154,-0.324,-0.287,-0.291,0.719,1.180,False,False,False,False,False,False,False,False,True,False,False,False
-0.404,-0.341,-0.287,-0.291,-0.268,1.182,False,False,False,False,False,False,False,False,True,False,False,False
-0.474,-0.341,-0.287,-0.291,-0.269,0.666,False,False,True,False,False,False,False,False,False,True,False,True
1.828,-0.341,-0.287,-0.291,-0.269,-0.743,True,False,True,False,True,False,False,False,False,False,False,True
0.782,-0.341,-0.287,-0.197,0.298,0.992,False,False,False,False,False,False,False,False,True,False,False,True
-0.334,0.000,-0.287,-0.291,-0.099,0.992,False,False,False,False,False,False,False,False,True,False,False,True
-0.264,-0.341,-0.287,1.445,-0.268,0.994,False,False,False,False,False,False,False,False,True,False,False,True
0.921,-0.341,0.886,-0.291,-0.093,-0.820,True,False,False,False,False,True,False,False,False,False,False,False
0.294,-0.341,-0.287,-0.291,-0.269,0.670,False,False,True,False,False,False,False,False,False,True,False,True
1.758,-0.341,-0.287,-0.291,-0.269,-0.796,True,False,True,False,True,False,False,False,False,False,False,False
-0.474,-0.341,-0.287,-0.291,-0.269,-0.796,True,False,True,False,True,False,False,False,False,False,False,False
-0.474,-0.341,-0.287,-0.291,-0.269,-0.794,True,False,True,False,True,False,False,False,False,False,False,False
-0.683,-0.341,-0.287,-0.291,-0.269,-0.794,True,False,True,False,True,False,False,False,False,False,False,False
1.270,-0.341,0.257,-0.291,-0.000,0.672,False,False,False,False,False,False,False,False,False,True,False,True
-0.404,0.584,0.251,-0.165,-0.269,1.186,False,True,False,False,False,False,False,False,True,False,False,False
2.246,-0.341,-0.287,-0.291,-0.269,-0.749,True,False,True,False,False,True,False,False,False,False,False,True
-0.543,-0.341,-0.207,0.059,0.069,0.998,False,False,False,False,False,False,False,False,True,False,False,True
1.200,0.507,-0.272,0.000,0.406,1.189,False,False,False,False,False,False,False,False,True,False,False,False
0.503,-0.341,-0.287,-0.291,0.531,0.651,False,False,False,False,False,False,False,False,False,True,False,False
-0.962,-0.341,0.156,-0.291,-0.269,0.674,False,False,False,False,False,False,False,False,False,True,False,True
0.294,3.044,3.732,0.000,-0.028,-0.792,True,False,False,False,True,False,False,False,False,False,False,False
0.433,-0.341,-0.287,-0.291,-0.269,-0.792,True,False,True,False,True,False,False,False,False,False,False,False
-0.543,-0.341,-0.287,-0.291,-0.269,-0.792,True,False,True,False,True,False,False,False,False,False,False,False
-0.543,-0.341,-0.287,-0.291,0.255,1.191,False,False,False,False,False,False,False,False,True,False,False,False
0.991,-0.341,0.463,-0.291,-0.268,1.193,False,False,False,False,False,False,False,False,True,False,False,False
0.363,0.525,-0.287,-0.291,-0.269,1.002,False,False,False,False,False,False,False,False,True,False,False,True
1.270,-0.319,-0.285,-0.291,-0.269,0.655,False,False,False,False,False,False,False,False,False,True,False,False
-0.125,0.948,-0.287,0.849,-0.269,1.004,False,True,False,False,False,False,False,False,True,False,False,True
1.200,-0.341,0.383,1.291,0.447,-0.747,True,False,False,False,False,True,False,False,False,False,False,True
1.200,-0.063,-0.283,0.776,-0.265,0.680,False,False,False,False,False,False,False,False,False,True,False,True
0.782,-0.341,1.806,-0.291,-0.093,-0.790,True,False,False,False,True,False,False,False,False,False,False,False
2.107,-0.341,-0.287,-0.291,-0.269,-0.437,True,False,True,False,False,False,False,True,False,False,False,True
1.130,-0.341,0.467,-0.041,2.713,-0.818,True,False,False,False,False,False,True,False,False,False,False,False
-0.683,-0.341,-0.228,0.705,-0.269,1.006,False,False,False,False,False,False,False,False,True,False,False,True
0.224,9.920,-0.287,0.000,-0.268,1.008,False,True,False,False,False,False,False,False,True,False,False,True
0.712,-0.341,-0.287,-0.291,-0.269,1.010,False,False,True,False,False,False,False,False,True,False,False,True
0.782,0.661,-0.287,1.099,-0.264,1.197,False,False,False,False,False,False,False,False,True,False,False,False
1.061,0.895,-0.150,-0.254,-0.269,-0.832,False,True,False,False,False,False,True,False,False,False,False,True
-0.195,-0.341,-0.287,-0.291,-0.269,0.664,False,False,True,False,False,False,False,False,False,True,False,False
-0.474,0.439,-0.287,-0.287,0.245,1.012,False,False,False,False,False,False,False,False,True,False,False,True
-1.868,-0.341,-0.287,-0.291,-0.269,0.666,False,False,False,False,False,False,False,False,False,True,False,False
-0.752,-0.341,-0.285,-0.222,0.078,1.199,False,False,False,False,False,False,False,False,True,False,False,False
1.688,0.798,-0.287,0.000,-0.269,1.199,False,False,False,False,False,False,False,False,True,False,False,False
-0.474,-0.183,0.033,0.134,-0.265,1.201,False,False,False,False,False,False,False,False,True,False,False,False
1.200,-0.341,-0.226,3.186,-0.269,1.201,False,False,False,False,False,False,False,False,True,False,False,False
-0.055,-0.341,-0.287,-0.291,-0.269,0.668,False,False,True,False,False,False,False,False,False,True,False,False
0.154,-0.341,0.647,-0.177,-0.269,-0.455,False,False,False,False,False,False,False,True,False,False,False,False
0.503,-0.339,2.258,-0.132,1.592,-1.071,True,False,False,False,False,False,False,False,False,False,False,False
1.200,-0.288,2.192,-0.291,-0.269,-1.071,True,False,False,False,False,False,False,False,False,False,False,False
-2.008,-0.341,-0.287,-0.291,-0.269,0.684,False,False,True,False,False,False,False,False,False,True,False,True
-1.798,-0.341,-0.287,-0.291,-0.269,0.684,False,False,False,False,False,False,False,False,False,True,False,True
-1.171,-0.341,-0.287,-0.291,-0.269,0.684,False,False,True,False,False,False,False,False,False,True,False,True
-1.868,-0.341,-0.287,-0.291,-0.269,0.684,False,False,True,False,False,False,False,False,False,True,False,True
0.851,-0.341,-0.287,-0.291,-0.269,0.684,False,False,True,False,False,False,False,False,False,True,False,True
-1.241,-0.341,-0.287,-0.291,-0.269,0.684,False,False,True,False,False,False,False,False,False,True,False,True
0.851,-0.341,-0.287,-0.291,-0.269,0.670,False,False,True,False,False,False,False,False,False,True,False,False
-0.822,0.437,-0.287,0.829,-0.269,-0.830,False,True,False,False,False,False,True,False,False,False,False,True
-0.543,-0.341,-0.287,-0.291,-0.269,-0.830,False,True,True,False,False,False,True,False,False,False,False,True
-0.543,-0.341,-0.287,-0.291,-0.269,-0.830,False,True,True,False,False,False,True,False,False,False,False,True
-0.125,-0.206,0.270,-0.205,-0.269,-0.830,False,True,False,False,False,False,True,False,False,False,False,True
1.758,-0.341,-0.287,-0.291,-0.269,-0.830,False,True,True,False,False,False,True,False,False,False,False,True
-0.962,3.159,-0.287,1.621,-0.260,-0.830,False,True,False,False,False,False,True,False,False,False,False,True
0.712,-0.341,-0.287,-0.291,-0.269,-0.830,False,True,True,False,False,False,True,False,False,False,False,True
0.154,-0.339,-0.287,-0.279,0.072,0.672,False,False,False,False,False,False,False,False,False,True,False,False
-0.055,-0.341,-0.287,-0.291,-0.269,1.016,False,True,True,False,False,False,False,False,True,False,False,True
-0.543,5.045,-0.284,-0.291,-0.267,0.674,False,False,False,False,False,False,False,False,False,True,False,False
0.015,-0.341,-0.287,-0.291,-0.269,-0.741,True,False,True,False,True,False,False,False,False,False,False,True
1.130,-0.171,-0.033,0.041,-0.269,1.018,False,False,False,False,False,False,False,False,True,False,False,True
1.061,-0.341,0.024,-0.125,4.686,-0.816,True,False,False,False,False,True,False,False,False,False,False,False
-1.171,-0.341,-0.287,-0.291,-0.269,0.676,False,False,True,False,False,False,False,False,False,True,False,False
-0.752,-0.341,-0.287,-0.291,-0.269,0.686,False,False,True,False,False,False,False,False,False,True,False,True
-0.613,-0.341,-0.287,-0.291,-0.269,0.678,False,False,True,False,False,False,False,False,False,True,False,False
0.991,-0.341,5.237,-0.291,-0.269,-0.786,True,False,False,False,True,False,False,False,False,False,False,False
1.200,-0.341,-0.287,-0.291,-0.269,-0.453,False,False,True,False,False,False,False,True,False,False,False,False
1.688,-0.341,-0.245,-0.291,-0.265,0.688,False,False,False,False,False,False,False,False,False,True,False,True
-0.543,0.601,-0.287,-0.291,-0.269,0.680,False,False,False,False,False,False,False,False,False,True,False,False
-0.404,-0.341,-0.274,-0.291,0.363,1.020,False,False,False,False,False,False,False,False,True,False,False,True
-1.380,-0.341,-0.287,-0.291,-0.269,-0.334,False,False,False,False,False,False,False,False,True,False,False,True
-0.683,0.487,-0.280,-0.291,-0.077,1.203,False,False,False,False,False,False,False,False,True,False,False,False
1.618,-0.341,-0.287,-0.291,-0.269,0.690,False,False,True,False,False,False,False,False,False,True,False,True
0.154,-0.341,-0.287,-0.291,-0.269,-0.739,True,False,True,False,True,False,False,False,False,False,False,True
2.316,0.813,-0.278,-0.291,-0.000,1.022,False,False,False,False,False,False,False,False,True,False,False,True
-0.125,-0.341,-0.287,-0.291,-0.269,-0.745,True,False,True,False,False,True,False,False,False,False,False,True
-0.404,-0.341,-0.287,-0.291,-0.269,0.690,False,False,True,False,False,False,False,False,False,True,False,False
-0.055,-0.341,-0.287,-0.291,-0.269,-0.743,True,False,True,False,False,True,False,False,False,False,False,True
-0.125,-0.341,-0.287,-0.291,-0.269,-0.743,True,False,True,False,False,True,False,False,False,False,False,True
2.037,-0.341,-0.287,-0.291,-0.269,0.692,False,False,True,False,False,False,False,False,False,True,False,True
-0.334,-0.341,-0.268,1.107,-0.269,-0.449,False,False,False,False,False,False,False,True,False,False,False,False
-0.125,-0.115,-0.287,1.199,-0.269,-0.435,False,True,False,True,False,False,False,True,False,False,False,True
0.294,-0.286,-0.287,-0.291,-0.269,1.024,False,False,False,False,False,False,False,False,True,False,False,True
-0.055,0.007,0.190,-0.291,-0.264,-0.433,False,False,False,False,False,False,False,True,False,False,False,True
0.712,-0.341,-0.287,-0.291,0.705,1.207,False,False,False,False,False,False,False,False,True,False,False,False
-0.125,-0.341,-0.287,-0.291,-0.040,-0.447,False,False,False,False,False,False,False,True,False,False,False,False
0.503,-0.341,-0.240,-0.113,1.410,1.028,False,False,False,False,False,False,False,False,True,False,False,True
2.455,-0.341,0.103,2.768,-0.269,1.209,False,False,False,False,False,False,False,False,True,False,False,False
0.851,-0.341,-0.287,0.859,-0.212,0.696,False,False,False,False,False,False,False,False,False,True,False,False
-0.125,-0.341,-0.287,-0.291,-0.269,-0.784,True,False,True,False,True,False,False,False,False,False,False,False
-0.125,-0.341,-0.287,-0.291,-0.269,-0.784,True,False,True,False,True,False,False,False,False,False,False,False
-0.125,-0.341,-0.286,-0.184,3.112,-0.431,True,False,False,False,False,False,False,True,False,False,False,True
-0.474,0.392,-0.287,-0.291,-0.250,0.694,False,False,False,False,False,False,False,False,False,True,False,True
-0.404,-0.341,-0.001,4.102,-0.262,-0.445,False,False,False,False,False,False,False,True,False,False,False,False
0.782,-0.330,-0.287,-0.281,-0.191,1.030,False,True,False,False,False,False,False,False,True,False,False,True
-1.868,-0.341,-0.287,-0.291,-0.269,1.030,False,True,True,False,False,False,False,False,True,False,False,True
-2.008,-0.341,-0.287,-0.291,-0.269,1.030,False,True,False,False,False,False,False,False,True,False,False,True
-0.125,-0.341,0.825,-0.291,-0.258,0.696,False,False,False,False,False,False,False,False,False,True,False,True
-2.008,-0.341,-0.287,-0.291,-0.269,0.698,False,False,False,False,False,False,False,False,False,True,False,False
-0.822,-0.341,0.068,-0.261,-0.269,1.211,False,False,False,False,False,False,False,False,True,False,False,False
1.130,0.000,-0.287,-0.291,-0.248,1.215,False,False,False,False,False,False,False,False,True,False,False,False
2.316,-0.183,-0.254,0.034,-0.269,-0.429,False,False,False,False,False,False,False,True,False,False,False,True
-1.031,-0.341,-0.287,-0.291,-0.269,0.702,False,False,True,False,False,False,False,False,False,True,False,True
-0.334,-0.341,0.571,1.129,-0.269,1.034,False,False,False,False,False,False,False,False,True,False,False,True
1.549,-0.341,-0.287,-0.291,-0.269,0.704,False,False,True,False,False,False,False,False,False,True,False,True
1.409,-0.310,-0.287,-0.291,-0.269,-0.425,False,False,False,False,False,False,False,True,False,False,False,True
1.618,1.727,-0.205,0.452,-0.269,-0.814,False,True,False,False,False,False,True,False,False,False,False,False
0.433,-0.341,-0.287,-0.291,-0.269,1.217,False,True,True,False,False,False,False,False,True,False,False,False
-0.474,-0.341,-0.287,-0.291,-0.269,1.217,False,True,True,False,False,False,False,False,True,False,False,False
-0.822,-0.341,-0.287,2.307,-0.000,1.036,False,False,False,False,False,False,False,False,True,False,False,True
1.270,-0.341,-0.287,-0.291,-0.269,-0.735,True,False,True,False,True,False,False,False,False,False,False,True
-0.264,-0.341,-0.287,-0.291,-0.269,1.037,False,True,True,False,False,False,False,False,True,False,False,True
-1.241,-0.341,-0.287,-0.291,-0.269,0.704,False,False,True,False,False,False,False,False,False,True,False,False
-0.822,-0.313,-0.281,-0.169,0.657,1.219,False,False,False,False,False,False,False,False,True,False,False,False
0.851,-0.328,0.046,-0.291,-0.181,1.039,False,False,False,False,False,False,False,False,True,False,False,True
1.828,-0.341,-0.287,-0.291,0.533,1.039,False,False,False,False,False,False,False,False,True,False,False,True
0.015,-0.341,1.215,-0.279,-0.264,1.039,False,False,False,False,False,False,False,False,True,False,False,True
-0.683,-0.341,-0.287,-0.291,-0.269,0.706,False,False,False,False,False,False,False,False,False,True,False,True
-0.404,-0.341,-0.287,-0.291,-0.269,0.706,False,False,True,False,False,False,False,False,False,True,False,True
0.224,6.508,0.286,-0.291,-0.269,0.706,False,False,False,False,False,False,False,False,False,True,False,True
-0.125,-0.341,-0.287,-0.291,1.335,0.706,False,False,False,False,False,False,False,False,False,True,False,True
-0.264,-0.341,-0.287,1.202,-0.269,0.706,False,False,False,False,False,False,False,False,False,True,False,True
-0.334,-0.325,-0.257,0.000,-0.260,1.223,False,True,False,False,False,False,False,False,True,False,False,False
0.084,-0.341,-0.287,-0.291,-0.269,-0.441,False,True,True,False,False,False,False,True,False,False,False,False
1.479,0.843,-0.286,-0.291,-0.269,-0.439,False,False,False,False,False,False,False,True,False,False,False,False
1.549,-0.036,0.073,-0.224,-0.259,1.225,False,False,False,False,False,False,False,False,True,False,False,False
-0.125,1.677,-0.287,-0.291,-0.269,1.227,False,True,False,False,False,False,False,False,True,False,False,False
0.433,0.796,-0.287,-0.291,0.671,1.227,False,True,False,False,False,False,False,False,True,False,False,False
1.340,-0.341,-0.287,1.032,0.871,0.706,False,False,False,False,False,False,False,False,False,True,False,False
-0.125,-0.341,-0.287,-0.291,-0.269,0.708,False,False,True,False,False,False,False,False,False,True,False,True
-0.683,-0.341,-0.287,-0.291,-0.269,0.708,False,False,True,False,False,False,False,False,False,True,False,False
-0.752,-0.341,-0.287,-0.291,-0.269,0.712,False,False,True,False,False,False,False,False,False,True,False,True
-0.264,-0.341,-0.287,-0.291,-0.269,-0.741,True,False,False,False,False,True,False,False,False,False,False,True
0.851,-0.341,-0.287,-0.291,-0.269,0.714,False,False,True,False,False,False,False,False,False,True,False,True
2.316,-0.341,0.000,-0.291,-0.269,1.231,False,True,True,False,False,False,False,False,True,False,False,False
0.084,-0.341,-0.287,-0.291,-0.269,1.231,False,True,True,False,False,False,False,False,True,False,False,False
-1.589,-0.341,-0.287,-0.291,-0.269,1.231,False,True,True,False,False,False,False,False,True,False,False,False
-0.962,-0.341,-0.262,-0.291,0.471,1.233,False,False,False,False,False,False,False,False,True,False,False,False
0.363,-0.095,-0.287,0.864,-0.269,-0.828,False,True,False,False,False,False,True,False,False,False,False,True
0.363,-0.003,-0.287,-0.269,-0.233,-0.435,False,False,False,False,False,False,False,True,False,False,False,False
-0.404,-0.316,0.144,-0.289,-0.269,0.716,False,False,False,False,False,False,False,False,False,True,False,True
1.549,-0.341,-0.287,0.056,-0.038,0.712,False,False,False,False,False,False,False,False,False,True,False,False
2.386,-0.341,-0.287,-0.291,-0.269,0.718,False,False,True,False,False,False,False,False,False,True,False,True
0.921,-0.213,-0.041,0.211,-0.269,1.045,False,False,False,False,False,False,False,False,True,False,False,True
-0.683,-0.341,0.162,-0.291,-0.269,1.047,False,False,False,False,False,False,False,False,True,False,False,True
-1.659,-0.341,-0.287,-0.291,-0.269,0.720,False,False,True,False,False,False,False,False,False,True,False,True
-1.868,-0.341,-0.287,-0.291,-0.269,0.720,False,False,True,False,False,False,False,False,False,True,False,True
-0.962,-0.341,-0.287,-0.291,-0.269,0.724,False,False,True,False,False,False,False,False,False,True,False,True
0.503,-0.341,-0.284,-0.291,0.973,-0.812,True,False,False,False,False,False,True,False,False,False,False,False
0.224,-0.341,-0.287,-0.226,0.392,-0.423,False,False,False,False,False,False,False,True,False,False,False,True
-0.683,-0.338,-0.285,0.462,-0.269,-0.421,False,False,False,False,False,False,False,True,False,False,False,True
-0.195,-0.341,1.235,-0.266,-0.269,-1.069,True,False,False,False,False,False,False,False,False,False,False,False
0.294,-0.268,-0.228,0.975,-0.269,1.237,False,False,False,False,False,False,False,False,True,False,False,False
0.642,-0.341,-0.287,-0.291,-0.269,0.716,False,False,True,False,False,False,False,False,False,True,False,False
-0.474,-0.341,-0.287,1.147,-0.269,1.239,False,False,False,False,False,False,False,False,True,False,False,False
0.224,-0.341,-0.287,-0.291,-0.269,0.718,False,False,False,False,False,False,False,False,False,True,False,False
0.084,-0.341,-0.287,-0.291,-0.269,1.051,False,True,True,False,False,False,False,False,True,False,False,True
1.549,-0.110,-0.253,-0.249,-0.014,1.241,False,False,False,False,False,False,False,False,True,False,False,False
0.015,-0.341,0.744,-0.291,3.067,-0.731,True,False,False,False,True,False,False,False,False,False,False,True
-0.892,-0.341,0.968,-0.291,-0.208,-0.731,True,False,False,False,True,False,False,False,False,False,False,True
0.224,-0.341,-0.287,-0.291,3.929,-0.731,True,False,False,False,True,False,False,False,False,False,False,True
-0.334,-0.341,1.231,-0.291,1.761,-0.780,True,False,False,False,True,False,False,False,False,False,False,False
-0.404,-0.341,-0.219,-0.291,-0.247,-0.780,True,False,False,False,True,False,False,False,False,False,False,False
1.200,-0.341,-0.287,-0.291,-0.269,-0.780,True,False,True,False,True,False,False,False,False,False,False,False
1.409,-0.341,0.505,-0.291,-0.177,-0.780,True,False,False,False,True,False,False,False,False,False,False,False
-0.822,-0.341,-0.287,-0.291,-0.269,-0.780,True,False,True,False,True,False,False,False,False,False,False,False
0.433,-0.335,2.132,0.252,0.062,-0.780,True,False,False,False,True,False,False,False,False,False,False,False
0.991,-0.341,0.783,-0.291,1.545,-0.780,True,False,False,False,True,False,False,False,False,False,False,False
-0.613,-0.115,-0.272,0.645,-0.240,-0.433,False,False,False,False,False,False,False,True,False,False,False,False
-0.334,-0.341,-0.287,-0.291,-0.269,-0.729,True,False,True,False,True,False,False,False,False,False,False,True
-0.055,-0.341,0.349,-0.291,0.187,-0.729,True,False,False,False,True,False,False,False,False,False,False,True
-0.683,-0.341,-0.287,-0.291,-0.269,-0.729,True,False,True,False,True,False,False,False,False,False,False,True
0.712,-0.341,-0.287,-0.291,-0.118,-1.067,True,False,False,False,False,False,False,False,False,False,False,False
0.363,2.004,0.017,-0.128,-0.269,1.055,False,True,False,False,False,False,False,False,True,False,False,True
0.015,-0.206,0.795,0.000,-0.266,0.722,False,False,False,False,False,False,False,False,False,True,False,False
-1.031,-0.341,-0.287,-0.204,-0.000,-0.419,False,False,False,False,False,False,False,True,False,False,False,True
-0.125,-0.341,-0.287,-0.291,-0.269,0.732,False,False,True,False,False,False,False,False,False,True,False,True
0.084,0.611,-0.287,0.620,-0.158,-0.417,False,False,False,False,False,False,False,True,False,False,False,True
-0.125,-0.231,0.286,-0.291,-0.263,-0.415,False,False,False,False,False,False,False,True,False,False,False,True
0.224,-0.341,-0.287,-0.291,-0.269,0.735,False,False,True,False,False,False,False,False,False,True,False,True
-1.519,-0.341,-0.287,-0.291,-0.269,0.737,False,False,True,False,False,False,False,False,False,True,False,True
0.363,-0.341,-0.287,-0.291,-0.269,0.737,False,False,True,False,False,False,False,False,False,True,False,True
1.270,-0.094,-0.286,-0.272,-0.269,0.737,False,False,False,False,False,False,False,False,False,True,False,True
-0.683,0.114,-0.284,0.784,-0.269,-0.413,False,True,False,False,False,False,False,True,False,False,False,True
1.618,-0.341,-0.287,-0.291,-0.269,-0.411,True,False,True,False,False,False,False,True,False,False,False,True
-0.683,0.808,-0.021,-0.291,-0.269,-0.822,False,True,False,False,False,False,True,False,False,False,False,True
-0.752,-0.341,-0.287,-0.291,-0.269,1.057,False,True,True,False,False,False,False,False,True,False,False,True
0.224,0.000,-0.284,-0.291,-0.269,-0.431,False,False,False,False,False,False,False,True,False,False,False,False
-0.543,0.301,-0.287,-0.003,-0.000,1.059,False,False,False,False,False,False,False,False,True,False,False,True
-0.474,-0.341,-0.287,-0.291,-0.269,1.061,False,True,False,False,False,False,False,False,True,False,False,True
-1.101,-0.103,-0.287,1.716,-0.257,-0.407,False,True,False,False,False,False,False,True,False,False,False,True
-0.264,2.832,-0.287,-0.281,-0.269,-0.405,False,True,False,False,False,False,False,True,False,False,False,True
0.294,0.927,-0.287,-0.031,-0.269,-0.403,False,True,False,False,False,False,False,True,False,False,False,True
-0.125,1.750,-0.287,0.402,0.441,1.063,False,True,False,False,False,False,False,False,True,False,False,True
-0.543,-0.322,-0.287,-0.291,-0.269,-0.429,False,False,False,False,False,False,False,True,False,False,False,False
-0.822,-0.341,-0.287,-0.291,-0.269,-0.777,True,False,True,False,True,False,False,False,False,False,False,False
-0.962,-0.341,-0.287,-0.291,-0.269,-0.777,True,False,True,False,True,False,False,False,False,False,False,False
2.037,-0.338,2.135,-0.291,-0.205,-0.777,True,False,False,True,True,False,False,False,False,False,False,False
0.015,-0.339,1.475,-0.128,0.814,-0.820,True,False,False,False,False,False,True,False,False,False,False,True
0.363,-0.341,-0.287,-0.291,-0.269,-0.820,True,False,True,False,False,False,True,False,False,False,False,True
-0.055,-0.341,2.711,2.657,-0.051,-0.739,True,False,False,False,False,True,False,False,False,False,False,True
0.015,4.533,0.472,-0.284,0.099,-0.739,True,False,False,False,False,True,False,False,False,False,False,True
-0.264,-0.341,-0.287,-0.291,-0.269,-0.739,True,False,True,False,False,True,False,False,False,False,False,True
-0.404,-0.171,0.455,-0.051,0.247,1.247,False,True,False,False,False,False,False,False,True,False,False,False
-0.474,-0.341,-0.262,0.863,-0.199,0.726,False,False,False,False,False,False,False,False,False,True,False,False
0.642,0.000,-0.287,-0.291,-0.269,0.728,False,False,True,False,False,False,False,False,False,True,False,False
0.642,-0.341,0.204,-0.291,-0.269,0.728,False,False,False,False,False,False,False,False,False,True,False,False
-2.008,-0.341,-0.287,-0.291,-0.269,0.728,False,False,False,False,False,False,False,False,False,True,False,False
-0.125,-0.315,-0.287,-0.291,0.496,1.249,False,False,False,False,False,False,False,False,True,False,False,False
-2.008,-0.341,-0.287,-0.291,-0.269,0.741,False,False,True,False,False,False,False,False,False,True,False,True
0.572,-0.341,0.150,-0.291,-0.264,1.067,False,False,False,False,False,False,False,False,True,False,False,True
-1.868,-0.341,-0.287,-0.291,-0.269,0.741,False,False,False,False,False,False,False,False,False,True,False,True
0.782,-0.341,-0.287,-0.291,-0.269,-0.725,True,False,True,False,True,False,False,False,False,False,False,True
1.270,0.339,-0.287,1.201,-0.062,1.251,False,True,False,False,False,False,False,False,True,False,False,False
0.363,-0.341,-0.280,0.730,0.410,1.069,False,False,False,False,False,False,False,False,True,False,False,True
0.991,1.306,-0.285,0.047,-0.269,1.071,False,True,False,False,False,False,False,False,True,False,False,True
-0.543,-0.341,-0.287,-0.291,-0.269,-0.810,False,True,True,False,False,False,True,False,False,False,False,False
0.991,-0.341,-0.287,-0.291,-0.269,-0.427,True,False,True,False,False,False,False,True,False,False,False,False
0.294,4.343,-0.287,1.062,-0.269,-0.818,False,True,False,False,False,False,True,False,False,False,False,True
-0.055,-0.341,-0.287,-0.291,-0.269,-0.723,True,False,False,False,True,False,False,False,False,False,False,True
1.967,-0.037,-0.282,-0.291,21.027,-0.723,True,False,False,False,True,False,False,False,False,False,False,True
-0.125,-0.341,-0.287,-0.291,-0.269,-0.723,True,False,False,False,True,False,False,False,False,False,False,True
1.200,-0.341,1.757,0.983,-0.269,-0.723,True,False,False,False,True,False,False,False,False,False,False,True
-0.683,-0.341,0.000,-0.291,-0.261,-0.737,True,False,False,False,False,True,False,False,False,False,False,True
-0.125,0.328,-0.287,0.374,-0.269,1.073,False,True,False,False,False,False,False,False,True,False,False,True
-1.868,-0.341,-0.287,-0.291,-0.269,1.073,False,False,False,False,False,False,False,False,True,False,False,True
-2.008,-0.341,-0.287,-0.291,-0.269,1.073,False,True,False,False,False,False,False,False,True,False,False,True
-0.264,1.845,-0.287,-0.291,-0.258,1.257,False,True,False,True,False,False,False,False,True,False,False,False
1.270,-0.341,-0.287,-0.291,-0.269,1.257,False,True,True,False,False,False,False,False,True,False,False,False
0.642,1.491,-0.287,-0.269,-0.269,-0.808,False,True,False,False,False,False,True,False,False,False,False,False
-0.334,0.501,-0.287,0.744,-0.269,-0.425,False,True,False,False,False,False,False,True,False,False,False,False
-0.334,0.078,-0.287,-0.291,0.163,1.259,False,False,False,False,False,False,False,False,True,False,False,False
-0.264,-0.341,-0.287,-0.291,-0.269,-0.806,True,False,False,False,False,False,True,False,False,False,False,False
0.015,-0.341,-0.284,-0.281,-0.000,0.743,False,False,False,False,False,False,False,False,False,True,False,True
1.061,4.140,-0.287,-0.274,0.342,1.261,False,True,False,False,False,False,False,False,True,False,False,False
-0.613,-0.341,-0.287,0.000,-0.269,1.075,False,False,False,False,False,False,False,False,True,False,False,True
-0.404,-0.341,-0.287,-0.291,-0.269,0.745,False,False,True,False,False,False,False,False,False,True,False,True
-0.195,-0.341,5.760,-0.205,1.874,-0.735,True,False,False,False,False,True,False,False,False,False,False,True
-0.613,-0.341,-0.287,-0.291,-0.269,0.747,False,False,True,False,False,False,False,False,False,True,False,True
-0.125,-0.341,-0.287,-0.291,-0.269,-0.400,False,True,True,False,False,False,False,True,False,False,False,True
-0.404,-0.198,-0.205,-0.291,-0.265,1.263,False,False,False,False,False,False,False,False,True,False,False,False
0.294,-0.341,-0.287,-0.291,-0.269,0.732,False,False,True,False,False,False,False,False,False,True,False,False
0.084,0.382,-0.287,-0.277,0.016,0.751,False,False,False,False,False,False,False,False,False,True,False,True
0.224,-0.341,-0.222,-0.287,0.438,0.734,False,False,False,False,False,False,False,False,False,True,False,False
-0.683,0.843,-0.287,0.203,-0.269,-0.334,False,True,False,False,False,False,False,False,True,False,False,True
0.851,-0.339,-0.287,1.062,-0.269,-0.804,False,True,False,False,False,False,True,False,False,False,False,False
1.479,-0.341,-0.287,-0.291,-0.269,0.735,False,False,True,False,False,False,False,False,False,True,False,False
0.503,-0.327,-0.132,-0.291,-0.255,0.737,False,False,False,False,False,False,False,False,False,True,False,False
-0.543,-0.341,-0.287,-0.291,-0.269,1.079,False,True,True,False,False,False,False,False,True,False,False,True
1.130,1.201,2.136,-0.291,3.260,-0.802,True,False,False,True,False,False,True,False,False,False,False,False
-0.195,-0.341,-0.287,-0.291,-0.269,-0.802,True,False,True,False,False,False,True,False,False,False,False,False
1.061,-0.341,-0.287,0.000,-0.269,0.739,False,False,True,False,False,False,False,False,False,True,False,False
-0.334,-0.341,-0.242,0.742,-0.269,1.266,False,False,False,False,False,False,False,False,True,False,False,False
-0.962,-0.341,-0.287,-0.291,-0.269,0.755,False,False,True,False,False,False,False,False,False,True,False,True
2.037,-0.341,-0.287,-0.291,-0.253,1.268,False,False,False,False,False,False,False,False,True,False,False,False
-1.101,-0.298,-0.039,0.324,-0.269,-0.398,False,False,False,False,False,False,False,True,False,False,False,True
-0.683,-0.341,-0.287,-0.291,-0.269,-0.721,True,False,True,False,True,False,False,False,False,False,False,True
-0.264,-0.128,2.504,-0.291,1.540,-0.721,True,False,False,False,True,False,False,False,False,False,False,True
-0.334,0.748,-0.287,0.153,0.070,-0.421,False,False,False,False,False,False,False,True,False,False,False,False
-0.613,-0.336,-0.287,-0.291,-0.269,0.743,False,False,False,False,False,False,False,False,False,True,False,False
0.363,-0.341,-0.287,-0.291,-0.269,1.081,False,True,True,False,False,False,False,False,True,False,False,True
-1.101,-0.341,-0.287,-0.291,-0.269,1.081,False,True,True,False,False,False,False,False,True,False,False,True
-0.125,-0.341,0.239,-0.291,-0.265,1.083,False,False,False,False,False,False,False,False,True,False,False,True
0.712,-0.341,-0.287,-0.291,-0.269,0.745,False,False,True,False,False,False,False,False,False,True,False,False
-2.008,-0.341,-0.287,-0.291,-0.269,0.745,False,False,True,False,False,False,False,False,False,True,False,False
-1.310,-0.341,-0.287,-0.291,-0.269,0.745,False,False,False,False,False,False,False,False,False,True,False,False
-1.380,-0.341,-0.287,-0.291,-0.269,0.745,False,False,True,False,False,False,False,False,False,True,False,False
0.363,-0.341,0.320,0.166,-0.019,1.274,False,False,False,False,False,False,False,False,True,False,False,False
-1.241,-0.341,-0.287,-0.291,-0.269,0.745,False,False,False,False,False,False,False,False,False,True,False,False
-2.008,-0.341,-0.287,-0.291,-0.000,0.745,False,False,True,False,False,False,False,False,False,True,False,False
-0.334,-0.341,-0.287,-0.291,0.288,1.276,False,False,False,False,False,False,False,False,True,False,False,False
-0.892,-0.341,0.000,-0.291,-0.269,0.747,False,False,True,False,False,False,False,False,False,True,False,False
0.921,-0.341,-0.024,-0.291,-0.115,1.280,False,False,False,False,False,False,False,False,True,False,False,False
0.851,1.148,-0.247,0.345,-0.269,1.282,False,True,False,False,False,False,False,False,True,False,False,False
0.503,-0.341,0.859,14.872,-0.267,-0.719,True,False,False,False,True,False,False,False,False,False,False,True
-0.125,-0.341,0.842,-0.291,0.960,-1.065,True,False,False,False,False,False,False,False,False,False,False,False
0.224,-0.341,0.209,-0.291,0.909,-1.065,True,False,False,True,False,False,False,False,False,False,False,False
-1.241,-0.341,-0.287,-0.291,-0.269,-1.065,True,False,False,False,False,False,False,False,False,False,False,False
-0.195,-0.341,1.995,-0.291,-0.269,-0.334,True,False,False,True,False,False,False,False,True,False,False,True
-0.055,-0.341,4.054,-0.291,-0.229,-1.065,True,False,False,False,False,False,False,False,False,False,False,False
-0.264,-0.341,-0.268,-0.257,0.561,-0.396,False,False,False,False,False,False,False,True,False,False,False,True
-1.659,-0.341,-0.287,-0.291,-0.269,0.759,False,False,False,False,False,False,False,False,False,True,False,True
-0.125,-0.341,-0.287,-0.291,-0.269,0.759,False,False,True,False,False,False,False,False,False,True,False,True
-1.101,0.951,-0.195,-0.279,-0.268,0.759,False,False,False,False,False,False,False,False,False,True,False,True
0.084,-0.341,-0.287,-0.212,-0.265,0.759,False,False,False,False,False,False,False,False,False,True,False,True
-0.962,-0.341,-0.287,0.000,-0.269,0.759,False,False,True,False,False,False,False,False,False,True,False,True
-2.008,-0.341,-0.287,-0.291,-0.269,0.759,False,False,True,False,False,False,False,False,False,True,False,True
1.409,-0.341,0.000,-0.291,-0.269,0.759,False,False,False,False,False,False,False,False,False,True,False,True
1.618,-0.341,0.117,-0.291,0.080,1.085,False,False,False,False,False,False,False,False,True,False,False,True
-0.962,-0.341,-0.287,-0.291,-0.269,0.761,False,False,True,False,False,False,False,False,False,True,False,True
0.782,0.449,-0.285,-0.202,-0.145,-0.394,False,False,False,False,False,False,False,True,False,False,False,True
-2.008,-0.341,-0.287,-0.291,-0.269,0.761,False,False,True,False,False,False,False,False,False,True,False,True
0.224,-0.101,-0.287,-0.058,-0.269,-0.419,False,True,False,False,False,False,False,True,False,False,False,False
-0.962,-0.341,-0.287,-0.291,-0.269,1.284,False,True,True,False,False,False,False,False,True,False,False,False
-0.195,2.755,-0.287,3.705,-0.269,-0.417,False,True,False,False,False,False,False,True,False,False,False,False
0.154,-0.341,-0.287,-0.291,-0.269,-0.417,False,True,True,False,False,False,False,True,False,False,False,False
-1.450,-0.341,-0.287,-0.291,-0.269,-0.417,False,True,False,False,False,False,False,True,False,False,False,False
-0.752,-0.341,-0.287,-0.291,0.461,-0.415,False,False,False,False,False,False,False,True,False,False,False,False
-1.798,-0.341,-0.287,-0.291,-0.269,0.749,False,False,False,False,False,False,False,False,False,True,False,False
1.061,-0.341,0.521,1.758,1.208,-0.733,True,False,False,False,False,True,False,False,False,False,False,True
-0.962,-0.341,0.137,-0.291,2.542,-0.733,False,False,False,False,False,True,False,False,False,False,False,True
-0.125,-0.341,0.877,-0.291,0.249,-0.733,True,False,False,False,False,True,False,False,False,False,False,True
-0.474,3.317,-0.287,-0.202,-0.269,1.087,False,True,False,False,False,False,False,False,True,False,False,True
-1.868,-0.341,-0.287,-0.291,-0.269,0.763,False,False,False,False,False,False,False,False,False,True,False,True
0.224,-0.336,-0.287,-0.291,0.399,1.089,False,False,False,False,False,False,False,False,True,False,False,True
-0.892,0.880,-0.285,-0.291,-0.269,0.765,False,False,False,False,False,False,False,False,False,True,False,True
0.363,0.295,-0.287,-0.266,-0.269,1.286,False,True,False,False,False,False,False,False,True,False,False,False
0.224,2.609,-0.287,0.802,-0.269,1.288,False,True,False,False,False,False,False,False,True,False,False,False
-0.055,-0.341,-0.104,1.448,0.163,0.753,False,False,False,False,False,False,False,False,False,True,False,False
-0.125,-0.341,-0.274,-0.291,-0.265,-0.717,True,False,False,False,True,False,False,False,False,False,False,True
0.433,0.429,-0.287,-0.291,-0.055,0.767,False,False,False,False,False,False,False,False,False,True,False,True
-0.264,-0.341,-0.287,-0.291,-0.269,-0.334,False,True,True,False,False,False,False,False,True,False,False,True
-0.334,-0.071,-0.287,0.103,0.080,0.769,False,False,False,False,False,False,False,False,False,True,False,True
2.246,-0.341,-0.287,-0.291,-0.269,0.757,False,False,True,False,False,False,False,False,False,True,False,False
-0.055,-0.341,-0.287,-0.291,-0.269,1.095,False,True,True,False,False,False,False,False,True,False,False,True
0.015,-0.336,0.872,-0.291,1.189,-0.812,True,False,False,True,False,True,False,False,False,False,False,False
0.851,-0.341,-0.287,-0.291,-0.269,-0.812,True,False,True,False,False,True,False,False,False,False,False,False
-0.613,2.514,-0.287,0.000,-0.269,-0.812,True,False,False,False,False,True,False,False,False,False,False,False
-0.752,4.061,-0.284,-0.207,-0.261,1.296,False,True,False,False,False,False,False,False,True,False,False,False
-0.055,-0.328,-0.287,6.320,-0.261,0.761,False,False,False,False,False,False,False,False,False,True,False,False
-0.752,-0.291,-0.287,0.471,-0.227,1.099,False,False,False,False,False,False,False,False,True,False,False,True
0.294,0.116,-0.287,0.548,0.625,1.298,False,True,False,False,False,False,False,False,True,False,False,False
0.433,-0.341,-0.287,-0.291,-0.269,-0.411,False,True,False,False,False,False,False,True,False,False,False,False
2.734,-0.151,8.141,-0.291,-0.254,-0.810,True,False,False,False,False,True,False,False,False,False,False,False
-0.683,-0.336,0.205,-0.291,-0.269,-0.392,False,False,False,False,False,False,False,True,False,False,False,True
0.294,-0.341,-0.063,3.670,1.617,-0.731,True,False,False,False,False,True,False,False,False,False,False,True
1.828,12.001,-0.282,-0.291,-0.269,-0.731,True,False,False,False,False,True,False,False,False,False,False,True
-0.962,-0.341,-0.287,-0.291,-0.269,-0.731,True,False,False,False,False,True,False,False,False,False,False,True
-0.404,-0.341,-0.287,-0.291,1.250,0.765,False,False,False,False,False,False,False,False,False,True,False,False
-0.404,-0.341,0.166,-0.289,-0.269,1.101,False,False,False,False,False,False,False,False,True,False,False,True
-0.962,5.436,-0.287,-0.108,-0.269,-0.812,False,True,False,False,False,False,True,False,False,False,False,True
1.409,3.008,-0.261,-0.108,-0.269,-0.810,False,True,False,False,False,False,True,False,False,False,False,True
0.294,-0.278,-0.026,-0.291,0.003,0.771,False,False,False,False,False,False,False,False,False,True,False,True
-0.195,-0.341,-0.287,-0.291,-0.269,1.105,False,True,True,False,False,False,False,False,True,False,False,True
-0.195,-0.341,-0.287,-0.291,-0.269,-0.771,True,False,True,False,True,False,False,False,False,False,False,False
-0.752,-0.319,-0.286,-0.050,-0.269,0.773,False,False,False,False,False,False,False,False,False,True,False,True
-0.822,-0.341,0.000,-0.291,-0.269,0.767,False,False,True,False,False,False,False,False,False,True,False,False
0.712,0.655,-0.146,-0.291,-0.269,0.775,False,False,False,False,False,False,False,False,False,True,False,True
-1.450,-0.341,-0.287,-0.291,-0.269,0.771,False,False,False,False,False,False,False,False,False,True,False,False
1.200,-0.341,-0.287,1.162,-0.266,1.304,False,False,False,False,False,False,False,False,True,False,False,False
0.224,-0.341,2.332,-0.291,-0.264,-1.035,True,False,False,False,False,False,False,False,False,False,False,True
-0.683,0.576,-0.287,-0.251,-0.193,1.112,False,False,False,False,False,False,False,False,True,False,False,True
0.503,-0.341,-0.287,-0.291,-0.269,1.308,False,True,True,False,False,False,False,False,True,False,False,False
-0.055,-0.341,-0.287,-0.291,-0.269,0.773,False,False,True,False,False,False,False,False,False,True,False,False
0.712,-0.341,-0.269,0.196,0.196,1.310,False,False,False,False,False,False,False,False,True,False,False,False
-0.892,-0.341,-0.287,0.782,-0.243,1.114,False,False,False,False,False,False,False,False,True,False,False,True
-1.519,-0.341,-0.287,-0.291,-0.269,0.779,False,False,True,False,False,False,False,False,False,True,False,True
-1.938,-0.341,-0.287,-0.291,-0.269,0.779,False,False,False,False,False,False,False,False,False,True,False,True
0.084,-0.341,-0.287,-0.291,-0.269,-0.729,True,False,True,False,False,True,False,False,False,False,False,True
1.061,-0.341,-0.287,-0.291,-0.269,-0.729,True,False,True,False,False,True,False,False,False,False,False,True
-0.055,-0.341,-0.287,-0.291,-0.269,-0.729,True,False,True,False,False,True,False,False,False,False,False,True
0.015,5.062,-0.287,1.052,-0.269,-0.798,False,True,False,False,False,False,True,False,False,False,False,False
0.851,0.022,-0.287,1.464,-0.269,1.116,False,True,False,False,False,False,False,False,True,False,False,True
-1.101,1.356,-0.280,1.929,-0.269,1.116,False,True,False,False,False,False,False,False,True,False,False,True
-0.752,6.325,0.095,2.115,-0.269,1.116,False,True,False,False,False,False,False,False,True,False,False,True
-0.125,-0.341,-0.287,-0.291,-0.205,1.118,False,False,False,False,False,False,False,False,True,False,False,True
-0.195,-0.341,-0.287,-0.291,-0.269,0.781,False,False,True,False,False,False,False,False,False,True,False,True
-0.334,-0.321,-0.287,-0.287,-0.266,1.312,False,False,False,False,False,False,False,False,True,False,False,False
-0.195,-0.183,-0.287,-0.291,-0.078,1.122,False,False,False,False,False,False,False,False,True,False,False,True
-0.125,-0.341,-0.287,-0.291,-0.269,0.777,False,False,True,False,False,False,False,False,False,True,False,False
2.037,-0.341,0.347,-0.291,-0.251,-0.386,True,False,False,False,False,False,False,True,False,False,False,True
1.758,-0.341,-0.287,-0.291,-0.269,-0.727,True,False,True,False,False,True,False,False,False,False,False,True
-0.752,-0.341,-0.287,-0.291,0.194,1.316,False,False,False,False,False,False,False,False,True,False,False,False
-1.101,-0.028,-0.270,-0.291,0.286,1.124,False,False,False,False,False,False,False,False,True,False,False,True
-1.101,-0.341,-0.282,-0.291,4.715,-0.808,True,False,False,False,False,True,False,False,False,False,False,False
-0.055,-0.341,0.000,-0.291,-0.269,-0.808,True,False,True,False,False,True,False,False,False,False,False,False
1.967,-0.341,-0.287,-0.291,0.298,-0.409,False,False,False,False,False,False,False,True,False,False,False,False
0.224,-0.341,0.000,-0.291,-0.269,-1.063,True,False,True,False,False,False,False,False,False,False,False,False
0.224,-0.341,-0.287,-0.291,-0.269,-1.063,True,False,False,False,False,False,False,False,False,False,False,False
-0.543,-0.341,-0.287,-0.291,-0.269,-0.334,True,False,True,False,False,False,False,False,True,False,False,True
0.363,-0.341,-0.287,-0.291,-0.269,-1.063,True,False,True,False,False,False,False,False,False,False,False,False
0.294,-0.341,1.036,-0.291,-0.260,-1.063,True,False,False,False,False,False,False,False,False,False,False,False
0.503,-0.341,-0.287,-0.291,-0.269,1.318,False,True,True,False,False,False,False,False,True,False,False,False
1.479,0.437,-0.287,-0.291,-0.250,-0.407,False,True,False,False,False,False,False,True,False,False,False,False
-0.055,0.915,-0.287,-0.170,-0.269,1.126,False,True,False,False,False,False,False,False,True,False,False,True
1.897,0.689,0.419,-0.291,2.581,-0.715,True,False,False,False,True,False,False,False,False,False,False,True
0.921,1.412,-0.287,-0.289,-0.269,1.322,False,True,False,False,False,False,False,False,True,False,False,False
0.712,-0.341,-0.287,-0.291,-0.269,-0.405,False,True,True,False,False,False,False,True,False,False,False,False
-1.101,-0.341,0.453,-0.291,-0.269,1.130,False,False,False,False,False,False,False,False,True,False,False,True
-0.055,-0.341,2.588,-0.291,-0.238,-0.725,True,False,False,False,False,True,False,False,False,False,False,True
1.828,1.048,0.375,-0.291,0.254,-0.725,True,False,False,False,False,True,False,False,False,False,False,True
0.503,-0.341,-0.287,0.881,-0.269,1.324,False,False,False,False,False,False,False,False,True,False,False,False
-0.125,-0.341,-0.287,-0.291,-0.269,1.326,False,True,True,False,False,False,False,False,True,False,False,False
0.572,-0.341,-0.287,1.105,-0.262,0.779,False,False,False,False,False,False,False,False,False,True,False,False
1.479,-0.341,-0.287,-0.291,-0.269,-0.806,True,False,True,False,False,True,False,False,False,False,False,False
-0.125,0.495,0.613,-0.291,0.004,-0.380,True,False,False,False,False,False,False,True,False,False,False,True
-0.404,-0.341,-0.287,-0.291,-0.269,0.781,False,False,True,False,False,False,False,False,False,True,False,False
-0.892,-0.330,-0.287,0.230,0.334,1.330,False,False,False,False,False,False,False,False,True,False,False,False
0.294,-0.341,1.654,-0.291,-0.234,-0.804,True,False,False,True,False,True,False,False,False,False,False,False
1.200,-0.341,-0.287,0.000,-0.269,1.132,False,True,True,False,False,False,False,False,True,False,False,True
-0.195,-0.341,-0.287,-0.291,-0.269,0.783,False,False,True,False,False,False,False,False,False,True,False,True
-0.334,0.069,-0.287,0.603,-0.269,1.334,False,False,False,False,False,False,False,False,True,False,False,False
-0.195,-0.341,-0.287,-0.291,0.682,1.136,False,False,False,False,False,False,False,False,True,False,False,True
-1.868,-0.341,-0.287,-0.291,-0.269,0.785,False,False,False,False,False,False,False,False,False,True,False,True
0.294,0.352,-0.287,-0.291,0.124,1.138,False,False,False,False,False,False,False,False,True,False,False,True
0.224,-0.341,-0.287,-0.291,-0.269,0.785,False,False,True,False,False,False,False,False,False,True,False,True
-1.798,-0.341,-0.287,-0.291,-0.269,0.785,False,False,True,False,False,False,False,False,False,True,False,True
-1.868,-0.341,-0.287,-0.291,-0.269,0.785,False,False,True,False,False,False,False,False,False,True,False,True
-1.589,-0.341,-0.287,-0.291,-0.269,0.785,False,False,False,False,False,False,False,False,False,True,False,True
-0.125,0.017,0.151,0.265,-0.269,-0.376,False,True,False,False,False,False,False,True,False,False,False,True
-2.008,-0.341,-0.287,0.000,-0.269,-0.723,True,False,False,False,False,True,False,False,False,False,False,True
-1.729,-0.341,-0.287,-0.291,-0.269,-0.723,True,False,True,False,False,True,False,False,False,False,False,True
2.037,-0.341,0.386,0.000,0.603,-0.723,True,False,False,False,False,True,False,False,False,False,False,True
-0.474,-0.341,-0.287,-0.291,-0.269,-0.723,True,False,True,False,False,True,False,False,False,False,False,True
1.549,-0.341,-0.287,-0.291,-0.269,-0.723,True,False,True,False,False,True,False,False,False,False,False,True
0.572,-0.341,-0.287,-0.291,-0.269,-0.723,True,False,True,False,False,True,False,False,False,False,False,True
-0.822,-0.341,-0.275,-0.291,0.511,1.140,False,False,False,False,False,False,False,False,True,False,False,True
-0.543,-0.298,-0.287,-0.291,-0.269,-0.334,False,False,False,False,False,False,False,False,True,False,False,True
-0.125,-0.336,0.209,-0.291,-0.269,1.142,False,False,False,False,False,False,False,False,True,False,False,True
-0.125,4.931,-0.281,-0.291,1.834,-0.721,True,False,False,False,False,True,False,False,False,False,False,True
0.154,-0.341,-0.287,-0.291,-0.269,-0.769,True,False,False,False,True,False,False,False,False,False,False,False
0.991,-0.341,-0.287,-0.291,-0.269,1.144,False,True,True,False,False,False,False,False,True,False,False,True
-0.125,-0.341,-0.287,-0.291,-0.269,1.144,False,True,True,False,False,False,False,False,True,False,False,True
-0.962,2.209,-0.223,-0.291,-0.266,0.787,False,False,False,False,False,False,False,False,False,True,False,True
-0.752,-0.341,0.204,-0.277,-0.269,1.146,False,False,False,False,False,False,False,False,True,False,False,True
0.294,-0.341,0.000,-0.291,-0.269,-0.713,True,False,True,False,True,False,False,False,False,False,False,True
0.154,-0.341,-0.254,-0.291,0.628,-0.713,True,False,False,False,True,False,False,False,False,False,False,True
0.851,-0.341,-0.287,-0.291,-0.269,-0.711,True,False,True,False,True,False,False,False,False,False,False,True
-0.474,-0.339,-0.287,-0.274,-0.269,1.148,False,False,False,False,False,False,False,False,True,False,False,True
0.782,-0.341,-0.287,-0.291,-0.198,1.150,False,False,False,False,False,False,False,False,True,False,False,True
1.409,0.357,-0.233,-0.137,-0.269,-0.374,False,True,False,False,False,False,False,True,False,False,False,True
-1.031,-0.341,-0.287,-0.291,-0.269,0.789,False,False,True,False,False,False,False,False,False,True,False,True
-0.474,-0.341,-0.287,-0.289,-0.269,1.154,False,False,False,False,False,False,False,False,True,False,False,True
-0.474,-0.341,-0.267,-0.236,0.767,-0.370,False,False,False,False,False,False,False,True,False,False,False,True
-0.264,1.145,-0.287,-0.286,-0.269,-0.400,False,False,False,False,False,False,False,True,False,False,False,False
0.921,-0.341,-0.287,-0.291,-0.269,0.793,False,False,True,False,False,False,False,False,False,True,False,True
-0.892,-0.341,-0.287,-0.291,-0.269,0.795,False,False,True,False,False,False,False,False,False,True,False,True
-1.171,-0.341,-0.287,-0.291,-0.269,0.795,False,False,False,False,False,False,False,False,False,True,False,True
-0.752,0.238,-0.281,0.196,-0.261,0.797,False,False,False,False,False,False,False,False,False,True,False,True
0.294,-0.341,-0.286,0.000,0.443,0.793,False,False,False,False,False,False,False,False,False,True,False,False
-1.031,-0.333,-0.287,0.511,-0.261,-0.368,False,False,False,False,False,False,False,True,False,False,False,True
0.503,-0.341,-0.287,-0.291,-0.269,0.799,False,False,True,False,False,False,False,False,False,True,False,True
-0.404,-0.341,-0.287,0.000,-0.269,-0.767,True,False,True,False,True,False,False,False,False,False,False,False
-0.334,-0.341,0.013,-0.097,-0.236,1.338,False,False,False,False,False,False,False,False,True,False,False,False
-1.729,-0.341,-0.287,-0.291,-0.269,0.795,False,False,True,False,False,False,False,False,False,True,False,False
-0.125,-0.341,-0.287,-0.291,-0.269,0.795,False,False,True,False,False,False,False,False,False,True,False,False
-0.752,0.611,-0.287,-0.291,-0.137,0.797,False,False,False,False,False,False,False,False,False,True,False,False
-0.543,-0.341,-0.287,-0.291,-0.269,0.797,False,False,True,False,False,False,False,False,False,True,False,False
-0.125,-0.322,-0.287,-0.291,-0.269,0.797,False,False,False,False,False,False,False,False,False,True,False,False
0.363,-0.341,-0.287,-0.291,-0.269,1.339,False,True,True,False,False,False,False,False,True,False,False,False
-0.055,-0.341,-0.287,-0.291,-0.269,0.799,False,False,True,False,False,False,False,False,False,True,False,False
0.433,-0.341,0.000,-0.291,-0.269,-0.765,True,False,True,False,True,False,False,False,False,False,False,False
-0.892,-0.341,-0.287,-0.291,-0.269,0.801,False,False,True,False,False,False,False,False,False,True,False,True
0.503,-0.341,1.359,2.483,-0.268,-0.800,True,False,False,False,False,True,False,False,False,False,False,False
0.084,-0.341,0.000,-0.291,-0.269,0.801,False,False,True,False,False,False,False,False,False,True,False,False
-1.729,-0.341,-0.287,-0.291,-0.269,0.803,False,False,True,False,False,False,False,False,False,True,False,True
-0.683,-0.248,0.204,-0.107,-0.269,-0.396,False,True,False,True,False,False,False,True,False,False,False,False
-1.798,-0.341,-0.287,-0.291,-0.269,0.805,False,False,False,False,False,False,False,False,False,True,False,False
1.549,-0.341,-0.287,-0.291,-0.269,-1.061,True,False,True,False,False,False,False,False,False,False,False,False
-0.125,-0.341,-0.287,-0.291,-0.269,-1.061,True,False,True,False,False,False,False,False,False,False,False,False
1.130,-0.341,-0.287,-0.291,-0.269,-1.061,True,False,True,False,False,False,False,False,False,False,False,False
-0.752,-0.341,-0.287,-0.291,-0.269,-1.061,True,False,True,False,False,False,False,False,False,False,False,False
-0.404,-0.341,-0.208,0.384,-0.250,1.158,False,False,False,False,False,False,False,False,True,False,False,True
-0.962,1.239,-0.287,-0.231,-0.269,1.162,False,False,False,False,False,False,False,False,True,False,False,True
0.363,-0.341,-0.287,0.000,-0.269,-0.364,False,True,True,False,False,False,False,True,False,False,False,True
1.270,-0.333,0.357,-0.291,-0.269,-0.806,False,True,False,False,False,False,True,False,False,False,False,True
-0.125,-0.336,2.632,-0.291,-0.080,-0.707,True,False,False,False,True,False,False,False,False,False,False,True
-0.195,-0.341,-0.282,-0.291,1.537,-0.707,True,False,False,False,True,False,False,False,False,False,False,True
-0.264,2.730,2.804,-0.291,8.794,-0.707,True,False,False,False,True,False,False,False,False,False,False,True
0.363,-0.341,0.449,-0.291,0.738,-1.059,True,False,False,True,False,False,False,False,False,False,False,False
-0.125,-0.257,-0.287,-0.207,-0.268,-0.804,False,True,False,True,False,False,True,False,False,False,False,True
0.712,-0.341,-0.177,-0.219,-0.269,1.166,False,False,False,False,False,False,False,False,True,False,False,True
0.154,1.046,-0.287,1.907,-0.269,1.345,False,True,False,False,False,False,False,False,True,False,False,False
-1.729,0.000,-0.287,-0.291,-0.269,1.345,False,True,False,False,False,False,False,False,True,False,False,False
-0.683,-0.341,-0.287,-0.291,-0.269,-0.394,False,True,False,False,False,False,False,True,False,False,False,False
2.107,-0.341,-0.287,-0.291,-0.269,1.347,False,True,True,False,False,False,False,False,True,False,False,False
-0.683,2.700,-0.287,0.000,-0.269,-0.796,False,True,False,False,False,False,True,False,False,False,False,False
-0.264,0.050,-0.287,0.221,-0.248,1.349,False,False,False,False,False,False,False,False,True,False,False,False
-0.055,-0.341,0.220,-0.291,-0.205,-0.705,True,False,False,False,True,False,False,False,False,False,False,True
0.572,-0.341,-0.231,-0.291,-0.259,-0.705,True,False,False,False,True,False,False,False,False,False,False,True
0.991,-0.304,-0.287,1.663,-0.269,1.353,False,True,False,False,False,False,False,False,True,False,False,False
-0.752,0.304,0.201,-0.291,-0.204,1.168,False,False,False,False,False,False,False,False,True,False,False,True
0.503,2.089,-0.287,-0.287,-0.269,-0.362,False,False,False,False,False,False,False,True,False,False,False,True
-1.031,-0.233,-0.287,-0.291,-0.000,1.355,False,False,False,False,False,False,False,False,True,False,False,False
0.921,-0.341,-0.182,-0.291,0.138,1.357,False,False,False,False,False,False,False,False,True,False,False,False
0.015,-0.303,-0.287,-0.287,0.311,1.172,False,False,False,False,False,False,False,False,True,False,False,True
-0.404,2.230,-0.258,-0.154,-0.254,-0.392,False,True,False,False,False,False,False,True,False,False,False,False
-0.892,-0.341,-0.287,-0.190,1.463,1.174,False,False,False,False,False,False,False,False,True,False,False,True
-1.450,-0.341,-0.287,-0.291,-0.269,0.809,False,False,False,False,False,False,False,False,False,True,False,True
-0.613,-0.339,-0.287,-0.291,0.503,0.810,False,False,False,False,False,False,False,False,False,True,False,False
1.479,-0.039,-0.287,0.014,-0.000,1.176,False,False,False,False,False,False,False,False,True,False,False,True
0.642,-0.341,0.157,-0.226,-0.269,0.810,False,False,False,False,False,False,False,False,False,True,False,True
0.712,-0.341,-0.287,-0.291,-0.269,1.361,False,True,True,False,False,False,False,False,True,False,False,False
0.294,0.507,-0.287,-0.048,-0.269,-0.360,False,True,False,False,False,False,False,True,False,False,False,True
0.084,-0.341,-0.287,-0.291,-0.269,-0.702,True,False,True,False,True,False,False,False,False,False,False,True
0.782,0.116,-0.287,1.902,-0.000,1.363,False,True,False,True,False,False,False,False,True,False,False,False
-0.474,0.258,-0.287,-0.291,-0.159,1.180,False,False,False,False,False,False,False,False,True,False,False,True
1.618,-0.341,-0.287,-0.291,-0.269,1.182,False,True,True,False,False,False,False,False,True,False,False,True
-0.195,-0.341,-0.287,-0.291,-0.269,1.184,False,True,True,False,False,False,False,False,True,False,False,True
-0.683,2.758,-0.287,-0.269,-0.269,1.186,False,False,False,False,False,False,False,False,True,False,False,True
0.294,-0.331,-0.287,-0.291,0.569,1.188,False,False,False,False,False,False,False,False,True,False,False,True
0.294,-0.341,-0.287,-0.291,-0.269,0.816,False,False,True,False,False,False,False,False,False,True,False,True
-0.613,-0.341,-0.287,1.117,-0.269,0.818,False,False,False,False,False,False,False,False,False,True,False,True
-0.055,0.000,-0.287,-0.075,-0.000,1.189,False,True,False,False,False,False,False,False,True,False,False,True
-1.310,-0.341,-0.287,-0.291,-0.269,0.820,False,False,True,False,False,False,False,False,False,True,False,True
-0.404,-0.341,-0.287,1.229,-0.269,0.812,False,False,False,False,False,False,False,False,False,True,False,False
-0.055,0.000,-0.287,1.194,-0.269,0.822,False,False,False,False,False,False,False,False,False,True,False,True
-0.404,2.978,-0.287,-0.291,-0.269,1.191,False,False,False,False,False,False,False,False,True,False,False,True
1.758,0.614,-0.100,0.409,-0.269,1.193,False,True,False,False,False,False,False,False,True,False,False,True
1.967,0.217,-0.287,0.774,0.183,1.367,False,True,False,False,False,False,False,False,True,False,False,False
-0.334,0.777,-0.104,0.213,-0.269,1.367,False,True,False,False,False,False,False,False,True,False,False,False
0.572,-0.341,-0.287,-0.291,-0.269,-0.698,True,False,True,False,True,False,False,False,False,False,False,True
2.107,-0.341,-0.287,-0.291,-0.269,-0.698,True,False,True,False,True,False,False,False,False,False,False,True
1.688,-0.341,-0.287,-0.291,-0.269,0.814,False,False,True,False,False,False,False,False,False,True,False,False
-0.474,-0.341,-0.287,-0.291,-0.269,1.375,False,True,True,False,False,False,False,False,True,False,False,False
-0.752,-0.186,-0.285,0.021,-0.269,-0.792,False,False,False,False,False,False,True,False,False,False,False,False
-0.822,-0.341,-0.287,-0.291,-0.269,-0.757,True,False,True,False,True,False,False,False,False,False,False,False
-0.264,-0.341,0.763,-0.286,2.867,-0.757,False,False,False,False,True,False,False,False,False,False,False,False
-0.752,-0.177,-0.286,-0.272,0.331,1.377,False,False,False,False,False,False,False,False,True,False,False,False
-0.613,0.234,0.000,-0.242,-0.189,-0.334,False,False,False,False,False,False,False,False,True,False,False,True
-0.334,-0.341,1.394,-0.291,-0.229,1.381,False,False,False,False,False,False,False,False,True,False,False,False
0.294,-0.341,-0.287,-0.291,-0.269,1.195,False,True,True,False,False,False,False,False,True,False,False,True
0.363,-0.153,-0.287,-0.291,-0.269,1.383,False,False,False,False,False,False,False,False,True,False,False,False
-0.334,-0.341,-0.128,-0.269,0.152,1.383,False,False,False,False,False,False,False,False,True,False,False,False
0.572,-0.341,-0.287,-0.291,-0.269,-1.055,True,False,False,False,False,False,False,False,False,False,False,False
-0.404,0.705,-0.287,-0.291,1.139,-0.790,False,True,False,False,False,False,True,False,False,False,False,False
0.224,2.738,-0.287,-0.244,-0.269,-0.790,False,True,False,False,False,False,True,False,False,False,False,False
-1.101,-0.341,-0.287,-0.291,-0.269,1.197,False,True,True,False,False,False,False,False,True,False,False,True
-0.404,-0.341,-0.287,-0.291,-0.269,0.818,False,False,True,False,False,False,False,False,False,True,False,False
-0.404,-0.341,-0.287,-0.291,-0.269,0.824,False,False,True,False,False,False,False,False,False,True,False,True
-0.125,-0.136,1.659,-0.276,0.286,-1.031,True,False,False,False,False,False,False,False,False,False,False,True
1.270,-0.341,-0.287,-0.291,-0.269,0.820,False,False,True,False,False,False,False,False,False,True,False,False
0.642,-0.310,-0.287,0.966,-0.267,0.826,False,False,False,False,False,False,False,False,False,True,False,True
-0.055,-0.101,-0.287,-0.291,-0.269,1.201,False,True,False,False,False,False,False,False,True,False,False,True
-0.543,-0.341,-0.102,-0.287,1.093,1.203,False,False,False,False,False,False,False,False,True,False,False,True
-0.125,-0.338,-0.285,-0.135,0.208,1.203,False,False,False,False,False,False,False,False,True,False,False,True
2.455,-0.341,-0.287,-0.291,-0.269,-0.694,True,False,False,False,True,False,False,False,False,False,False,True
0.991,-0.338,3.055,-0.291,-0.269,-0.694,True,False,False,False,True,False,False,False,False,False,False,True
-0.543,-0.341,-0.287,-0.244,-0.029,0.832,False,False,False,False,False,False,False,False,False,True,False,True
0.503,-0.222,-0.282,-0.291,0.473,0.822,False,False,False,False,False,False,False,False,False,True,False,False
-0.474,-0.341,-0.287,-0.291,0.307,0.836,False,False,False,False,False,False,False,False,False,True,False,True
-0.334,-0.341,0.371,-0.289,-0.269,1.391,False,False,False,False,False,False,False,False,True,False,False,False
-0.543,-0.341,-0.287,-0.291,-0.269,-0.690,True,False,True,False,True,False,False,False,False,False,False,True
1.967,-0.341,0.596,-0.242,-0.269,0.824,False,False,False,False,False,False,False,False,False,True,False,False
1.200,-0.341,5.322,-0.291,-0.129,-0.798,True,False,False,False,False,True,False,False,False,False,False,False
0.921,-0.341,-0.287,-0.291,-0.269,1.395,False,True,True,False,False,False,False,False,True,False,False,False
-0.892,-0.315,0.000,-0.291,-0.116,1.397,False,False,False,False,False,False,False,False,True,False,False,False
0.782,-0.341,-0.178,-0.291,0.205,1.399,False,False,False,False,False,False,False,False,True,False,False,False
-1.798,-0.341,-0.287,-0.291,-0.269,0.826,False,False,False,False,False,False,False,False,False,True,False,False
-1.450,-0.341,-0.287,0.000,-0.269,0.826,False,False,False,False,False,False,False,False,False,True,False,False
-1.798,-0.341,-0.287,-0.291,-0.269,-0.334,False,False,True,False,False,False,False,False,True,False,False,True
0.433,2.189,-0.287,-0.279,-0.190,0.826,False,False,False,False,False,False,False,False,False,True,False,False
-1.171,-0.341,-0.287,-0.291,-0.000,0.826,False,False,False,False,False,False,False,False,False,True,False,False
-0.125,-0.341,-0.287,-0.291,-0.269,0.826,False,False,True,False,False,False,False,False,False,True,False,False
1.270,-0.341,1.108,2.342,-0.249,-0.796,True,False,False,True,False,True,False,False,False,False,False,False
-0.683,-0.341,-0.287,-0.291,-0.269,-0.688,True,False,True,False,True,False,False,False,False,False,False,True
1.200,5.141,0.066,-0.291,2.646,-0.688,True,False,False,False,True,False,False,False,False,False,False,True
-0.055,-0.341,-0.192,0.069,0.181,0.830,False,False,False,False,False,False,False,False,False,True,False,False
-1.659,-0.341,-0.287,-0.291,-0.269,0.842,False,False,False,False,False,False,False,False,False,True,False,True
-1.519,-0.341,-0.287,-0.291,-0.269,0.842,False,False,False,False,False,False,False,False,False,True,False,True
-1.798,-0.341,-0.287,-0.291,-0.269,0.842,False,False,True,False,False,False,False,False,False,True,False,True
-1.938,-0.341,-0.287,-0.291,-0.269,0.842,False,False,False,False,False,False,False,False,False,True,False,True
-1.519,-0.341,-0.287,-0.291,-0.000,0.842,False,False,False,False,False,False,False,False,False,True,False,True
2.176,-0.341,-0.168,-0.286,-0.243,-0.802,True,False,False,False,False,False,True,False,False,False,False,True
0.363,-0.331,0.263,-0.291,1.675,-0.802,False,False,False,False,False,False,True,False,False,False,False,True
-0.055,-0.341,0.000,-0.291,8.412,-0.715,True,False,False,False,False,True,False,False,False,False,False,True
2.455,-0.341,-0.089,-0.287,-0.269,-0.386,False,False,False,False,False,False,False,True,False,False,False,False
-1.101,1.021,-0.287,-0.291,-0.248,1.207,False,False,False,False,False,False,False,False,True,False,False,True
-0.962,-0.341,-0.287,-0.291,-0.269,0.832,False,False,True,False,False,False,False,False,False,True,False,False
2.525,0.354,-0.287,0.638,-0.269,0.834,False,False,False,False,False,False,False,False,False,True,False,False
1.688,-0.222,-0.234,1.147,-0.269,-0.352,False,True,False,False,False,False,False,True,False,False,False,True
2.037,-0.341,-0.287,-0.291,-0.269,-0.794,True,False,True,False,False,True,False,False,False,False,False,False
-0.683,-0.341,0.487,-0.291,-0.269,-0.794,True,False,False,False,False,True,False,False,False,False,False,False
-0.125,-0.341,-0.287,-0.291,-0.269,-0.794,True,False,True,False,False,True,False,False,False,False,False,False
-0.892,-0.341,-0.245,2.289,-0.269,-0.350,False,False,False,False,False,False,False,True,False,False,False,True
1.340,-0.336,2.277,-0.291,-0.139,-0.713,True,False,False,False,False,True,False,False,False,False,False,True
0.294,-0.338,2.687,-0.291,-0.269,-0.713,True,False,False,False,False,True,False,False,False,False,False,True
0.154,-0.312,0.032,-0.291,-0.113,-0.348,False,False,False,False,False,False,False,True,False,False,False,True
1.061,-0.341,-0.287,-0.291,-0.269,0.846,False,False,False,False,False,False,False,False,False,True,False,True
0.782,-0.339,-0.287,1.207,-0.269,0.846,False,False,False,False,False,False,False,False,False,True,False,True
0.363,-0.341,-0.287,-0.291,-0.269,0.848,False,False,True,False,False,False,False,False,False,True,False,True
-0.543,-0.341,0.052,-0.291,-0.269,1.209,False,False,False,False,False,False,False,False,True,False,False,True
-0.613,-0.341,-0.275,-0.289,-0.269,1.403,False,False,False,False,False,False,False,False,True,False,False,False
-1.380,-0.341,-0.287,-0.291,-0.269,1.405,False,True,True,False,False,False,False,False,True,False,False,False
0.294,0.000,-0.287,-0.291,-0.269,0.836,False,False,True,False,False,False,False,False,False,True,False,False
-1.868,-0.341,-0.287,-0.291,-0.269,0.836,False,False,True,False,False,False,False,False,False,True,False,False
1.688,0.610,-0.267,-0.291,-0.236,1.407,False,False,False,False,False,False,False,False,True,False,False,False
-2.008,-0.341,-0.287,-0.291,-0.269,0.836,False,False,False,False,False,False,False,False,False,True,False,False
0.642,-0.341,-0.287,-0.291,-0.269,0.850,False,False,True,False,False,False,False,False,False,True,False,True
-0.543,-0.341,-0.287,-0.291,-0.269,-0.709,True,False,True,False,False,True,False,False,False,False,False,True
0.154,-0.341,-0.287,-0.291,-0.269,0.852,False,False,True,False,False,False,False,False,False,True,False,True
-1.519,-0.341,-0.287,-0.291,-0.269,0.852,False,False,True,False,False,False,False,False,False,True,False,True
-1.171,-0.341,-0.287,-0.291,-0.269,0.852,False,False,False,False,False,False,False,False,False,True,False,True
-2.008,-0.341,-0.287,-0.291,-0.269,0.852,False,False,True,False,False,False,False,False,False,True,False,True
-0.822,-0.333,-0.287,1.914,-0.269,-0.346,False,False,False,False,False,False,False,True,False,False,False,True
1.828,-0.341,-0.136,-0.291,-0.266,1.211,False,False,False,False,False,False,False,False,True,False,False,True
-1.868,-0.341,-0.287,-0.291,-0.269,0.852,False,False,False,False,False,False,False,False,False,True,False,True
0.224,-0.313,-0.287,-0.291,-0.269,1.413,False,False,False,False,False,False,False,False,True,False,False,False
-0.892,-0.341,-0.287,0.871,-0.179,1.415,False,False,False,False,False,False,False,False,True,False,False,False
-2.008,-0.341,-0.287,-0.291,-0.269,0.840,False,False,False,False,False,False,False,False,False,True,False,False
0.015,-0.341,0.079,8.862,0.314,-0.792,True,False,False,False,False,True,False,False,False,False,False,False
-0.264,0.393,6.889,-0.291,4.564,-0.792,True,False,False,False,False,True,False,False,False,False,False,False
0.712,2.515,-0.287,2.111,0.145,-0.800,False,True,False,False,False,False,True,False,False,False,False,True
0.921,-0.341,-0.287,-0.291,-0.269,-0.342,False,True,True,False,False,False,False,True,False,False,False,True
-2.008,-0.341,-0.287,-0.291,-0.269,0.842,False,False,False,False,False,False,False,False,False,True,False,False
-1.031,-0.341,-0.287,-0.291,-0.269,0.842,False,False,True,False,False,False,False,False,False,True,False,False
0.015,3.029,-0.287,-0.291,-0.269,1.215,False,True,False,False,False,False,False,False,True,False,False,True
1.758,0.684,-0.287,0.096,-0.269,1.215,False,True,False,False,False,False,False,False,True,False,False,True
0.433,-0.341,-0.287,-0.291,-0.269,0.856,False,False,True,False,False,False,False,False,False,True,False,True
-0.125,-0.266,8.081,0.000,5.895,-0.707,True,False,False,False,False,True,False,False,False,False,False,True
-0.752,0.558,-0.287,0.560,-0.258,1.416,False,True,False,False,False,False,False,False,True,False,False,False
-1.031,-0.341,0.323,-0.291,-0.269,-0.382,False,False,False,False,False,False,False,True,False,False,False,False
1.688,-0.341,-0.287,-0.291,-0.269,-0.784,True,False,True,False,False,False,True,False,False,False,False,False
1.340,0.281,1.035,-0.291,-0.269,1.418,False,False,False,False,False,False,False,False,True,False,False,False
-0.543,-0.341,0.115,-0.291,-0.269,1.217,False,False,False,False,False,False,False,False,True,False,False,True
1.061,-0.341,-0.287,-0.291,0.081,1.420,False,False,False,False,False,False,False,False,True,False,False,False
-0.264,-0.180,-0.287,-0.291,0.547,1.219,False,False,False,False,False,False,False,False,True,False,False,True
-2.008,-0.341,-0.287,-0.291,-0.269,-1.029,True,False,False,False,False,False,False,False,False,False,False,True
-0.125,-0.341,-0.287,-0.291,-0.269,-1.029,True,False,True,False,False,False,False,False,False,False,False,True
0.782,-0.341,-0.287,-0.291,-0.269,-1.029,True,False,True,False,False,False,False,False,False,False,False,True
1.061,-0.341,0.032,-0.075,-0.269,0.858,False,False,False,False,False,False,False,False,False,True,False,True
0.503,-0.341,-0.287,-0.291,-0.269,-0.334,False,False,True,False,False,False,False,False,True,False,False,True
-1.798,-0.341,-0.287,-0.291,-0.269,0.848,False,False,True,False,False,False,False,False,False,True,False,False
-1.380,-0.341,-0.287,-0.291,-0.269,0.848,False,False,True,False,False,False,False,False,False,True,False,False
-1.938,-0.341,-0.287,0.000,-0.269,0.848,False,False,True,False,False,False,False,False,False,True,False,False
-0.822,-0.341,0.000,1.345,-0.265,-0.378,False,False,False,False,False,False,False,True,False,False,False,False
1.270,-0.341,-0.287,-0.291,-0.269,0.848,False,False,True,False,False,False,False,False,False,True,False,False
-0.125,-0.341,0.000,-0.291,-0.269,0.848,False,False,True,False,False,False,False,False,False,True,False,False
0.294,-0.341,-0.263,-0.291,2.526,-1.051,True,False,False,False,False,False,False,False,False,False,False,False
-0.892,-0.341,-0.287,-0.125,0.414,-0.340,False,False,False,False,False,False,False,True,False,False,False,True
0.084,2.630,-0.287,0.777,-0.269,1.221,False,True,False,True,False,False,False,False,True,False,False,True
-0.752,-0.168,-0.205,1.261,-0.269,1.221,False,True,False,False,False,False,False,False,True,False,False,True
-0.195,0.205,-0.282,-0.289,-0.106,0.862,False,False,False,False,False,False,False,False,False,True,False,True
-0.683,0.534,-0.181,-0.291,-0.269,1.424,False,False,False,False,False,False,False,False,True,False,False,False
-0.055,-0.341,-0.287,-0.291,-0.269,1.223,False,True,True,False,False,False,False,False,True,False,False,True
0.433,0.960,-0.281,-0.264,-0.269,0.850,False,False,False,False,False,False,False,False,False,True,False,False
0.782,0.831,2.052,-0.219,-0.269,-0.751,True,False,False,False,True,False,False,False,False,False,False,False
-0.195,-0.341,1.092,-0.291,0.021,-0.751,True,False,False,True,True,False,False,False,False,False,False,False
1.130,-0.341,1.720,-0.291,-0.127,-0.751,True,False,False,False,True,False,False,False,False,False,False,False
-0.752,0.000,-0.287,-0.291,-0.269,-0.751,True,False,True,False,True,False,False,False,False,False,False,False
1.758,0.874,-0.284,-0.291,-0.269,1.426,False,False,False,False,False,False,False,False,True,False,False,False
-1.101,1.394,-0.287,-0.281,-0.269,1.428,False,False,False,False,False,False,False,False,True,False,False,False
-0.195,-0.341,-0.287,-0.291,-0.269,1.225,False,True,True,False,False,False,False,False,True,False,False,True
-0.892,-0.341,-0.287,-0.291,-0.269,0.864,False,False,True,False,False,False,False,False,False,True,False,True
0.572,-0.341,0.314,-0.277,-0.120,1.432,False,False,False,False,False,False,False,False,True,False,False,False
-0.822,-0.341,-0.287,-0.291,-0.269,0.852,False,False,True,False,False,False,False,False,False,True,False,False
-0.892,-0.338,0.033,-0.291,1.124,1.432,False,False,False,False,False,False,False,False,True,False,False,False
-0.752,0.202,-0.077,-0.291,-0.269,1.434,False,False,False,False,False,False,False,False,True,False,False,False
-0.543,0.319,-0.287,0.416,-0.269,-0.334,False,True,False,False,False,False,False,False,True,False,False,True
-0.334,-0.341,-0.287,-0.291,0.460,0.854,False,False,False,False,False,False,False,False,False,True,False,False
-0.474,0.000,-0.287,-0.291,-0.269,0.868,False,False,True,False,False,False,False,False,False,True,False,True
0.851,-0.341,-0.287,-0.291,-0.269,0.870,False,False,True,False,False,False,False,False,False,True,False,True
-0.962,-0.341,-0.287,-0.291,-0.269,0.870,False,False,True,False,False,False,False,False,False,True,False,True
0.503,-0.341,-0.287,-0.291,-0.269,0.870,False,False,True,False,False,False,False,False,False,True,False,True
-0.404,-0.341,-0.287,0.509,-0.269,0.870,False,False,False,False,False,False,False,False,False,True,False,True
0.154,-0.341,-0.135,-0.291,-0.269,-0.334,False,False,False,False,False,False,False,True,False,False,False,True
-0.683,-0.168,-0.285,0.750,-0.269,1.237,False,False,False,False,False,False,False,False,True,False,False,True
-0.404,-0.341,-0.287,-0.291,-0.269,0.856,False,False,True,False,False,False,False,False,False,True,False,False
1.270,-0.341,-0.221,4.589,0.790,0.858,False,False,False,False,False,False,False,False,False,True,False,False
0.782,-0.341,0.765,-0.291,0.013,-1.027,True,False,False,False,False,False,False,False,False,False,False,True
0.363,-0.341,0.100,-0.291,9.339,-1.027,True,False,False,True,False,False,False,False,False,False,False,True
-1.868,-0.341,-0.287,-0.291,-0.269,0.860,False,False,False,False,False,False,False,False,False,True,False,False
-1.450,-0.341,-0.287,-0.291,-0.269,0.860,False,False,True,False,False,False,False,False,False,True,False,False
-2.008,-0.341,-0.287,-0.291,-0.269,0.860,False,False,True,False,False,False,False,False,False,True,False,False
-0.752,-0.341,-0.287,2.588,-0.269,0.860,False,False,False,False,False,False,False,False,False,True,False,False
-1.241,-0.341,-0.287,-0.291,-0.269,0.860,False,False,False,False,False,False,False,False,False,True,False,False
-0.752,-0.341,-0.275,1.032,-0.269,0.872,False,False,False,False,False,False,False,False,False,True,False,True
-0.683,-0.259,-0.287,-0.291,0.601,1.239,False,False,False,False,False,False,False,False,True,False,False,True
-1.868,-0.341,-0.287,-0.291,-0.269,-0.334,False,False,False,False,False,False,False,False,True,False,False,True
-0.264,-0.341,-0.287,-0.291,-0.269,0.874,False,False,True,False,False,False,False,False,False,True,False,True
-2.008,-0.341,-0.287,-0.291,-0.269,0.874,False,False,False,False,False,False,False,False,False,True,False,True
-0.125,-0.341,-0.287,-0.291,-0.269,-0.334,True,False,True,False,False,False,False,False,True,False,False,True
0.363,-0.341,-0.287,-0.291,-0.269,-0.686,True,False,True,False,True,False,False,False,False,False,False,True
-0.683,-0.341,-0.287,-0.291,-0.269,0.862,False,False,True,False,False,False,False,False,False,True,False,False
-0.474,0.313,-0.262,-0.291,-0.269,0.864,False,False,False,False,False,False,False,False,False,True,False,False
-0.474,-0.341,-0.287,-0.015,0.286,0.866,False,False,False,False,False,False,False,False,False,True,False,False
1.618,-0.341,0.122,-0.276,-0.269,1.444,False,False,False,False,False,False,False,False,True,False,False,False
0.084,-0.251,-0.287,-0.291,1.153,-0.374,False,False,False,False,False,False,False,True,False,False,False,False
2.525,-0.341,0.603,0.000,0.461,-1.025,True,False,False,False,False,False,False,False,False,False,False,True
0.154,0.105,0.014,-0.239,-0.269,0.876,False,False,False,False,False,False,False,False,False,True,False,True
1.549,-0.341,-0.287,-0.291,-0.269,1.241,False,True,True,False,False,False,False,False,True,False,False,True
-0.543,0.213,-0.255,-0.291,-0.015,-0.334,False,False,False,False,False,False,False,False,True,False,False,True
-0.125,-0.200,-0.287,-0.291,0.412,1.446,False,False,False,False,False,False,False,False,True,False,False,False
0.154,0.000,-0.287,1.171,-0.269,-0.332,False,False,False,False,False,False,False,True,False,False,False,True
-0.055,-0.341,-0.287,-0.291,-0.269,-0.788,True,False,True,False,False,True,False,False,False,False,False,False
0.015,-0.341,0.075,-0.291,0.112,-0.334,True,False,False,False,False,False,False,False,True,False,False,True
-0.404,1.983,-0.287,1.145,-0.269,1.448,False,True,False,False,False,False,False,False,True,False,False,False
-1.241,-0.341,-0.287,-0.291,-0.269,1.448,False,True,True,False,False,False,False,False,True,False,False,False
-0.404,1.528,-0.287,0.591,-0.269,1.448,False,True,False,False,False,False,False,False,True,False,False,False
0.363,0.874,-0.287,0.121,-0.269,-0.372,False,True,False,False,False,False,False,True,False,False,False,False
-0.613,0.000,-0.287,-0.038,-0.269,1.450,False,False,False,False,False,False,False,False,True,False,False,False
-0.613,0.000,-0.287,-0.291,-0.269,-0.786,True,False,True,False,False,True,False,False,False,False,False,False
-0.892,-0.341,-0.287,-0.291,-0.269,-0.786,True,False,True,False,False,True,False,False,False,False,False,False
-0.752,-0.341,-0.287,-0.291,-0.269,0.870,False,False,True,False,False,False,False,False,False,True,False,False
-0.613,-0.304,-0.252,-0.289,0.144,1.456,False,False,False,False,False,False,False,False,True,False,False,False
-0.613,-0.341,-0.287,-0.291,-0.269,0.872,False,False,True,False,False,False,False,False,False,True,False,False
-0.125,-0.295,-0.287,0.986,-0.219,0.872,False,False,False,False,False,False,False,False,False,True,False,False
1.828,-0.168,-0.148,-0.291,2.307,-0.779,True,False,False,False,False,False,True,False,False,False,False,False
1.688,-0.215,-0.287,2.371,-0.269,-0.796,False,True,False,False,False,False,True,False,False,False,False,True
0.572,-0.341,-0.287,-0.291,-0.269,-0.796,False,True,True,False,False,False,True,False,False,False,False,True
1.828,-0.341,-0.287,-0.291,-0.269,0.874,False,False,True,False,False,False,False,False,False,True,False,False
-0.334,0.496,-0.287,-0.291,-0.269,0.882,False,False,False,False,False,False,False,False,False,True,False,True
-0.334,-0.319,-0.287,-0.289,-0.173,1.247,False,False,False,False,False,False,False,False,True,False,False,True
1.409,-0.341,-0.287,-0.291,-0.269,0.884,False,False,True,False,False,False,False,False,False,True,False,True
-0.822,-0.341,-0.287,-0.291,-0.269,0.885,False,False,False,False,False,False,False,False,False,True,False,True
0.712,-0.341,-0.287,0.898,-0.268,0.887,False,False,False,False,False,False,False,False,False,True,False,True
-1.659,-0.341,-0.287,-0.291,-0.269,0.887,False,False,True,False,False,False,False,False,False,True,False,True
-1.310,-0.341,-0.287,-0.291,-0.269,0.887,False,False,False,False,False,False,False,False,False,True,False,True
-1.938,-0.341,-0.287,-0.291,-0.269,0.887,False,False,True,False,False,False,False,False,False,True,False,True
-0.892,-0.272,-0.287,0.750,0.229,1.249,False,False,False,False,False,False,False,False,True,False,False,True
1.549,-0.341,-0.281,0.359,-0.269,0.887,False,False,False,False,False,False,False,False,False,True,False,True
-1.659,-0.341,-0.287,-0.291,-0.269,0.887,False,False,True,False,False,False,False,False,False,True,False,True
-0.683,-0.341,-0.287,-0.291,-0.269,0.878,False,False,False,False,False,False,False,False,False,True,False,False
-2.008,-0.341,-0.287,-0.291,-0.269,0.878,False,False,True,False,False,False,False,False,False,True,False,False
-0.613,0.887,-0.287,-0.291,-0.269,0.889,False,False,False,False,False,False,False,False,False,True,False,True
-2.008,-0.341,-0.287,-0.291,-0.269,0.889,False,False,True,False,False,False,False,False,False,True,False,True
-1.938,-0.341,-0.287,-0.291,-0.269,0.889,False,False,True,False,False,False,False,False,False,True,False,True
0.642,-0.341,-0.287,-0.291,-0.269,0.882,False,False,True,False,False,False,False,False,False,True,False,False
0.782,-0.341,-0.287,0.434,-0.269,1.251,False,False,False,False,False,False,False,False,True,False,False,True
-0.752,-0.341,-0.287,-0.291,-0.269,-0.328,False,True,False,False,False,False,False,True,False,False,False,True
0.503,0.623,-0.287,-0.010,-0.269,1.253,False,True,False,False,False,False,False,False,True,False,False,True
-0.404,-0.341,0.087,-0.195,3.849,-0.782,True,False,False,False,False,True,False,False,False,False,False,False
0.921,-0.341,-0.287,-0.291,-0.269,-0.782,True,False,True,False,False,True,False,False,False,False,False,False
0.572,0.584,0.000,0.396,-0.257,-0.334,False,True,False,False,False,False,False,False,True,False,False,True
-0.334,-0.341,0.248,-0.272,-0.269,1.460,False,False,False,False,False,False,False,False,True,False,False,False
-1.171,0.000,-0.287,-0.291,-0.269,0.884,False,False,False,False,False,False,False,False,False,True,False,False
-1.868,-0.341,-0.287,-0.291,-0.269,0.884,False,False,True,False,False,False,False,False,False,True,False,False
-0.055,-0.341,-0.283,-0.262,1.252,0.885,False,False,False,False,False,False,False,False,False,True,False,False
1.061,-0.341,-0.287,-0.291,-0.000,0.887,False,False,True,False,False,False,False,False,False,True,False,False
-0.195,-0.341,2.107,-0.291,-0.149,-0.777,True,False,False,False,False,False,True,False,False,False,False,False
0.503,-0.292,-0.285,0.809,-0.233,-0.368,False,False,False,False,False,False,False,True,False,False,False,False
-0.055,0.000,0.169,-0.291,-0.197,1.462,False,False,False,False,False,False,False,False,True,False,False,False
-1.031,-0.341,-0.287,-0.291,-0.269,-0.326,False,True,False,False,False,False,False,True,False,False,False,True
-1.031,-0.341,-0.287,-0.291,-0.269,0.889,False,False,True,False,False,False,False,False,False,True,False,False
-0.055,-0.341,0.090,-0.291,-0.269,1.255,False,False,False,False,False,False,False,False,True,False,False,True
-0.125,-0.341,-0.287,-0.291,-0.269,1.257,False,True,True,False,False,False,False,False,True,False,False,True
-0.543,1.022,-0.287,2.531,-0.269,1.257,False,True,False,False,False,False,False,False,True,False,False,True
-0.334,1.563,-0.286,-0.277,-0.269,1.259,False,False,False,False,False,False,False,False,True,False,False,True
-0.752,-0.307,-0.287,-0.257,-0.265,1.464,False,False,False,False,False,False,False,False,True,False,False,False
-0.334,-0.341,-0.287,-0.291,-0.269,1.466,False,True,True,False,False,False,False,False,True,False,False,False
-1.450,-0.341,-0.287,-0.291,-0.269,1.466,False,True,True,False,False,False,False,False,True,False,False,False
0.503,-0.341,-0.287,-0.291,-0.269,-0.366,False,True,True,False,False,False,False,True,False,False,False,False
0.224,1.447,-0.287,-0.284,-0.269,-0.775,False,True,False,True,False,False,True,False,False,False,False,False
-0.683,-0.319,0.098,-0.291,-0.269,-0.325,False,False,False,False,False,False,False,True,False,False,False,True
-1.171,-0.341,-0.287,-0.291,-0.269,0.895,False,False,False,False,False,False,False,False,False,True,False,True
-0.543,-0.341,-0.287,-0.291,-0.269,-0.684,True,False,True,False,True,False,False,False,False,False,False,True
-1.101,-0.341,-0.287,-0.291,-0.269,-0.684,True,False,True,False,True,False,False,False,False,False,False,True
-0.613,-0.341,-0.287,-0.291,-0.269,1.263,False,True,True,False,False,False,False,False,True,False,False,True
0.433,-0.341,-0.287,-0.291,-0.000,1.468,False,True,True,False,False,False,False,False,True,False,False,False
-0.404,-0.341,-0.260,-0.291,-0.196,-0.790,True,False,False,False,False,False,True,False,False,False,False,True
-0.822,-0.341,-0.092,-0.281,0.223,-0.790,True,False,False,False,False,False,True,False,False,False,False,True
0.015,1.615,-0.287,-0.281,-0.269,-0.364,False,True,False,False,False,False,False,True,False,False,False,False
-0.125,0.193,-0.279,-0.289,-0.256,-0.323,False,False,False,False,False,False,False,True,False,False,False,True
-0.474,-0.206,-0.287,1.040,-0.266,0.899,False,False,False,False,False,False,False,False,False,True,False,True
-0.195,0.287,-0.137,0.849,-0.269,1.264,False,True,False,False,False,False,False,False,True,False,False,True
-1.938,-0.341,-0.287,-0.291,-0.269,1.264,False,True,True,False,False,False,False,False,True,False,False,True
-1.519,-0.341,-0.287,-0.291,-0.269,1.264,False,True,True,False,False,False,False,False,True,False,False,True
3.432,-0.341,-0.154,0.047,-0.269,1.266,False,False,False,False,False,False,False,False,True,False,False,True
-0.334,-0.341,-0.287,-0.202,-0.269,0.901,False,False,False,False,False,False,False,False,False,True,False,True
-0.195,-0.341,-0.287,-0.291,0.640,1.474,False,False,False,False,False,False,False,False,True,False,False,False
1.479,-0.341,0.756,0.272,-0.265,-1.021,True,False,False,False,False,False,False,False,False,False,False,True
-0.892,-0.341,-0.287,-0.291,-0.269,0.893,False,False,True,False,False,False,False,False,False,True,False,False
1.967,-0.341,-0.287,-0.291,-0.269,-0.780,True,False,True,False,False,True,False,False,False,False,False,False
0.015,-0.341,0.270,-0.291,-0.013,-0.780,True,False,False,False,False,True,False,False,False,False,False,False
-0.125,-0.341,4.056,1.130,0.760,-0.780,True,False,False,False,False,True,False,False,False,False,False,False
0.921,-0.341,0.950,-0.291,-0.265,-0.780,False,False,False,False,False,True,False,False,False,False,False,False
-0.055,-0.341,-0.287,-0.291,-0.269,0.905,False,False,True,False,False,False,False,False,False,True,False,True
-0.752,-0.341,-0.287,-0.291,-0.269,0.895,False,False,True,False,False,False,False,False,False,True,False,False
0.642,1.466,-0.284,2.829,-0.269,1.476,False,True,False,False,False,False,False,False,True,False,False,False
0.224,-0.339,-0.287,-0.291,0.424,-0.362,False,False,False,False,False,False,False,True,False,False,False,False
-0.543,-0.341,-0.268,3.184,-0.269,1.270,False,False,False,False,False,False,False,False,True,False,False,True
-1.589,-0.341,-0.287,-0.291,-0.269,0.911,False,False,False,False,False,False,False,False,False,True,False,True
-0.125,-0.341,-0.287,-0.257,0.934,1.482,False,False,False,False,False,False,False,False,True,False,False,False
0.224,0.261,-0.287,-0.279,-0.265,1.274,False,False,False,False,False,False,False,False,True,False,False,True
-0.404,0.570,-0.287,-0.102,-0.235,1.276,False,False,False,False,False,False,False,False,True,False,False,True
0.015,-0.341,-0.284,-0.291,4.612,-0.773,True,False,False,False,False,False,True,False,False,False,False,False
-0.474,-0.112,-0.284,-0.247,0.201,1.484,False,False,False,False,False,False,False,False,True,False,False,False
0.154,-0.341,-0.287,-0.291,-0.269,0.905,False,False,True,False,False,False,False,False,False,True,False,False
-2.008,-0.341,-0.287,-0.291,-0.269,0.905,False,False,True,False,False,False,False,False,False,True,False,False
-1.868,-0.341,-0.287,-0.291,-0.269,-1.019,True,False,False,False,False,False,False,False,False,False,False,True
-0.125,-0.341,-0.287,-0.291,-0.269,-1.019,False,False,True,False,False,False,False,False,False,False,False,True
-0.055,-0.341,1.925,-0.289,1.704,-1.019,True,False,False,False,False,False,False,False,False,False,False,True
-0.613,-0.254,-0.287,1.693,-0.269,1.278,False,True,False,False,False,False,False,False,True,False,False,True
-0.055,-0.312,-0.274,4.688,-0.130,-0.682,True,False,False,True,True,False,False,False,False,False,False,True
0.921,-0.341,3.629,-0.291,-0.265,-0.682,True,False,False,False,True,False,False,False,False,False,False,True
0.224,0.248,-0.287,-0.291,-0.269,1.488,False,False,False,False,False,False,False,False,True,False,False,False
-0.683,-0.341,-0.285,-0.291,-0.266,0.915,False,False,False,False,False,False,False,False,False,True,False,True
-0.613,-0.341,-0.287,0.906,-0.269,1.280,False,False,False,False,False,False,False,False,True,False,False,True
-0.613,-0.341,-0.287,-0.291,-0.269,1.282,False,False,True,False,False,False,False,False,True,False,False,True
-0.543,-0.341,-0.275,2.287,0.183,1.286,False,False,False,False,False,False,False,False,True,False,False,True
0.224,-0.341,-0.287,-0.291,-0.269,0.917,False,False,True,False,False,False,False,False,False,True,False,True
-0.892,-0.341,-0.287,-0.291,-0.269,0.917,False,False,True,False,False,False,False,False,False,True,False,True
-0.543,-0.341,-0.287,-0.291,-0.269,0.907,False,False,True,False,False,False,False,False,False,True,False,False
-1.171,-0.341,-0.287,-0.291,-0.269,0.907,False,False,False,False,False,False,False,False,False,True,False,False
-0.543,-0.341,-0.287,-0.291,-0.269,0.921,False,False,True,False,False,False,False,False,False,True,False,True
0.154,-0.148,-0.240,1.343,-0.269,-0.317,False,True,False,False,False,False,False,True,False,False,False,True
-0.752,-0.341,-0.287,-0.291,-0.000,0.923,False,False,True,False,False,False,False,False,False,True,False,True
0.433,0.828,-0.287,0.016,-0.269,-0.358,False,True,False,False,False,False,False,True,False,False,False,False
1.061,-0.341,0.226,1.107,3.310,-0.700,True,False,False,False,False,True,False,False,False,False,False,True
-1.101,-0.341,0.134,-0.291,-0.269,0.913,False,False,False,False,False,False,False,False,False,True,False,False
-0.543,-0.341,0.162,-0.291,-0.269,1.499,False,False,False,False,False,False,False,False,True,False,False,False
0.572,-0.341,2.608,0.277,-0.115,-0.698,True,False,False,False,False,True,False,False,False,False,False,True
-0.125,-0.341,0.567,-0.291,-0.269,1.290,False,False,False,False,False,False,False,False,True,False,False,True
0.363,0.005,-0.287,-0.040,-0.268,0.915,False,False,False,False,False,False,False,False,False,True,False,False
-0.543,0.965,-0.287,0.228,-0.269,1.503,False,True,False,False,False,False,False,False,True,False,False,False
0.642,0.258,0.362,-0.291,-0.265,0.925,False,False,False,False,False,False,False,False,False,True,False,True
0.154,2.659,-0.287,-0.287,-0.269,1.292,False,True,False,False,False,False,False,False,True,False,False,True
2.246,1.392,-0.287,0.680,-0.269,-0.786,False,True,False,False,False,False,True,False,False,False,False,True
-0.613,-0.341,0.066,-0.249,-0.214,0.917,False,False,False,False,False,False,False,False,False,True,False,False
0.712,-0.341,-0.287,-0.291,0.388,1.507,False,False,False,False,False,False,False,False,True,False,False,False
0.015,-0.341,-0.287,-0.291,-0.269,1.511,False,True,True,False,False,False,False,False,True,False,False,False
2.734,-0.341,-0.287,-0.291,-0.269,1.511,False,True,True,False,False,False,False,False,True,False,False,False
0.642,-0.341,-0.161,-0.291,3.336,-0.354,True,False,False,False,False,False,False,True,False,False,False,False
0.154,-0.336,-0.287,-0.291,-0.231,1.513,False,False,False,False,False,False,False,False,True,False,False,False
0.851,0.719,-0.287,-0.291,-0.242,1.296,False,False,False,False,False,False,False,False,True,False,False,True
0.015,-0.312,2.786,-0.281,1.545,-0.678,True,False,False,False,True,False,False,False,False,False,False,True
-0.264,-0.341,-0.287,-0.291,-0.269,-0.678,False,False,False,False,True,False,False,False,False,False,False,True
-0.125,-0.341,-0.287,-0.252,0.450,1.515,False,False,False,False,False,False,False,False,True,False,False,False
-0.543,-0.341,-0.287,1.124,0.146,1.298,False,False,False,False,False,False,False,False,True,False,False,True
0.084,-0.341,-0.210,-0.291,0.423,0.929,False,False,False,False,False,False,False,False,False,True,False,True
0.782,2.814,-0.287,-0.291,-0.247,-0.315,False,True,False,False,False,False,False,True,False,False,False,True
2.107,-0.150,-0.287,-0.078,0.960,1.300,False,True,False,False,False,False,False,False,True,False,False,True
0.433,-0.341,-0.287,-0.291,-0.269,0.921,False,False,True,False,False,False,False,False,False,True,False,False
0.851,-0.313,0.000,-0.232,0.477,1.517,False,False,False,False,False,False,False,False,True,False,False,False
0.503,0.713,0.000,-0.291,-0.269,1.519,False,False,False,False,False,False,False,False,True,False,False,False
2.037,-0.341,0.000,-0.291,-0.269,0.923,False,False,True,False,False,False,False,False,False,True,False,False
-0.125,-0.341,-0.287,-0.291,-0.269,0.931,False,False,False,False,False,False,False,False,False,True,False,True
-0.334,-0.341,-0.285,0.272,-0.269,1.302,False,False,False,False,False,False,False,False,True,False,False,True
1.479,-0.341,0.275,-0.289,-0.265,1.304,False,False,False,False,False,False,False,False,True,False,False,True
-0.474,-0.341,-0.077,-0.291,2.391,-1.049,True,False,False,False,False,False,False,False,False,False,False,False
-0.195,-0.341,-0.287,-0.291,-0.269,-0.313,False,True,True,False,False,False,False,True,False,False,False,True
-0.892,-0.341,-0.287,-0.291,-0.269,1.308,False,True,True,False,False,False,False,False,True,False,False,True
1.897,-0.341,0.092,-0.291,-0.269,0.927,False,False,False,False,False,False,False,False,False,True,False,False
-0.264,-0.341,0.677,-0.128,-0.238,-1.047,True,False,False,False,False,False,False,False,False,False,False,False
-1.101,-0.341,-0.225,20.220,-0.198,-0.676,True,False,False,False,True,False,False,False,False,False,False,True
1.688,-0.341,1.347,-0.291,-0.269,-0.676,True,False,False,False,True,False,False,False,False,False,False,True
-0.543,-0.341,-0.287,-0.291,-0.269,0.937,False,False,True,False,False,False,False,False,False,True,False,True
-0.752,0.097,0.847,-0.286,-0.267,1.310,False,False,False,False,False,False,False,False,True,False,False,True
0.642,-0.166,-0.209,-0.291,-0.269,0.941,False,False,False,False,False,False,False,False,False,True,False,True
-0.613,-0.341,-0.287,-0.291,-0.269,0.941,False,False,True,False,False,False,False,False,False,True,False,True
-0.334,-0.341,-0.287,-0.291,-0.269,-0.749,True,False,True,False,True,False,False,False,False,False,False,False
1.897,-0.341,8.218,-0.291,3.338,-0.749,True,False,False,False,True,False,False,False,False,False,False,False
1.270,0.091,0.089,-0.286,0.296,1.312,False,False,False,False,False,False,False,False,True,False,False,True
-0.543,-0.341,-0.287,-0.291,-0.269,1.314,False,True,True,False,False,False,False,False,True,False,False,True
-0.125,-0.341,-0.245,0.816,-0.269,1.527,False,False,False,False,False,False,False,False,True,False,False,False
-0.195,-0.341,0.130,-0.291,-0.218,1.527,False,False,False,False,False,False,False,False,True,False,False,False
0.363,-0.341,-0.287,-0.291,-0.269,0.929,False,False,True,False,False,False,False,False,False,True,False,False
0.433,-0.186,0.202,-0.281,-0.269,0.943,False,False,False,False,False,False,False,False,False,True,False,True
0.433,-0.341,-0.287,-0.291,-0.269,1.316,False,True,True,False,False,False,False,False,True,False,False,True
1.409,-0.341,0.000,-0.291,-0.269,-0.694,True,False,True,False,False,True,False,False,False,False,False,True
-0.334,-0.338,-0.287,-0.291,0.294,1.531,False,False,False,False,False,False,False,False,True,False,False,False
2.316,-0.198,-0.120,3.628,-0.269,1.320,False,False,False,False,False,False,False,False,True,False,False,True
-0.264,-0.238,-0.287,5.903,-0.269,-0.767,False,True,False,False,False,False,True,False,False,False,False,False
0.921,-0.341,-0.287,-0.291,-0.269,-0.773,True,False,True,False,False,True,False,False,False,False,False,False
-0.264,-0.089,-0.287,0.580,-0.269,1.322,False,False,False,False,False,False,False,False,True,False,False,True
-0.543,0.551,-0.287,-0.262,1.097,1.535,False,False,False,False,False,False,False,False,True,False,False,False
-0.822,-0.341,-0.287,-0.291,-0.269,-0.348,False,True,True,False,False,False,False,True,False,False,False,False
0.851,0.622,-0.287,-0.279,-0.269,-0.346,False,False,False,False,False,False,False,True,False,False,False,False
1.479,-0.341,-0.287,-0.291,-0.269,0.933,False,False,True,False,False,False,False,False,False,True,False,False
-0.613,-0.341,-0.231,0.648,-0.269,1.537,False,False,False,False,False,False,False,False,True,False,False,False
-0.962,-0.341,-0.287,-0.291,-0.269,0.951,False,False,True,False,False,False,False,False,False,True,False,True
0.015,-0.341,-0.287,-0.291,-0.269,1.326,False,True,True,False,False,False,False,False,True,False,False,True
-0.613,3.498,-0.287,-0.291,-0.260,1.541,False,False,False,False,False,False,False,False,True,False,False,False
0.433,0.182,2.544,-0.291,0.102,-0.692,True,False,False,False,False,True,False,False,False,False,False,True
-0.474,-0.341,-0.215,0.166,-0.077,0.953,False,False,False,False,False,False,False,False,False,True,False,True
0.991,-0.341,-0.287,0.784,-0.262,1.543,False,False,False,False,False,False,False,False,True,False,False,False
1.758,0.799,-0.287,-0.217,-0.269,0.935,False,False,False,False,False,False,False,False,False,True,False,False
-0.962,-0.341,-0.287,-0.291,-0.000,0.935,False,False,True,False,False,False,False,False,False,True,False,False
0.642,0.000,-0.287,-0.291,-0.269,-0.747,False,False,True,False,True,False,False,False,False,False,False,False
1.061,1.441,-0.287,-0.269,0.170,0.937,False,False,False,False,False,False,False,False,False,True,False,False
0.363,-0.341,-0.287,-0.291,-0.269,0.939,False,False,True,False,False,False,False,False,False,True,False,False
-0.962,-0.336,0.248,-0.252,-0.269,1.545,False,False,False,False,False,False,False,False,True,False,False,False
-0.334,-0.341,-0.287,-0.291,-0.269,0.941,False,False,True,False,False,False,False,False,False,True,False,False
0.015,-0.341,-0.287,0.165,-0.225,1.549,False,False,False,False,False,False,False,False,True,False,False,False
-0.683,-0.341,0.368,-0.291,-0.265,1.330,False,False,False,False,False,False,False,False,True,False,False,True
-0.125,-0.341,0.899,-0.291,-0.269,-0.767,True,False,False,False,False,True,False,False,False,False,False,False
-0.195,-0.341,-0.287,-0.291,-0.269,-0.674,True,False,False,False,True,False,False,False,False,False,False,True
1.200,-0.341,-0.287,-0.291,-0.269,-0.745,True,False,True,False,True,False,False,False,False,False,False,False
2.455,-0.341,-0.287,-0.291,-0.269,-0.334,False,False,True,False,False,False,False,False,True,False,False,True
-0.822,-0.341,0.553,-0.247,-0.256,-0.765,True,False,False,False,False,True,False,False,False,False,False,False
1.130,-0.341,-0.091,2.707,1.209,-0.765,True,False,False,False,False,True,False,False,False,False,False,False
-0.125,1.521,-0.287,-0.291,-0.269,1.332,False,True,False,False,False,False,False,False,True,False,False,True
0.015,-0.341,-0.287,-0.291,-0.269,0.943,False,False,True,False,False,False,False,False,False,True,False,False
-0.752,-0.341,-0.287,-0.291,-0.269,0.945,False,False,True,False,False,False,False,False,False,True,False,False
-0.195,-0.341,-0.287,-0.291,-0.269,-0.690,True,False,True,False,False,True,False,False,False,False,False,True
0.712,-0.341,-0.287,-0.291,-0.269,-0.690,True,False,True,False,False,True,False,False,False,False,False,True
2.107,-0.341,-0.287,-0.291,-0.269,0.957,False,False,True,False,False,False,False,False,False,True,False,True
-0.613,-0.341,-0.284,-0.251,0.324,1.334,False,False,False,False,False,False,False,False,True,False,False,True
-0.822,-0.341,-0.287,-0.291,-0.269,0.961,False,False,True,False,False,False,False,False,False,True,False,True
1.270,-0.341,-0.287,-0.291,-0.269,0.962,False,False,True,False,False,False,False,False,False,True,False,True
0.015,-0.338,-0.285,2.222,-0.269,1.336,False,False,False,False,False,False,False,False,True,False,False,True
-0.892,0.000,-0.287,0.153,-0.269,1.338,False,False,False,False,False,False,False,False,True,False,False,True
1.340,-0.322,-0.287,-0.291,0.433,0.949,False,False,False,False,False,False,False,False,False,True,False,False
0.712,-0.341,-0.244,-0.242,-0.253,-0.334,False,False,False,False,False,False,False,False,True,False,False,True
-0.055,-0.341,-0.287,-0.291,-0.269,0.966,False,False,True,False,False,False,False,False,False,True,False,True
-1.171,-0.341,-0.287,-0.291,-0.269,0.966,False,False,True,False,False,False,False,False,False,True,False,True
-0.334,-0.341,-0.287,0.000,-0.269,0.966,False,False,True,False,False,False,False,False,False,True,False,True
0.084,-0.341,-0.287,-0.291,-0.269,-0.344,False,True,True,False,False,False,False,True,False,False,False,False
0.363,-0.341,-0.287,-0.291,-0.000,-0.741,True,False,True,False,True,False,False,False,False,False,False,False
0.572,-0.341,-0.287,-0.291,-0.269,1.553,False,True,False,False,False,False,False,False,True,False,False,False
1.270,0.554,-0.287,-0.212,-0.222,1.555,False,False,False,False,False,False,False,False,True,False,False,False
-2.008,-0.341,-0.287,-0.291,-0.269,0.968,False,False,False,False,False,False,False,False,False,True,False,True
-0.404,-0.341,-0.287,-0.291,-0.269,0.968,False,False,False,False,False,False,False,False,False,True,False,True
-2.008,-0.341,-0.287,-0.291,-0.269,0.968,False,False,True,False,False,False,False,False,False,True,False,True
-0.613,0.269,-0.272,-0.276,-0.269,0.953,False,False,False,False,False,False,False,False,False,True,False,False
0.433,-0.204,-0.287,0.806,-0.255,1.557,False,False,False,False,False,False,False,False,True,False,False,False
-0.752,-0.341,-0.287,1.094,-0.269,0.970,False,False,False,False,False,False,False,False,False,True,False,True
-0.822,-0.341,-0.287,-0.291,-0.269,-0.739,True,False,True,False,True,False,False,False,False,False,False,False
-0.752,-0.335,0.551,-0.291,-0.108,-0.739,True,False,False,False,True,False,False,False,False,False,False,False
1.688,-0.341,-0.287,-0.291,-0.269,-0.739,True,False,False,False,True,False,False,False,False,False,False,False
0.433,-0.341,1.283,-0.291,4.581,-0.739,True,False,False,False,True,False,False,False,False,False,False,False
1.340,-0.341,-0.287,-0.291,-0.269,-0.688,True,False,True,False,False,True,False,False,False,False,False,True
2.734,-0.341,-0.287,0.796,-0.058,0.972,False,False,False,False,False,False,False,False,False,True,False,True
-0.125,-0.315,-0.247,-0.167,-0.253,0.972,False,False,False,False,False,False,False,False,False,True,False,True
-0.055,-0.292,-0.287,0.218,-0.267,-0.342,False,False,False,False,False,False,False,True,False,False,False,False
0.572,0.969,-0.265,-0.291,-0.269,1.345,False,False,False,False,False,False,False,False,True,False,False,True
0.433,-0.341,-0.287,0.000,-0.269,1.347,False,True,True,False,False,False,False,False,True,False,False,True
0.154,1.178,-0.287,0.000,-0.269,1.347,False,True,False,False,False,False,False,False,True,False,False,True
-1.031,2.509,-0.287,-0.266,-0.269,-0.309,False,True,False,False,False,False,False,True,False,False,False,True
-1.938,-0.341,-0.287,-0.291,-0.269,1.561,False,True,False,False,False,False,False,False,True,False,False,False
-1.729,-0.341,-0.287,-0.291,-0.269,1.561,False,True,False,False,False,False,False,False,True,False,False,False
0.084,-0.224,-0.243,1.629,-0.269,-0.340,False,True,False,False,False,False,False,True,False,False,False,False
-1.241,-0.341,-0.287,-0.291,-0.269,1.561,False,True,True,False,False,False,False,False,True,False,False,False
1.130,2.077,-0.287,-0.291,-0.258,-0.338,False,False,False,False,False,False,False,True,False,False,False,False
0.015,-0.341,0.240,-0.291,-0.259,-0.336,True,False,False,False,False,False,False,True,False,False,False,False
0.224,0.000,-0.287,-0.291,-0.269,-0.336,True,False,True,False,False,False,False,True,False,False,False,False
-0.962,-0.341,-0.287,-0.291,-0.269,-0.336,True,False,False,False,False,False,False,True,False,False,False,False
-0.264,-0.341,-0.287,-0.291,-0.269,-0.336,True,False,True,False,False,False,False,True,False,False,False,False
-0.264,-0.341,-0.285,-0.291,0.150,-0.336,True,False,False,False,False,False,False,True,False,False,False,False
2.176,0.731,-0.272,-0.291,-0.119,1.563,False,False,False,False,False,False,False,False,True,False,False,False
-0.334,-0.248,-0.287,-0.291,1.050,-0.334,False,False,False,False,False,False,False,True,False,False,False,False
0.433,-0.341,-0.287,-0.291,-0.269,-0.782,True,False,True,False,False,False,True,False,False,False,False,True
0.503,0.000,-0.061,0.566,-0.269,0.959,False,False,False,False,False,False,False,False,False,True,False,False
-0.474,-0.341,0.235,0.347,-0.258,1.349,False,False,False,False,False,False,False,False,True,False,False,True
0.224,-0.341,-0.287,-0.291,-0.269,0.961,False,False,True,False,False,False,False,False,False,True,False,False
1.967,-0.341,-0.151,-0.291,-0.269,-0.763,True,False,False,False,False,True,False,False,False,False,False,False
0.084,-0.341,0.000,0.270,0.405,-0.763,True,False,False,False,False,True,False,False,False,False,False,False
1.200,-0.341,-0.055,-0.291,1.176,-0.763,True,False,False,False,False,True,False,False,False,False,False,False
-0.055,-0.247,-0.161,0.616,-0.000,1.566,False,False,False,False,False,False,False,False,True,False,False,False
-0.195,-0.341,-0.287,-0.291,-0.269,-0.672,True,False,True,False,True,False,False,False,False,False,False,True
1.828,-0.341,-0.287,0.913,-0.269,-0.332,False,False,False,False,False,False,False,True,False,False,False,False
2.595,-0.341,-0.287,0.000,-0.269,0.962,False,False,True,False,False,False,False,False,False,True,False,False
-0.613,-0.341,-0.287,-0.234,0.414,0.964,False,False,False,False,False,False,False,False,False,True,False,False
0.154,0.022,-0.086,-0.291,-0.160,1.572,False,False,False,False,False,False,False,False,True,False,False,False
-1.101,-0.341,-0.287,-0.291,-0.269,-0.330,False,True,False,False,False,False,False,True,False,False,False,False
1.479,-0.341,-0.287,-0.291,-0.269,0.968,False,False,True,False,False,False,False,False,False,True,False,False
-0.543,-0.341,-0.287,-0.291,-0.269,-0.735,True,False,True,False,True,False,False,False,False,False,False,False
-0.264,-0.341,-0.287,-0.291,-0.269,-0.735,True,False,True,False,True,False,False,False,False,False,False,False
1.200,-0.341,-0.287,-0.291,-0.269,0.976,False,False,True,False,False,False,False,False,False,True,False,True
-2.008,-0.341,-0.287,-0.291,-0.269,-1.045,True,False,False,False,False,False,False,False,False,False,False,False
-1.868,-0.341,-0.287,-0.291,-0.000,-1.045,True,False,False,False,False,False,False,False,False,False,False,False
0.503,1.166,0.043,-0.291,0.860,-1.045,True,False,False,False,False,False,False,False,False,False,False,False
-0.683,-0.341,-0.287,-0.291,-0.269,-1.045,True,False,True,False,False,False,False,False,False,False,False,False
0.433,-0.341,-0.287,-0.291,-0.269,-1.045,True,False,True,False,False,False,False,False,False,False,False,False
0.851,-0.341,-0.287,-0.291,-0.000,-1.045,True,False,True,True,False,False,False,False,False,False,False,False
-0.474,-0.341,-0.287,-0.291,-0.000,0.978,False,False,True,False,False,False,False,False,False,True,False,True
-0.264,0.000,-0.112,0.904,-0.269,-0.763,False,True,False,True,False,False,True,False,False,False,False,False
-0.334,0.720,-0.287,-0.291,-0.269,1.576,False,False,False,False,False,False,False,False,True,False,False,False
0.572,-0.313,-0.138,-0.291,-0.269,0.970,False,False,False,False,False,False,False,False,False,True,False,False
-1.659,-0.341,-0.287,-0.291,-0.269,0.970,False,False,True,False,False,False,False,False,False,True,False,False
-0.125,-0.341,-0.287,-0.291,-0.269,0.970,False,False,True,False,False,False,False,False,False,True,False,False
0.851,-0.341,-0.287,-0.291,-0.269,1.578,False,True,True,False,False,False,False,False,True,False,False,False
1.061,-0.341,-0.287,-0.291,-0.269,-1.017,True,False,False,False,False,False,False,False,False,False,False,True
-0.404,-0.341,-0.287,-0.291,-0.269,0.984,False,False,False,False,False,False,False,False,False,True,False,True
-0.055,-0.341,-0.287,-0.291,-0.269,-0.299,True,False,True,False,False,False,False,True,False,False,False,True
-0.125,-0.341,-0.267,-0.276,1.527,-0.299,True,False,False,False,False,False,False,True,False,False,False,True
0.782,-0.341,-0.287,-0.291,-0.269,-0.299,True,False,True,False,False,False,False,True,False,False,False,True
-0.125,-0.341,-0.287,-0.291,-0.269,-0.757,True,False,True,False,False,True,False,False,False,False,False,False
-0.822,-0.341,-0.287,-0.291,-0.269,-0.757,True,False,True,False,False,True,False,False,False,False,False,False
0.224,-0.341,-0.043,-0.190,-0.083,-0.755,True,False,False,False,False,True,False,False,False,False,False,False
0.015,-0.238,-0.241,0.903,-0.256,0.972,False,False,False,False,False,False,False,False,False,True,False,False
0.015,-0.341,-0.089,-0.291,0.029,0.974,False,False,False,False,False,False,False,False,False,True,False,False
0.851,-0.341,-0.055,-0.291,-0.250,-1.015,True,False,False,False,False,False,False,False,False,False,False,True
1.340,-0.341,-0.287,-0.291,-0.269,-1.015,True,False,True,False,False,False,False,False,False,False,False,True
-0.125,3.698,-0.278,-0.291,-0.267,-1.015,True,False,False,False,False,False,False,False,False,False,False,True
-1.031,-0.341,-0.284,1.033,-0.269,0.986,False,False,False,False,False,False,False,False,False,True,False,True
0.224,4.412,-0.286,-0.291,-0.269,1.580,False,False,False,False,False,False,False,False,True,False,False,False
1.270,-0.341,1.406,-0.291,-0.262,-0.686,True,False,False,False,False,True,False,False,False,False,False,True
-1.031,-0.341,-0.287,-0.291,-0.269,-0.686,True,False,True,False,False,True,False,False,False,False,False,True
0.572,-0.341,-0.287,-0.291,-0.269,-0.686,True,False,True,True,False,True,False,False,False,False,False,True
0.294,-0.341,-0.287,-0.291,-0.269,-0.686,True,False,True,False,False,True,False,False,False,False,False,True
0.294,1.741,-0.287,-0.252,-0.264,-0.777,False,True,False,False,False,False,True,False,False,False,False,True
1.061,-0.341,0.161,0.000,-0.269,0.988,False,False,False,False,False,False,False,False,False,True,False,True
0.572,-0.341,0.459,-0.284,-0.206,0.990,False,False,False,False,False,False,False,False,False,True,False,True
-0.752,-0.184,-0.287,0.012,-0.250,1.361,False,False,False,False,False,False,False,False,True,False,False,True
0.294,1.612,-0.286,-0.291,-0.268,1.363,False,False,False,False,False,False,False,False,True,False,False,True
-0.543,1.545,-0.287,1.582,-0.266,1.584,False,True,False,False,False,False,False,False,True,False,False,False
0.642,2.262,-0.277,-0.226,-0.227,1.584,False,True,False,False,False,False,False,False,True,False,False,False
-0.892,1.686,-0.287,4.085,-0.269,-0.759,False,True,False,False,False,False,True,False,False,False,False,False
2.037,-0.341,0.000,-0.291,-0.269,-0.326,False,True,True,False,False,False,False,True,False,False,False,False
0.851,1.483,0.187,-0.056,-0.269,-0.326,False,True,False,False,False,False,False,True,False,False,False,False
-0.055,0.486,-0.287,0.548,-0.269,1.586,False,False,False,False,False,False,False,False,True,False,False,False
-0.055,-0.341,-0.287,-0.291,-0.269,0.978,False,False,True,False,False,False,False,False,False,True,False,False
0.154,0.000,-0.287,-0.291,-0.269,-0.753,True,False,True,False,False,True,False,False,False,False,False,False
-0.125,-0.341,-0.287,-0.291,-0.269,1.367,False,True,True,False,False,False,False,False,True,False,False,True
-1.519,-0.341,-0.287,-0.291,-0.000,1.367,False,True,False,False,False,False,False,False,True,False,False,True
-0.264,2.100,-0.269,-0.281,-0.269,1.367,False,True,False,False,False,False,False,False,True,False,False,True
0.363,0.372,-0.287,0.000,0.207,-0.773,False,True,False,False,False,False,True,False,False,False,False,True
-0.543,-0.341,-0.279,1.070,-0.269,0.980,False,False,False,False,False,False,False,False,False,True,False,False
0.015,-0.341,-0.228,0.419,0.052,0.982,False,False,False,False,False,False,False,False,False,True,False,False
-0.404,-0.341,-0.287,-0.291,-0.269,1.369,False,True,True,False,False,False,False,False,True,False,False,True
0.154,-0.341,-0.287,-0.291,-0.269,-0.297,False,True,True,False,False,False,False,True,False,False,False,True
1.479,-0.341,-0.287,-0.291,-0.269,-0.731,True,False,True,False,True,False,False,False,False,False,False,False
-0.264,-0.341,-0.287,-0.291,-0.269,-0.731,True,False,False,False,True,False,False,False,False,False,False,False
-0.264,-0.341,2.353,-0.291,0.522,-0.684,True,False,False,True,False,True,False,False,False,False,False,True
-0.404,-0.341,-0.287,-0.271,-0.252,1.590,False,False,False,False,False,False,False,False,True,False,False,False
1.200,-0.341,-0.287,0.953,-0.264,0.984,False,False,False,False,False,False,False,False,False,True,False,False
-2.008,-0.341,-0.287,-0.291,-0.269,0.984,False,False,False,False,False,False,False,False,False,True,False,False
1.688,2.637,-0.287,0.772,-0.269,1.373,False,True,False,False,False,False,False,False,True,False,False,True
-0.264,-0.225,0.089,-0.291,-0.247,1.592,False,False,False,False,False,False,False,False,True,False,False,False
0.084,-0.263,-0.287,2.008,-0.265,1.594,False,True,False,False,False,False,False,False,True,False,False,False
-0.752,-0.341,-0.287,-0.291,-0.269,1.596,False,True,True,False,False,False,False,False,True,False,False,False
-0.613,-0.341,-0.287,-0.291,-0.269,-0.325,False,True,False,False,False,False,False,True,False,False,False,False
1.758,-0.341,0.154,-0.291,-0.269,1.375,False,False,False,False,False,False,False,False,True,False,False,True
-0.613,-0.341,-0.226,0.923,-0.177,0.988,False,False,False,False,False,False,False,False,False,True,False,False
0.224,4.111,-0.250,0.874,-0.269,1.377,False,True,False,False,False,False,False,False,True,False,False,True
0.154,-0.225,-0.287,3.723,-0.249,1.377,False,True,False,False,False,False,False,False,True,False,False,True
1.828,-0.341,-0.287,-0.291,-0.269,1.379,False,True,True,False,False,False,False,False,True,False,False,True
-0.892,0.264,-0.287,-0.286,-0.148,0.990,False,False,False,False,False,False,False,False,False,True,False,False
-2.008,-0.341,-0.287,-0.291,-0.269,0.990,False,False,True,False,False,False,False,False,False,True,False,False
-1.798,-0.341,-0.287,-0.291,-0.269,0.990,False,False,True,False,False,False,False,False,False,True,False,False
0.294,-0.269,-0.287,-0.291,2.420,1.600,False,False,False,False,False,False,False,False,True,False,False,False
1.130,-0.341,-0.287,0.000,-0.269,0.994,False,False,True,False,False,False,False,False,False,True,False,False
-1.589,-0.341,-0.287,-0.291,-0.269,0.994,False,False,True,False,False,False,False,False,False,True,False,False
0.294,-0.341,-0.287,0.888,-0.269,1.602,False,False,False,False,False,False,False,False,True,False,False,False
-1.031,-0.341,-0.287,-0.291,-0.269,0.996,False,False,True,False,False,False,False,False,False,True,False,True
-0.334,-0.339,-0.287,-0.291,-0.269,1.604,False,False,False,False,False,False,False,False,True,False,False,False
1.270,-0.341,0.188,-0.291,0.981,1.387,False,False,False,False,False,False,False,False,True,False,False,True
0.572,-0.341,4.680,0.161,0.015,-0.668,True,False,False,False,True,False,False,False,False,False,False,True
-1.031,0.000,-0.287,-0.291,-0.269,-0.668,True,False,True,False,True,False,False,False,False,False,False,True
1.061,-0.341,-0.287,-0.291,-0.269,-0.668,True,False,True,False,True,False,False,False,False,False,False,True
-1.241,-0.341,-0.287,-0.291,-0.269,-0.668,True,False,False,False,True,False,False,False,False,False,False,True
-0.962,-0.341,-0.287,-0.291,-0.269,-0.682,True,False,True,False,False,True,False,False,False,False,False,True
0.712,2.944,-0.268,2.173,-0.269,-0.682,True,False,False,False,False,True,False,False,False,False,False,True
-0.962,0.000,-0.287,0.601,-0.269,1.389,False,False,False,False,False,False,False,False,True,False,False,True
2.176,-0.341,-0.287,-0.291,0.347,0.998,False,False,False,False,False,False,False,False,False,True,False,True
1.409,-0.341,-0.058,-0.291,0.085,0.998,False,False,False,False,False,False,False,False,False,True,False,True
-0.404,-0.328,-0.179,-0.291,-0.269,1.606,False,False,False,False,False,False,False,False,True,False,False,False
-1.380,-0.341,-0.287,-0.291,-0.269,1.608,False,False,False,False,False,False,False,False,True,False,False,False
-2.008,-0.341,-0.287,-0.291,-0.269,1.608,False,False,False,False,False,False,False,False,True,False,False,False
-0.822,-0.177,-0.285,2.886,-0.269,1.608,False,False,False,False,False,False,False,False,True,False,False,False
0.921,-0.341,-0.287,-0.291,-0.269,1.608,False,False,True,False,False,False,False,False,True,False,False,False
-0.892,-0.341,-0.287,0.000,-0.000,1.608,False,False,True,False,False,False,False,False,True,False,False,False
-2.008,-0.341,-0.287,-0.291,-0.269,1.608,False,False,False,False,False,False,False,False,True,False,False,False
-0.195,-0.169,-0.263,-0.291,0.287,1.608,False,False,False,False,False,False,False,False,True,False,False,False
1.897,-0.338,0.174,-0.291,-0.269,1.000,False,False,False,False,False,False,False,False,False,True,False,False
-0.195,0.972,-0.287,-0.291,-0.269,-0.757,False,True,False,False,False,False,True,False,False,False,False,False
0.851,-0.121,-0.287,3.698,-0.234,1.610,False,True,False,False,False,False,False,False,True,False,False,False
-0.125,-0.310,-0.287,1.383,-0.269,-0.771,False,True,False,False,False,False,True,False,False,False,False,True
0.154,0.372,-0.287,-0.291,-0.223,1.002,False,False,False,False,False,False,False,False,False,True,False,False
0.782,-0.336,-0.287,-0.189,0.386,1.614,False,False,False,False,False,False,False,False,True,False,False,False
0.782,-0.341,-0.287,-0.291,-0.269,-0.680,True,False,True,False,False,True,False,False,False,False,False,True
-0.962,-0.341,-0.287,-0.291,-0.269,1.004,False,False,True,False,False,False,False,False,False,True,False,False
1.479,-0.341,4.287,-0.063,0.119,-0.666,True,False,False,True,True,False,False,False,False,False,False,True
0.921,2.314,0.036,-0.291,0.324,-1.043,True,False,False,False,False,False,False,False,False,False,False,False
1.479,-0.262,0.337,-0.291,-0.268,-0.291,True,False,False,False,False,False,False,True,False,False,False,True
0.712,-0.319,0.078,0.228,-0.269,1.002,False,False,False,False,False,False,False,False,False,True,False,True
-0.125,-0.341,0.000,0.031,0.260,1.618,False,False,False,False,False,False,False,False,True,False,False,False
-0.613,-0.341,-0.287,-0.291,-0.269,-0.289,False,True,True,False,False,False,False,True,False,False,False,True
0.084,0.824,-0.280,3.074,-0.269,-0.289,False,True,False,False,False,False,False,True,False,False,False,True
-0.892,0.000,-0.287,-0.291,-0.269,-0.334,False,True,True,False,False,False,False,False,True,False,False,True
0.503,-0.341,-0.287,-0.291,-0.269,-0.289,False,False,True,False,False,False,False,True,False,False,False,True
2.734,-0.341,-0.287,-0.291,-0.269,-0.289,False,True,True,False,False,False,False,True,False,False,False,True
-0.474,-0.283,-0.275,0.292,-0.168,1.620,False,False,False,False,False,False,False,False,True,False,False,False
0.503,1.689,-0.284,12.783,-0.269,-0.287,False,True,False,False,False,False,False,True,False,False,False,True
-1.798,-0.341,-0.287,-0.291,-0.269,1.010,False,False,True,False,False,False,False,False,False,True,False,False
-0.055,1.090,-0.287,-0.291,-0.203,1.010,False,False,False,False,False,False,False,False,False,True,False,False
0.224,-0.341,-0.287,-0.291,-0.269,1.010,False,False,True,False,False,False,False,False,False,True,False,False
-1.310,-0.341,-0.287,-0.291,-0.269,1.010,False,False,False,False,False,False,False,False,False,True,False,False
-2.008,-0.341,-0.287,-0.291,-0.269,1.010,False,False,True,False,False,False,False,False,False,True,False,False
-1.380,-0.341,-0.287,-0.291,-0.269,1.010,False,False,True,False,False,False,False,False,False,True,False,False
0.572,-0.309,-0.253,-0.282,0.111,1.397,False,False,False,False,False,False,False,False,True,False,False,True
0.154,-0.292,1.385,-0.291,-0.261,1.622,False,False,False,False,False,False,False,False,True,False,False,False
0.154,0.000,-0.287,-0.291,-0.269,1.624,False,False,False,False,False,False,False,False,True,False,False,False
0.991,-0.125,0.470,-0.291,-0.089,1.626,False,False,False,False,False,False,False,False,True,False,False,False
-0.962,-0.341,0.046,-0.242,-0.125,1.399,False,False,False,False,False,False,False,False,True,False,False,True
2.037,0.000,-0.287,-0.291,-0.269,1.010,False,False,False,False,False,False,False,False,False,True,False,True
0.084,-0.341,-0.287,-0.291,-0.269,1.401,False,True,True,False,False,False,False,False,True,False,False,True
-0.334,4.936,-0.287,1.778,-0.043,1.401,False,True,False,False,False,False,False,False,True,False,False,True
1.409,-0.341,-0.244,-0.137,-0.256,1.012,False,False,False,False,False,False,False,False,False,True,False,True
3.083,-0.066,-0.287,1.115,1.451,-1.011,True,False,False,False,False,False,False,False,False,False,False,True
-1.031,-0.341,-0.287,-0.291,-0.269,-1.011,True,False,True,False,False,False,False,False,False,False,False,True
1.479,-0.341,-0.287,-0.291,-0.269,-1.011,True,False,True,False,False,False,False,False,False,False,False,True
-1.171,-0.341,-0.287,-0.291,-0.269,-1.011,True,False,False,False,False,False,False,False,False,False,False,True
-1.868,-0.341,-0.287,-0.291,-0.269,1.012,False,False,True,False,False,False,False,False,False,True,False,False
1.409,0.198,-0.006,-0.277,-0.269,1.012,False,False,False,False,False,False,False,False,False,True,False,False
0.224,-0.341,-0.287,-0.291,-0.269,1.012,False,False,True,False,False,False,False,False,False,True,False,False
-0.125,-0.341,-0.287,-0.291,-0.269,1.016,False,False,True,False,False,False,False,False,False,True,False,False
0.294,-0.341,-0.287,-0.291,-0.269,1.628,False,True,True,False,False,False,False,False,True,False,False,False
-0.404,-0.330,-0.287,-0.291,0.437,-0.285,False,False,False,False,False,False,False,True,False,False,False,True
-0.404,-0.341,-0.287,-0.291,-0.000,1.016,False,False,True,False,False,False,False,False,False,True,False,True
0.991,-0.341,-0.287,-0.291,-0.269,-0.319,False,True,True,False,False,False,False,True,False,False,False,False
0.503,2.558,-0.287,-0.291,-0.269,1.403,False,False,False,False,False,False,False,False,True,False,False,True
-0.195,-0.341,-0.287,-0.291,-0.269,1.630,False,True,True,False,False,False,False,False,True,False,False,False
0.015,0.000,-0.287,-0.291,-0.269,-0.281,False,True,True,False,False,False,False,True,False,False,False,True
-0.543,-0.341,0.000,-0.291,-0.269,-0.664,True,False,True,False,True,False,False,False,False,False,False,True
0.084,-0.341,-0.287,-0.291,-0.269,-0.664,True,False,True,False,True,False,False,False,False,False,False,True
-0.404,-0.233,-0.287,2.013,0.516,-0.279,False,True,False,False,False,False,False,True,False,False,False,True
-1.101,-0.341,-0.287,-0.291,-0.269,-0.755,True,False,True,False,False,False,True,False,False,False,False,False
-0.474,0.774,-0.201,0.000,-0.269,1.634,False,False,False,False,False,False,False,False,True,False,False,False
-0.264,-0.341,-0.287,-0.291,-0.269,1.020,False,False,True,False,False,False,False,False,False,True,False,False
1.618,-0.338,-0.258,1.048,0.413,-0.317,False,False,False,False,False,False,False,True,False,False,False,False
-0.474,-0.341,0.184,-0.261,-0.253,-0.277,False,False,False,False,False,False,False,True,False,False,False,True
0.154,-0.341,0.719,6.502,-0.160,-0.747,True,False,False,False,False,True,False,False,False,False,False,False
-0.404,4.527,-0.285,0.116,-0.269,-0.315,False,True,False,False,False,False,False,True,False,False,False,False
0.433,-0.307,-0.287,1.683,-0.240,1.409,False,False,False,False,False,False,False,False,True,False,False,True
-0.195,-0.341,-0.287,-0.291,-0.269,-0.725,True,False,True,False,True,False,False,False,False,False,False,False
-1.031,-0.341,-0.287,-0.291,-0.269,-0.725,True,False,True,False,True,False,False,False,False,False,False,False
0.712,-0.341,-0.250,-0.291,3.856,-0.725,True,False,False,False,True,False,False,False,False,False,False,False
-1.450,-0.341,-0.287,-0.291,-0.269,-0.725,True,False,False,False,True,False,False,False,False,False,False,False
0.015,-0.341,-0.287,-0.291,-0.269,1.020,False,False,True,False,False,False,False,False,False,True,False,True
-0.962,-0.341,-0.287,-0.291,-0.269,1.022,False,False,True,False,False,False,False,False,False,True,False,True
1.340,-0.341,-0.287,-0.291,-0.269,1.024,False,False,True,False,False,False,False,False,False,True,False,True
-1.380,-0.341,-0.287,-0.291,-0.269,1.024,False,False,False,False,False,False,False,False,False,True,False,True
-0.264,-0.341,-0.281,1.231,-0.254,1.411,False,False,False,False,False,False,False,False,True,False,False,True
-1.101,-0.341,-0.287,-0.291,-0.269,-1.037,True,False,True,False,False,False,False,False,False,False,False,False
-0.264,-0.341,-0.287,-0.291,-0.269,-1.037,True,False,True,False,False,False,False,False,False,False,False,False
-0.125,-0.236,1.518,-0.291,3.083,-0.767,True,False,False,False,False,False,True,False,False,False,False,True
0.224,-0.341,-0.287,-0.291,-0.269,-0.767,True,False,True,False,False,False,True,False,False,False,False,True
-0.613,-0.341,10.976,-0.125,-0.219,-0.678,True,False,False,False,False,True,False,False,False,False,False,True
0.782,8.911,4.461,1.149,-0.100,-0.678,True,False,False,False,False,True,False,False,False,False,False,True
-0.752,-0.341,-0.276,-0.169,-0.247,1.640,False,False,False,False,False,False,False,False,True,False,False,False
-0.543,-0.341,-0.287,1.217,-0.269,1.642,False,False,False,False,False,False,False,False,True,False,False,False
0.642,-0.053,-0.287,0.740,-0.000,1.026,False,False,False,False,False,False,False,False,False,True,False,True
2.316,0.208,0.371,-0.214,0.463,-1.035,True,False,False,False,False,False,False,False,False,False,False,False
-0.404,-0.341,-0.287,-0.291,-0.269,1.032,False,False,True,False,False,False,False,False,False,True,False,True
1.340,2.981,-0.287,-0.003,-0.269,1.418,False,True,False,True,False,False,False,False,True,False,False,True
-0.125,-0.341,-0.287,-0.291,-0.269,-0.275,False,True,True,False,False,False,False,True,False,False,False,True
0.224,-0.341,-0.287,-0.291,-0.269,1.645,False,True,True,False,False,False,False,False,True,False,False,False
1.688,-0.341,-0.287,-0.291,-0.269,-0.313,False,True,False,False,False,False,False,True,False,False,False,False
-0.195,-0.341,-0.287,-0.289,0.082,1.034,False,False,False,False,False,False,False,False,False,True,False,True
1.200,0.000,-0.287,-0.291,-0.269,1.420,False,True,True,False,False,False,False,False,True,False,False,True
0.224,-0.341,-0.083,-0.239,0.212,1.037,False,False,False,False,False,False,False,False,False,True,False,True
0.782,0.966,-0.287,-0.291,-0.217,1.422,False,False,False,False,False,False,False,False,True,False,False,True
-0.125,0.758,-0.287,2.488,-0.269,-0.753,False,True,False,False,False,False,True,False,False,False,False,False
-0.055,-0.341,0.132,-0.291,-0.267,1.424,False,False,False,False,False,False,False,False,True,False,False,True
0.015,-0.341,-0.287,-0.291,-0.269,-0.662,True,False,True,False,True,False,False,False,False,False,False,True
0.572,-0.341,-0.287,-0.291,-0.269,1.426,False,True,True,False,False,False,False,False,True,False,False,True
-2.008,-0.341,-0.287,-0.291,-0.269,1.426,False,True,False,False,False,False,False,False,True,False,False,True
-1.171,-0.341,-0.287,-0.291,-0.269,1.426,False,True,False,False,False,False,False,False,True,False,False,True
-0.264,-0.341,2.605,-0.291,1.424,-0.743,True,False,False,False,False,True,False,False,False,False,False,False
-0.125,0.376,-0.287,0.672,-0.269,-0.271,False,True,False,False,False,False,False,True,False,False,False,True
-1.798,-0.341,-0.287,-0.291,-0.269,1.428,False,True,False,False,False,False,False,False,True,False,False,True
-1.380,-0.341,-0.287,-0.291,-0.269,1.428,False,True,False,False,False,False,False,False,True,False,False,True
-0.125,-0.119,2.087,0.529,-0.253,-0.334,True,False,False,False,False,False,False,False,True,False,False,True
2.107,-0.341,-0.287,-0.291,-0.269,-1.033,True,False,False,False,False,False,False,False,False,False,False,False
-0.334,-0.341,-0.287,-0.291,-0.269,-1.033,True,False,False,False,False,False,False,False,False,False,False,False
-0.892,-0.341,-0.287,-0.291,-0.269,1.039,False,False,True,False,False,False,False,False,False,True,False,True
-0.892,0.419,0.324,1.658,-0.269,1.430,False,True,False,False,False,False,False,False,True,False,False,True
1.200,-0.341,-0.287,-0.291,-0.269,-0.749,True,False,True,False,False,False,True,False,False,False,False,False
-0.264,-0.341,0.608,-0.291,-0.269,1.647,False,False,False,False,False,False,False,False,True,False,False,False
0.712,-0.144,0.177,-0.291,-0.269,1.432,False,False,False,False,False,False,False,False,True,False,False,True
-0.962,-0.341,-0.287,-0.291,-0.230,-0.269,False,False,False,False,False,False,False,True,False,False,False,True
-0.892,-0.275,-0.285,0.965,-0.269,1.432,False,False,False,False,False,False,False,False,True,False,False,True
0.433,2.265,2.466,1.408,-0.257,1.649,False,True,False,False,False,False,False,False,True,False,False,False
0.991,0.460,-0.279,2.359,-0.269,-0.309,False,True,False,False,False,False,False,True,False,False,False,False
-1.519,-0.341,-0.287,-0.291,-0.269,1.649,False,True,True,False,False,False,False,False,True,False,False,False
0.015,-0.341,-0.287,-0.291,-0.269,1.028,False,False,True,False,False,False,False,False,False,True,False,False
2.176,-0.341,0.315,-0.214,14.798,-0.676,True,False,False,False,False,True,False,False,False,False,False,True
1.409,-0.078,-0.287,-0.261,-0.268,1.041,False,False,False,False,False,False,False,False,False,True,False,True
1.479,-0.162,-0.287,1.452,-0.269,1.434,False,True,False,False,False,False,False,False,True,False,False,True
0.782,-0.341,-0.212,-0.291,0.012,-0.741,True,False,False,False,False,True,False,False,False,False,False,False
1.409,-0.341,-0.287,-0.291,-0.269,1.436,False,True,True,False,False,False,False,False,True,False,False,True
-0.752,2.673,-0.287,-0.132,-0.269,-0.267,False,True,False,False,False,False,False,True,False,False,False,True
0.015,-0.341,-0.287,-0.291,-0.269,1.438,False,True,True,False,False,False,False,False,True,False,False,True
1.897,1.168,-0.287,0.005,0.383,1.651,False,True,False,True,False,False,False,False,True,False,False,False
0.015,-0.341,-0.287,-0.291,-0.269,1.045,False,False,True,False,False,False,False,False,False,True,False,True
0.015,-0.341,-0.281,-0.291,0.591,-0.265,False,False,False,False,False,False,False,True,False,False,False,True
-0.474,-0.341,0.913,3.208,-0.269,-0.674,True,False,False,False,False,True,False,False,False,False,False,True
-0.334,-0.341,-0.287,-0.291,-0.269,-0.674,True,False,True,False,False,True,False,False,False,False,False,True
-0.404,-0.236,3.539,-0.291,-0.080,-0.674,True,False,False,False,False,True,False,False,False,False,False,True
-0.055,-0.341,8.541,-0.291,0.059,-0.674,True,False,False,True,False,True,False,False,False,False,False,True
-0.683,-0.341,-0.287,-0.291,-0.269,-0.674,True,False,True,False,False,True,False,False,False,False,False,True
0.224,-0.341,-0.231,-0.291,-0.268,-0.674,True,False,False,False,False,True,False,False,False,False,False,True
0.572,-0.341,-0.287,-0.291,-0.269,1.047,False,False,False,False,False,False,False,False,False,True,False,True
-0.195,-0.341,-0.287,0.842,-0.174,1.034,False,False,False,False,False,False,False,False,False,True,False,False
0.991,2.606,-0.277,0.809,-0.269,1.655,False,False,False,False,False,False,False,False,True,False,False,False
-0.264,0.325,-0.287,-0.291,-0.269,-0.263,False,False,False,False,False,False,False,True,False,False,False,True
-1.241,-0.341,-0.287,-0.291,-0.269,1.049,False,False,False,False,False,False,False,False,False,True,False,True
-1.729,-0.341,-0.287,-0.291,-0.269,1.037,False,False,False,False,False,False,False,False,False,True,False,False
0.224,-0.341,-0.287,-0.291,-0.269,1.037,False,False,True,False,False,False,False,False,False,True,False,False
-0.962,-0.327,0.199,-0.284,-0.267,-0.307,False,False,False,False,False,False,False,True,False,False,False,False
-0.822,-0.341,-0.287,-0.291,-0.269,1.051,False,False,True,False,False,False,False,False,False,True,False,True
0.572,-0.341,-0.287,-0.291,-0.269,-0.739,True,False,True,False,False,True,False,False,False,False,False,False
-0.613,0.507,-0.287,-0.152,-0.269,1.053,False,False,False,False,False,False,False,False,False,True,False,True
1.270,-0.098,-0.287,1.772,-0.269,1.657,False,True,False,False,False,False,False,False,True,False,False,False
-0.892,1.521,-0.287,0.462,-0.000,-0.303,False,True,False,False,False,False,False,True,False,False,False,False
-1.450,-0.341,-0.287,-0.291,-0.269,1.055,False,False,True,False,False,False,False,False,False,True,False,True
-0.474,0.031,-0.287,-0.291,-0.268,1.041,False,False,False,False,False,False,False,False,False,True,False,False
0.712,-0.327,-0.287,0.859,-0.269,1.440,False,True,False,False,False,False,False,False,True,False,False,True
1.967,-0.341,-0.287,-0.291,-0.269,-0.660,True,False,True,False,True,False,False,False,False,False,False,True
0.015,-0.341,-0.287,-0.291,-0.269,-0.737,True,False,True,False,False,True,False,False,False,False,False,False
-0.125,-0.341,-0.287,-0.291,-0.269,-0.658,True,False,True,False,True,False,False,False,False,False,False,True
2.874,-0.298,-0.287,-0.291,-0.177,1.663,False,False,False,False,False,False,False,False,True,False,False,False
-1.101,-0.341,-0.287,-0.291,-0.269,-0.656,True,False,True,False,True,False,False,False,False,False,False,True
1.409,-0.341,0.815,-0.291,0.231,-0.656,True,False,False,False,True,False,False,False,False,False,False,True
-0.264,-0.341,-0.280,1.134,-0.178,-0.261,False,False,False,False,False,False,False,True,False,False,False,True
-0.683,-0.341,-0.287,-0.291,-0.269,-0.654,True,False,True,False,True,False,False,False,False,False,False,True
-0.962,-0.341,-0.287,-0.291,-0.269,-0.654,True,False,True,False,True,False,False,False,False,False,False,True
0.572,-0.301,1.530,-0.276,-0.234,-0.745,True,False,False,False,False,False,True,False,False,False,False,False
-0.125,-0.341,-0.287,-0.291,-0.269,-0.745,True,False,True,False,False,False,True,False,False,False,False,False
-0.055,2.688,-0.287,-0.269,-0.269,-0.299,False,True,False,False,False,False,False,True,False,False,False,False
-0.474,1.128,-0.258,-0.252,-0.269,-0.299,False,False,False,False,False,False,False,True,False,False,False,False
-0.195,-0.136,1.017,-0.279,-0.195,-0.652,True,False,False,False,True,False,False,False,False,False,False,True
-0.264,-0.250,-0.287,-0.291,0.417,1.063,False,False,False,False,False,False,False,False,False,True,False,True
-0.683,-0.341,-0.287,-0.291,-0.265,1.065,False,False,False,False,False,False,False,False,False,True,False,True
-0.613,5.479,-0.252,3.002,-0.267,1.444,False,True,False,False,False,False,False,False,True,False,False,True
0.433,-0.341,-0.243,0.765,-0.269,1.673,False,False,False,False,False,False,False,False,True,False,False,False
0.572,1.101,-0.287,-0.291,-0.269,1.677,False,False,False,False,False,False,False,False,True,False,False,False
0.572,-0.341,5.963,-0.291,0.328,-0.672,True,False,False,False,False,True,False,False,False,False,False,True
-1.101,-0.341,-0.216,0.851,-0.263,1.679,False,False,False,False,False,False,False,False,True,False,False,False
-0.613,-0.341,0.000,-0.291,0.894,1.679,False,False,False,False,False,False,False,False,True,False,False,False
2.525,4.750,-0.287,-0.271,-0.269,-0.334,False,True,False,False,False,False,False,False,True,False,False,True
0.015,0.351,-0.143,0.317,-0.269,-0.259,False,True,False,False,False,False,False,True,False,False,False,True
-2.008,-0.341,-0.287,-0.291,-0.000,-0.733,True,False,False,False,False,True,False,False,False,False,False,False
-1.729,-0.341,-0.287,-0.291,-0.269,-0.733,True,False,False,False,False,True,False,False,False,False,False,False
-0.683,-0.341,-0.287,-0.291,-0.269,-0.733,True,False,True,False,False,True,False,False,False,False,False,False
-0.822,-0.341,-0.287,-0.291,-0.269,-0.733,True,False,True,False,False,True,False,False,False,False,False,False
-0.055,-0.341,2.330,-0.291,0.102,-0.733,True,False,False,False,False,True,False,False,False,False,False,False
-0.055,-0.341,-0.187,-0.291,0.989,-0.733,True,False,False,False,False,True,False,False,False,False,False,False
-0.543,-0.341,-0.287,-0.291,0.320,1.045,False,False,False,False,False,False,False,False,False,True,False,False
1.130,-0.339,-0.278,-0.217,1.091,-0.257,False,False,False,False,False,False,False,True,False,False,False,True
-0.543,-0.300,0.000,1.018,-0.269,1.047,False,False,False,False,False,False,False,False,False,True,False,False
-0.613,-0.341,-0.287,-0.291,-0.269,1.067,False,False,True,False,False,False,False,False,False,True,False,True
0.642,-0.341,0.218,-0.286,-0.269,1.067,False,False,False,False,False,False,False,False,False,True,False,True
-0.334,-0.341,0.273,-0.291,-0.262,-0.297,False,False,False,False,False,False,False,True,False,False,False,False
-0.474,0.739,-0.284,-0.174,-0.269,-0.295,False,False,False,False,False,False,False,True,False,False,False,False
1.061,-0.336,-0.287,-0.236,-0.269,1.450,False,False,False,False,False,False,False,False,True,False,False,True
0.851,-0.341,-0.287,-0.291,0.285,1.452,False,False,False,False,False,False,False,False,True,False,False,True
-0.543,-0.341,-0.287,-0.291,-0.269,1.049,False,False,True,False,False,False,False,False,False,True,False,False
-0.195,2.641,-0.287,-0.097,-0.269,1.685,False,True,False,False,False,False,False,False,True,False,False,False
1.758,-0.341,-0.287,-0.291,-0.269,1.685,False,True,True,False,False,False,False,False,True,False,False,False
-0.683,2.633,-0.287,-0.289,-0.269,1.685,False,True,False,False,False,False,False,False,True,False,False,False
0.224,-0.341,-0.135,-0.291,0.416,1.069,False,False,False,False,False,False,False,False,False,True,False,True
-0.125,-0.341,-0.287,-0.291,-0.269,1.071,False,False,True,False,False,False,False,False,False,True,False,True
-0.195,0.499,0.532,-0.237,1.101,-0.731,True,False,False,False,False,True,False,False,False,False,False,False
-0.055,-0.341,2.435,-0.291,-0.269,-0.731,True,False,False,False,False,True,False,False,False,False,False,False
-0.543,-0.339,-0.274,-0.291,-0.267,-0.334,False,False,False,False,False,False,False,False,True,False,False,True
0.642,-0.341,0.147,-0.291,-0.269,-0.717,True,False,False,False,True,False,False,False,False,False,False,False
0.991,-0.341,-0.287,-0.291,-0.000,-0.717,True,False,True,False,True,False,False,False,False,False,False,False
-1.171,-0.341,-0.287,-0.291,-0.269,1.055,False,False,False,False,False,False,False,False,False,True,False,False
-0.264,-0.341,-0.287,-0.291,-0.269,1.055,False,False,True,False,False,False,False,False,False,True,False,False
-0.125,-0.341,-0.287,-0.291,-0.269,1.055,False,False,True,False,False,False,False,False,False,True,False,False
-0.474,-0.341,-0.287,-0.291,-0.269,-0.650,True,False,True,False,True,False,False,False,False,False,False,True
-0.613,-0.341,-0.115,2.538,4.584,-0.650,True,False,False,False,True,False,False,False,False,False,False,True
-0.334,-0.341,-0.251,0.744,-0.233,1.456,False,False,False,False,False,False,False,False,True,False,False,True
0.363,-0.341,-0.010,0.002,-0.266,1.689,False,False,False,False,False,False,False,False,True,False,False,False
0.921,1.263,-0.287,-0.291,-0.269,-0.743,False,True,False,False,False,False,True,False,False,False,False,False
-0.334,3.087,-0.287,-0.132,-0.269,1.691,False,True,False,False,False,False,False,False,True,False,False,False
-0.055,-0.341,-0.287,0.186,0.028,1.693,False,False,False,False,False,False,False,False,True,False,False,False
0.015,1.034,-0.287,-0.291,-0.269,-0.291,False,True,False,False,False,False,False,True,False,False,False,False
0.154,-0.341,-0.287,-0.291,-0.269,-0.757,True,False,True,False,False,False,True,False,False,False,False,True
0.015,1.005,-0.287,-0.289,-0.269,1.075,False,False,False,False,False,False,False,False,False,True,False,True
-1.031,0.000,-0.287,0.379,-0.269,1.462,False,False,False,False,False,False,False,False,True,False,False,True
-0.892,-0.341,-0.277,1.736,-0.247,1.464,False,False,False,False,False,False,False,False,True,False,False,True
-0.892,-0.341,-0.287,-0.291,-0.269,1.077,False,False,True,False,False,False,False,False,False,True,False,True
-0.125,-0.341,1.530,0.812,-0.259,-0.289,True,False,False,False,False,False,False,True,False,False,False,False
-0.125,-0.341,0.337,-0.291,0.448,-0.289,True,False,False,False,False,False,False,True,False,False,False,False
-0.404,0.840,-0.283,-0.276,-0.269,1.466,False,False,False,False,False,False,False,False,True,False,False,True
-0.892,0.293,-0.165,-0.123,-0.190,1.079,False,False,False,False,False,False,False,False,False,True,False,True
0.084,-0.341,-0.284,-0.291,0.997,1.468,False,False,False,False,False,False,False,False,True,False,False,True
-0.334,0.369,-0.287,-0.018,-0.269,1.695,False,False,False,False,False,False,False,False,True,False,False,False
0.503,-0.341,-0.287,-0.291,-0.269,1.081,False,False,True,False,False,False,False,False,False,True,False,True
-0.264,-0.341,1.915,-0.257,1.018,-0.670,True,False,False,False,False,True,False,False,False,False,False,True
0.015,-0.341,-0.287,-0.291,-0.269,-0.729,True,False,True,False,False,True,False,False,False,False,False,False
-0.543,-0.341,-0.287,-0.291,-0.269,1.057,False,False,True,False,False,False,False,False,False,True,False,False
-0.195,-0.341,-0.287,-0.291,-0.269,1.059,False,False,True,False,False,False,False,False,False,True,False,False
0.084,-0.341,-0.287,-0.291,-0.269,-0.255,False,True,False,False,False,False,False,True,False,False,False,True
0.154,-0.341,-0.287,0.909,-0.269,1.699,False,False,False,False,False,False,False,False,True,False,False,False
-0.613,-0.341,0.183,1.311,0.368,1.699,False,False,False,False,False,False,False,False,True,False,False,False
-0.125,-0.341,-0.287,-0.291,-0.269,1.083,False,False,True,False,False,False,False,False,False,True,False,True
0.294,-0.341,-0.287,-0.291,-0.269,1.085,False,False,True,False,False,False,False,False,False,True,False,True
0.433,-0.341,3.195,-0.281,-0.070,-0.753,True,False,False,False,False,False,True,False,False,False,False,True
1.200,-0.341,0.129,-0.291,1.652,-0.753,True,False,False,False,False,False,True,False,False,False,False,True
2.386,-0.341,-0.287,-0.291,-0.269,1.087,False,False,True,False,False,False,False,False,False,True,False,True
0.572,-0.341,0.765,-0.291,2.491,-1.007,True,False,False,False,False,False,False,False,False,False,False,True
-0.404,-0.301,-0.120,0.385,-0.269,-0.287,False,False,False,False,False,False,False,True,False,False,False,False
-1.659,-0.341,-0.287,-0.291,-0.269,1.089,False,False,False,False,False,False,False,False,False,True,False,True
-0.892,-0.341,0.000,-0.291,-0.269,1.089,False,False,True,False,False,False,False,False,False,True,False,True
-0.613,-0.341,-0.287,3.610,-0.269,1.701,False,False,False,False,False,False,False,False,True,False,False,False
1.409,-0.341,-0.287,-0.291,-0.269,1.701,False,False,True,False,False,False,False,False,True,False,False,False
-1.798,-0.341,-0.287,-0.291,-0.269,1.063,False,False,False,False,False,False,False,False,False,True,False,False
0.851,-0.341,-0.177,0.402,-0.269,1.703,False,False,False,False,False,False,False,False,True,False,False,False
-0.125,1.503,-0.287,-0.241,-0.269,1.470,False,True,False,False,False,False,False,False,True,False,False,True
-1.031,-0.341,-0.287,-0.291,-0.269,1.065,False,False,True,False,False,False,False,False,False,True,False,False
-0.195,0.845,-0.287,-0.291,-0.268,-0.751,False,True,False,False,False,False,True,False,False,False,False,True
1.549,-0.341,-0.287,-0.291,-0.269,1.067,False,False,True,False,False,False,False,False,False,True,False,False
0.503,-0.256,0.000,-0.155,0.144,1.707,False,False,False,False,False,False,False,False,True,False,False,False
-0.892,-0.341,-0.287,-0.291,-0.269,1.093,False,False,True,False,False,False,False,False,False,True,False,True
-0.752,-0.341,-0.287,-0.291,-0.269,1.474,False,True,True,False,False,False,False,False,True,False,False,True
1.340,-0.341,-0.287,0.000,-0.269,1.069,False,False,True,False,False,False,False,False,False,True,False,False
-0.334,0.016,-0.287,2.458,-0.067,-0.741,False,True,False,False,False,False,True,False,False,False,False,False
-0.683,1.240,-0.287,-0.060,-0.269,-0.739,False,True,False,False,False,False,True,False,False,False,False,False
-0.543,-0.341,-0.287,-0.291,-0.269,1.097,False,False,True,False,False,False,False,False,False,True,False,True
-0.334,0.163,-0.282,0.305,-0.269,1.709,False,False,False,False,False,False,False,False,True,False,False,False
-0.543,-0.341,-0.287,-0.291,-0.269,1.099,False,False,True,False,False,False,False,False,False,True,False,True
-1.101,-0.341,0.339,-0.291,-0.265,1.476,False,False,False,False,False,False,False,False,True,False,False,True
0.712,-0.277,-0.287,0.298,0.057,-0.737,False,True,False,False,False,False,True,False,False,False,False,False
-0.125,-0.341,-0.287,-0.291,-0.269,-0.251,True,False,False,False,False,False,False,True,False,False,False,True
-0.404,-0.244,-0.285,-0.291,-0.000,1.711,False,False,False,False,False,False,False,False,True,False,False,False
0.991,-0.341,1.025,-0.291,-0.243,-0.749,True,False,False,False,False,False,True,False,False,False,False,True
-0.683,4.710,0.263,1.259,-0.269,1.480,False,True,False,False,False,False,False,False,True,False,False,True
0.084,-0.341,-0.287,0.000,-0.269,1.482,False,True,True,False,False,False,False,False,True,False,False,True
1.618,-0.341,-0.287,-0.291,-0.269,1.101,False,False,True,False,False,False,False,False,False,True,False,True
0.433,3.031,0.000,-0.115,-0.269,1.103,False,False,False,False,False,False,False,False,False,True,False,True
-0.892,-0.335,0.758,-0.291,-0.234,1.105,False,False,False,False,False,False,False,False,False,True,False,True
-0.543,-0.341,-0.279,-0.291,-0.119,1.713,False,False,False,False,False,False,False,False,True,False,False,False
1.130,-0.341,-0.287,-0.291,0.256,1.488,False,False,False,False,False,False,False,False,True,False,False,True
-0.474,-0.341,-0.209,-0.291,-0.269,-0.246,False,False,False,False,False,False,False,True,False,False,False,True
-0.125,-0.341,-0.287,-0.291,-0.269,1.111,False,False,True,False,False,False,False,False,False,True,False,True
-2.008,-0.341,-0.287,-0.291,-0.269,1.111,False,False,False,False,False,False,False,False,False,True,False,True
2.386,0.457,-0.286,-0.291,-0.269,1.112,False,False,False,False,False,False,False,False,False,True,False,True
1.897,-0.339,-0.286,-0.291,-0.000,1.490,False,False,False,False,False,False,False,False,True,False,False,True
0.782,-0.341,-0.287,-0.291,-0.000,1.114,False,False,True,False,False,False,False,False,False,True,False,True
-1.938,-0.341,-0.287,-0.291,-0.269,1.116,False,False,True,False,False,False,False,False,False,True,False,True
-0.334,-0.341,0.000,-0.286,-0.265,1.491,False,False,False,False,False,False,False,False,True,False,False,True
0.503,-0.309,-0.287,1.122,-0.269,1.493,False,False,False,False,False,False,False,False,True,False,False,True
-1.101,0.029,-0.287,-0.123,-0.257,1.118,False,False,False,False,False,False,False,False,False,True,False,True
-1.101,-0.341,0.166,-0.291,-0.262,1.495,False,False,False,False,False,False,False,False,True,False,False,True
0.572,-0.341,-0.287,-0.291,-0.269,1.073,False,False,True,False,False,False,False,False,False,True,False,False
1.061,-0.124,-0.258,-0.291,-0.192,-0.244,False,False,False,False,False,False,False,True,False,False,False,True
0.224,-0.341,-0.287,-0.291,-0.269,-0.666,True,False,True,False,False,True,False,False,False,False,False,True
1.967,-0.341,-0.287,-0.291,-0.269,-0.666,True,False,False,False,False,True,False,False,False,False,False,True
-0.195,-0.341,-0.188,-0.291,0.536,1.497,False,False,False,False,False,False,False,False,True,False,False,True
2.316,0.346,-0.287,2.908,-0.269,1.717,False,True,False,False,False,False,False,False,True,False,False,False
-1.868,-0.341,-0.287,-0.291,-0.269,1.717,False,True,True,False,False,False,False,False,True,False,False,False
-1.938,-0.341,-0.287,-0.291,-0.269,1.717,False,True,True,False,False,False,False,False,True,False,False,False
-0.334,0.554,-0.287,-0.289,-0.255,1.718,False,False,False,False,False,False,False,False,True,False,False,False
-1.938,-0.341,-0.287,-0.291,-0.269,1.075,False,False,True,False,False,False,False,False,False,True,False,False
2.386,-0.341,0.178,-0.291,-0.266,1.720,False,False,False,False,False,False,False,False,True,False,False,False
-0.613,1.236,1.273,-0.291,-0.108,-0.747,True,False,False,False,False,False,True,False,False,False,False,True
-0.962,-0.341,0.095,0.156,-0.269,1.722,False,False,False,False,False,False,False,False,True,False,False,False
0.224,-0.341,-0.287,-0.291,-0.269,1.077,False,False,True,False,False,False,False,False,False,True,False,False
-0.334,-0.248,-0.038,0.019,-0.269,1.724,False,False,False,False,False,False,False,False,True,False,False,False
0.224,-0.341,-0.287,-0.291,-0.269,1.079,False,False,True,False,False,False,False,False,False,True,False,False
0.503,-0.325,1.267,3.191,0.020,-0.281,True,False,False,False,False,False,False,True,False,False,False,False
-1.101,-0.341,-0.287,-0.291,-0.269,1.081,False,False,True,False,False,False,False,False,False,True,False,False
0.015,-0.341,-0.287,-0.291,-0.269,-0.664,True,False,True,False,False,True,False,False,False,False,False,True
-0.125,-0.341,-0.279,-0.291,1.783,-0.664,True,False,False,False,False,True,False,False,False,False,False,True
0.084,-0.341,-0.287,-0.291,-0.269,-0.664,True,False,True,False,False,True,False,False,False,False,False,True
-0.125,-0.341,-0.260,7.679,-0.233,-1.029,True,False,False,False,False,False,False,False,False,False,False,False
-1.031,-0.341,1.672,-0.224,-0.102,-1.029,True,False,False,False,False,False,False,False,False,False,False,False
0.224,0.458,0.881,-0.291,2.295,-1.029,True,False,False,True,False,False,False,False,False,False,False,False
0.294,-0.341,-0.277,-0.271,-0.258,-1.029,True,False,False,True,False,False,False,False,False,False,False,False
0.433,-0.336,-0.287,0.799,-0.200,1.499,False,False,False,False,False,False,False,False,True,False,False,True
-0.543,0.116,0.000,-0.259,-0.269,1.726,False,False,False,False,False,False,False,False,True,False,False,False
1.967,1.033,-0.274,-0.291,0.076,-0.727,False,False,False,False,False,True,False,False,False,False,False,False
0.921,-0.100,2.464,-0.287,0.159,-0.727,True,False,False,False,False,True,False,False,False,False,False,False
-0.613,-0.341,-0.284,0.633,-0.269,1.730,False,False,False,False,False,False,False,False,True,False,False,False
-0.752,-0.341,-0.287,-0.291,-0.269,1.501,False,True,True,False,False,False,False,False,True,False,False,True
1.409,-0.341,4.532,-0.291,-0.269,-0.648,True,False,False,False,True,False,False,False,False,False,False,True
-0.404,-0.341,-0.285,-0.291,0.213,1.503,False,False,False,False,False,False,False,False,True,False,False,True
-0.334,1.263,-0.287,-0.291,-0.269,1.505,False,True,False,False,False,False,False,False,True,False,False,True
-0.334,-0.341,-0.287,-0.291,0.399,1.509,False,False,False,False,False,False,False,False,True,False,False,True
-0.404,-0.327,-0.287,-0.291,-0.173,1.509,False,False,False,False,False,False,False,False,True,False,False,True
-0.334,-0.341,0.019,-0.256,-0.107,1.511,False,False,False,False,False,False,False,False,True,False,False,True
-0.195,-0.341,-0.287,-0.291,-0.269,1.085,False,False,True,False,False,False,False,False,False,True,False,False
-0.055,-0.341,-0.287,-0.291,-0.269,-0.711,True,False,True,False,True,False,False,False,False,False,False,False
-0.822,-0.341,0.579,-0.287,-0.269,1.734,False,False,False,False,False,False,False,False,True,False,False,False
-0.613,0.288,0.013,-0.291,-0.058,1.736,False,False,False,False,False,False,False,False,True,False,False,False
-0.474,-0.341,-0.287,-0.291,0.791,1.513,False,False,False,False,False,False,False,False,True,False,False,True
-0.404,-0.341,-0.287,-0.291,-0.269,-0.646,True,False,True,False,True,False,False,False,False,False,False,True
-0.474,-0.341,-0.287,-0.291,-0.269,-0.646,True,False,True,False,True,False,False,False,False,False,False,True
0.015,-0.336,-0.287,0.821,-0.239,1.519,False,False,False,False,False,False,False,False,True,False,False,True
-0.125,-0.341,2.319,-0.291,-0.232,-0.709,True,False,False,False,True,False,False,False,False,False,False,False
0.154,-0.341,-0.287,0.000,-0.269,-0.709,True,False,True,False,True,False,False,False,False,False,False,False
0.572,-0.339,2.511,-0.289,-0.266,-0.707,True,False,False,False,True,False,False,False,False,False,False,False
1.061,-0.341,2.424,-0.286,-0.223,-0.707,True,False,False,False,True,False,False,False,False,False,False,False
0.363,-0.341,1.351,-0.289,2.126,-0.707,True,False,False,False,True,False,False,False,False,False,False,False
-0.404,0.572,-0.287,-0.291,-0.248,1.122,False,False,False,False,False,False,False,False,False,True,False,True
-0.752,0.352,-0.287,-0.272,-0.269,1.523,False,False,False,False,False,False,False,False,True,False,False,True
-0.752,-0.341,-0.287,-0.291,-0.269,1.089,False,False,True,False,False,False,False,False,False,True,False,False
-0.404,0.000,-0.203,0.516,-0.245,1.742,False,False,False,False,False,False,False,False,True,False,False,False
-0.752,-0.341,-0.281,-0.291,0.382,1.529,False,False,False,False,False,False,False,False,True,False,False,True
-0.474,-0.341,-0.287,1.597,-0.229,-0.242,False,True,False,False,False,False,False,True,False,False,False,True
-1.310,-0.341,-0.287,-0.291,-0.269,-0.242,False,True,False,False,False,False,False,True,False,False,False,True
-0.125,-0.341,-0.287,-0.291,-0.269,-0.242,False,True,True,False,False,False,False,True,False,False,False,True
0.154,1.034,-0.287,0.441,-0.269,1.531,False,True,False,False,False,False,False,False,True,False,False,True
1.340,-0.341,-0.287,-0.291,-0.269,1.093,False,False,True,False,False,False,False,False,False,True,False,False
1.549,-0.341,-0.107,-0.291,-0.211,-1.006,True,False,False,True,False,False,False,False,False,False,False,True
-0.264,-0.341,-0.287,-0.291,-0.269,1.748,False,True,True,False,False,False,False,False,True,False,False,False
0.224,0.096,-0.287,0.700,-0.234,-0.271,False,True,False,False,False,False,False,True,False,False,False,False
-1.450,-0.341,-0.287,-0.291,-0.269,1.126,False,False,False,False,False,False,False,False,False,True,False,True
1.409,-0.341,-0.287,-0.291,-0.269,1.126,False,False,True,False,False,False,False,False,False,True,False,True
-0.055,-0.341,-0.287,-0.291,-0.255,1.537,False,False,False,False,False,False,False,False,True,False,False,True
-1.798,-0.341,-0.287,-0.291,-0.269,-0.240,False,True,False,False,False,False,False,True,False,False,False,True
-0.125,-0.341,-0.287,-0.291,-0.269,-0.240,False,True,False,False,False,False,False,True,False,False,False,True
0.154,-0.341,-0.287,-0.291,-0.269,-0.240,False,True,True,False,False,False,False,True,False,False,False,True
-1.241,-0.341,-0.287,-0.291,-0.269,-0.240,False,True,False,False,False,False,False,True,False,False,False,True
-0.125,-0.341,-0.287,-0.291,-0.269,-0.334,False,True,True,False,False,False,False,False,True,False,False,True
0.294,2.132,-0.287,0.971,-0.269,-0.745,False,True,False,False,False,False,True,False,False,False,False,True
0.224,-0.341,-0.287,-0.291,-0.269,-0.658,True,False,True,False,False,True,False,False,False,False,False,True
-0.613,-0.341,-0.287,-0.291,-0.269,1.097,False,False,True,False,False,False,False,False,False,True,False,False
0.294,-0.341,1.986,-0.291,0.170,-0.238,True,False,False,False,False,False,False,True,False,False,False,True
2.525,-0.275,-0.274,-0.254,0.376,1.754,False,False,False,False,False,False,False,False,True,False,False,False
-0.752,-0.341,-0.287,-0.291,-0.269,1.541,False,True,True,False,False,False,False,False,True,False,False,True
-0.683,0.966,-0.287,-0.282,-0.269,1.543,False,True,False,False,False,False,False,False,True,False,False,True
0.294,-0.341,2.018,-0.291,-0.268,-0.644,True,False,False,False,True,False,False,False,False,False,False,True
-0.125,-0.341,-0.280,1.037,-0.195,1.128,False,False,False,False,False,False,False,False,False,True,False,True
0.154,-0.341,-0.287,-0.291,-0.269,1.101,False,False,True,False,False,False,False,False,False,True,False,False
0.572,-0.341,-0.287,-0.291,-0.269,1.103,False,False,True,False,False,False,False,False,False,True,False,False
-0.683,-0.341,-0.287,-0.291,-0.269,1.105,False,False,True,False,False,False,False,False,False,True,False,False
-0.752,-0.341,-0.287,1.003,-0.265,1.756,False,False,False,False,False,False,False,False,True,False,False,False
1.270,-0.341,-0.287,-0.291,-0.269,-0.719,True,False,True,False,False,True,False,False,False,False,False,False
-0.195,-0.341,3.507,-0.291,0.543,-0.719,True,False,False,False,False,True,False,False,False,False,False,False
-0.264,-0.341,1.964,-0.291,-0.269,-0.719,True,False,False,False,False,True,False,False,False,False,False,False
0.642,-0.186,-0.280,-0.267,-0.269,1.547,False,False,False,False,False,False,False,False,True,False,False,True
1.688,-0.336,1.125,-0.291,-0.258,-0.269,False,False,False,False,False,False,False,True,False,False,False,False
0.642,-0.341,-0.075,-0.291,-0.269,-0.234,False,False,False,False,False,False,False,True,False,False,False,True
-0.055,-0.341,-0.287,0.000,-0.269,1.760,False,True,True,False,False,False,False,False,True,False,False,False
1.200,0.323,-0.110,1.289,0.044,-0.334,False,False,False,False,False,False,False,False,True,False,False,True
-0.752,-0.336,0.144,-0.291,-0.249,1.132,False,False,False,False,False,False,False,False,False,True,False,True
-1.031,-0.341,-0.287,-0.291,-0.269,-0.267,True,False,True,False,False,False,False,True,False,False,False,False
0.224,-0.341,0.571,-0.242,-0.250,-0.267,True,False,False,False,False,False,False,True,False,False,False,False
1.061,-0.341,-0.287,-0.264,3.529,-0.267,True,False,False,False,False,False,False,True,False,False,False,False
-0.055,-0.341,-0.287,-0.291,-0.269,1.109,False,False,True,False,False,False,False,False,False,True,False,False
-1.868,-0.341,-0.287,-0.291,-0.269,-0.717,True,False,False,False,False,True,False,False,False,False,False,False
-0.055,-0.341,1.529,-0.214,6.940,-0.717,True,False,False,False,False,True,False,False,False,False,False,False
-0.125,-0.341,-0.287,-0.291,-0.269,-0.717,True,False,True,True,False,True,False,False,False,False,False,False
0.015,-0.341,-0.287,-0.291,-0.269,-0.715,True,False,True,False,False,True,False,False,False,False,False,False
-1.031,-0.341,-0.287,-0.291,-0.269,1.134,False,False,True,False,False,False,False,False,False,True,False,True
-1.031,-0.341,-0.287,0.991,-0.269,1.764,False,False,False,False,False,False,False,False,True,False,False,False
-0.822,-0.341,-0.287,-0.291,-0.269,1.136,False,False,True,False,False,False,False,False,False,True,False,True
0.433,-0.113,-0.287,-0.130,-0.269,1.549,False,False,False,False,False,False,False,False,True,False,False,True
0.503,-0.341,-0.206,-0.291,0.123,1.551,False,False,False,False,False,False,False,False,True,False,False,True
1.549,-0.180,0.931,-0.098,-0.269,1.553,False,True,False,False,False,False,False,False,True,False,False,True
1.758,-0.339,-0.287,-0.108,-0.268,1.140,False,False,False,False,False,False,False,False,False,True,False,True
0.572,0.114,1.867,-0.291,-0.118,-0.656,True,False,False,False,False,True,False,False,False,False,False,True
0.572,0.479,-0.263,0.903,-0.269,-0.265,False,False,False,False,False,False,False,True,False,False,False,False
-0.334,-0.339,-0.166,-0.291,0.289,-0.263,False,False,False,False,False,False,False,True,False,False,False,False
-0.125,1.221,-0.287,-0.026,-0.244,1.559,False,True,False,False,False,False,False,False,True,False,False,True
0.642,0.602,0.540,-0.221,0.123,1.561,False,False,False,False,False,False,False,False,True,False,False,True
-0.055,-0.341,-0.287,-0.291,-0.269,1.112,False,False,True,False,False,False,False,False,False,True,False,False
-2.008,-0.341,-0.287,-0.291,-0.269,1.114,False,False,False,False,False,False,False,False,False,True,False,False
-0.892,-0.306,0.013,-0.291,0.060,1.768,False,False,False,False,False,False,False,False,True,False,False,False
-0.264,-0.341,-0.287,1.181,-0.269,1.770,False,False,False,False,False,False,False,False,True,False,False,False
-0.474,-0.295,-0.287,0.864,-0.269,1.565,False,False,False,False,False,False,False,False,True,False,False,True
-0.334,-0.341,-0.287,-0.291,-0.269,1.772,False,True,True,False,False,False,False,False,True,False,False,False
0.572,0.419,-0.287,0.009,-0.269,-0.261,False,False,False,False,False,False,False,True,False,False,False,False
-0.543,-0.309,-0.287,1.172,-0.269,1.774,False,True,False,False,False,False,False,False,True,False,False,False
1.688,-0.341,-0.287,-0.291,-0.269,-0.642,True,False,False,False,True,False,False,False,False,False,False,True
-2.008,-0.341,-0.287,-0.291,-0.269,-0.713,True,False,False,False,False,True,False,False,False,False,False,False
-1.868,-0.341,-0.287,-0.291,-0.269,-0.713,True,False,True,False,False,True,False,False,False,False,False,False
2.455,-0.341,-0.287,-0.291,-0.269,-0.713,True,False,True,False,False,True,False,False,False,False,False,False
-0.334,-0.341,1.545,-0.282,2.515,-0.334,True,False,False,False,False,False,False,False,True,False,False,True
0.782,-0.341,-0.287,-0.291,-0.269,-0.713,True,False,True,False,False,True,False,False,False,False,False,False
0.224,-0.341,-0.185,-0.291,-0.225,-0.713,True,False,False,False,False,True,False,False,False,False,False,False
1.758,-0.341,-0.089,-0.289,0.073,-0.705,True,False,False,True,True,False,False,False,False,False,False,False
0.084,-0.341,-0.287,-0.291,-0.269,1.142,False,False,True,False,False,False,False,False,False,True,False,True
0.572,-0.341,0.578,-0.073,-0.203,-1.025,True,False,False,False,False,False,False,False,False,False,False,False
-0.613,4.496,-0.287,0.062,-0.166,-0.228,False,True,False,False,False,False,False,True,False,False,False,True
-0.474,0.783,-0.287,1.430,-0.269,1.778,False,True,False,False,False,False,False,False,True,False,False,False
1.967,-0.341,-0.287,-0.291,-0.252,1.568,False,False,False,False,False,False,False,False,True,False,False,True
0.363,-0.341,-0.287,-0.291,-0.269,1.146,False,False,True,False,False,False,False,False,False,True,False,True
1.549,-0.341,0.327,0.166,0.101,-0.703,True,False,False,False,True,False,False,False,False,False,False,False
1.270,-0.341,-0.287,-0.291,-0.269,-0.259,False,True,True,False,False,False,False,True,False,False,False,False
-0.474,0.558,-0.266,-0.291,-0.269,1.118,False,False,False,False,False,False,False,False,False,True,False,False
0.503,-0.341,0.720,0.565,1.690,-0.702,True,False,False,False,True,False,False,False,False,False,False,False
-0.892,-0.341,-0.287,-0.291,-0.269,-0.334,False,False,True,False,False,False,False,False,True,False,False,True
2.176,-0.068,-0.287,0.402,-0.269,1.782,False,True,False,False,False,False,False,False,True,False,False,False
0.712,-0.042,-0.287,3.728,-0.269,1.570,False,True,False,False,False,False,False,False,True,False,False,True
-0.752,-0.266,-0.287,4.539,-0.269,1.570,False,True,False,False,False,False,False,False,True,False,False,True
0.084,-0.341,-0.287,-0.291,-0.269,-0.638,True,False,True,False,True,False,False,False,False,False,False,True
1.130,2.359,-0.287,-0.262,-0.249,1.576,False,True,False,False,False,False,False,False,True,False,False,True
0.084,-0.341,-0.287,-0.291,0.746,1.578,False,False,False,False,False,False,False,False,True,False,False,True
-0.543,1.245,-0.287,-0.291,-0.269,-0.226,False,False,False,False,False,False,False,True,False,False,False,True
-2.008,-0.341,-0.287,-0.291,-0.269,1.580,False,True,False,False,False,False,False,False,True,False,False,True
1.549,-0.280,0.162,2.901,-0.269,1.786,False,True,False,False,False,False,False,False,True,False,False,False
-0.474,-0.189,-0.287,1.467,-0.249,-0.257,False,True,False,False,False,False,False,True,False,False,False,False
-0.195,-0.341,0.275,-0.291,-0.268,-0.733,True,False,False,False,False,False,True,False,False,False,False,False
-1.310,-0.341,-0.287,-0.291,-0.269,1.124,False,False,False,False,False,False,False,False,False,True,False,False
-0.543,-0.277,0.093,-0.289,-0.181,-0.222,False,False,False,False,False,False,False,True,False,False,False,True
-1.031,-0.341,-0.287,-0.291,-0.269,1.126,False,False,True,False,False,False,False,False,False,True,False,False
-0.125,-0.341,-0.287,-0.271,0.418,-0.255,False,False,False,False,False,False,False,True,False,False,False,False
0.991,0.376,0.585,-0.291,-0.269,1.788,False,False,False,False,False,False,False,False,True,False,False,False
-0.474,-0.298,-0.166,-0.287,0.057,1.790,False,False,False,False,False,False,False,False,True,False,False,False
-0.474,0.267,-0.287,0.037,-0.158,1.582,False,False,False,False,False,False,False,False,True,False,False,True
-0.404,-0.341,-0.287,-0.291,-0.269,1.128,False,False,True,False,False,False,False,False,False,True,False,False
-0.264,-0.341,-0.287,-0.291,-0.269,-0.654,True,False,True,False,False,True,False,False,False,False,False,True
0.433,-0.341,-0.287,-0.291,-0.269,-0.654,True,False,False,False,False,True,False,False,False,False,False,True
0.084,-0.341,-0.287,-0.291,0.405,-0.253,False,False,False,False,False,False,False,True,False,False,False,False
0.572,-0.341,-0.287,-0.291,-0.269,1.132,False,False,True,False,False,False,False,False,False,True,False,False
-0.543,-0.248,-0.161,0.081,-0.216,1.134,False,False,False,False,False,False,False,False,False,True,False,False
0.503,-0.027,-0.287,0.462,-0.269,1.158,False,False,False,False,False,False,False,False,False,True,False,True
-1.101,0.122,0.078,-0.271,-0.269,1.795,False,False,False,False,False,False,False,False,True,False,False,False
-0.474,-0.341,0.115,-0.291,-0.269,1.797,False,False,False,False,False,False,False,False,True,False,False,False
0.503,-0.341,-0.287,0.000,-0.269,1.160,False,False,True,False,False,False,False,False,False,True,False,True
-0.822,0.000,-0.169,1.040,-0.269,-0.220,False,False,False,False,False,False,False,True,False,False,False,True
0.642,-0.341,-0.287,-0.291,-0.269,-0.711,True,False,True,False,False,True,False,False,False,False,False,False
0.363,8.692,-0.287,-0.286,-0.269,1.799,False,True,False,False,False,False,False,False,True,False,False,False
-0.613,-0.341,-0.287,-0.291,-0.269,1.801,False,True,False,False,False,False,False,False,True,False,False,False
-0.822,0.000,0.118,-0.209,-0.269,1.140,False,False,False,False,False,False,False,False,False,True,False,False
0.503,-0.341,-0.287,-0.291,-0.269,1.162,False,False,True,False,False,False,False,False,False,True,False,True
1.618,0.205,0.537,-0.277,-0.211,-1.023,True,False,False,False,False,False,False,False,False,False,False,False
0.224,-0.341,-0.287,-0.291,-0.269,-0.729,True,False,True,False,False,False,True,False,False,False,False,False
0.433,-0.341,-0.287,-0.291,-0.269,-0.729,True,False,True,False,False,False,True,False,False,False,False,False
-0.125,-0.341,-0.287,-0.291,-0.269,-0.729,True,False,True,False,False,False,True,False,False,False,False,False
0.503,-0.215,0.457,-0.291,0.380,-0.729,True,False,False,False,False,False,True,False,False,False,False,False
0.503,-0.294,1.961,-0.239,-0.269,-0.729,True,False,False,False,False,False,True,False,False,False,False,False
-0.543,0.000,-0.287,-0.291,0.065,-0.743,False,True,False,False,False,False,True,False,False,False,False,True
0.294,0.610,-0.287,-0.005,-0.154,-0.727,False,True,False,False,False,False,True,False,False,False,False,False
0.782,0.687,-0.287,0.093,-0.269,1.168,False,False,False,False,False,False,False,False,False,True,False,True
-0.334,-0.060,-0.287,0.509,-0.269,1.803,False,False,False,False,False,False,False,False,True,False,False,False
0.433,-0.341,-0.287,1.191,-0.269,1.170,False,False,False,False,False,False,False,False,False,True,False,True
0.015,-0.341,-0.287,-0.291,-0.269,1.805,False,True,True,False,False,False,False,False,True,False,False,False
0.294,0.763,-0.287,0.186,-0.269,-0.218,False,True,False,False,False,False,False,True,False,False,False,True
1.549,-0.336,-0.267,-0.271,0.522,-0.216,False,False,False,False,False,False,False,True,False,False,False,True
-1.310,-0.341,-0.287,-0.291,-0.269,1.807,False,True,True,False,False,False,False,False,True,False,False,False
0.851,-0.341,-0.287,-0.291,-0.269,1.172,False,False,True,False,False,False,False,False,False,True,False,True
-0.195,-0.339,-0.287,-0.291,0.365,-0.248,False,False,False,False,False,False,False,True,False,False,False,False
0.712,-0.312,-0.223,-0.291,-0.269,1.596,False,False,False,False,False,False,False,False,True,False,False,True
-1.031,0.778,-0.284,0.206,-0.269,1.809,False,True,False,False,False,False,False,False,True,False,False,False
-0.055,1.265,-0.287,-0.281,-0.269,-0.725,False,True,False,False,False,False,True,False,False,False,False,False
-0.752,-0.341,0.308,-0.291,-0.269,1.811,False,False,False,False,False,False,False,False,True,False,False,False
0.851,3.834,-0.038,-0.256,-0.269,-0.721,False,True,False,False,False,False,True,False,False,False,False,False
0.294,-0.341,-0.287,-0.291,-0.269,-0.709,True,False,False,False,False,True,False,False,False,False,False,False
-0.195,0.893,-0.287,-0.242,-0.109,1.817,False,False,False,False,False,False,False,False,True,False,False,False
0.154,-0.341,0.000,-0.291,-0.269,1.819,False,True,True,False,False,False,False,False,True,False,False,False
2.386,-0.341,-0.287,0.419,1.520,1.602,False,False,False,False,False,False,False,False,True,False,False,True
0.084,-0.341,-0.287,0.625,0.104,1.604,False,False,False,False,False,False,False,False,True,False,False,True
-0.125,-0.318,1.523,-0.291,-0.206,-0.707,True,False,False,False,False,True,False,False,False,False,False,False
1.270,4.080,-0.287,-0.267,-0.269,1.821,False,False,False,False,False,False,False,False,True,False,False,False
0.572,1.801,-0.287,0.687,-0.269,1.823,False,True,False,False,False,False,False,False,True,False,False,False
-1.031,0.264,-0.274,0.476,-0.104,1.606,False,False,False,False,False,False,False,False,True,False,False,True
-0.125,-0.341,-0.248,-0.277,2.343,-0.648,False,False,False,False,False,True,False,False,False,False,False,True
2.246,2.253,-0.287,-0.291,-0.262,-0.719,False,True,False,False,False,False,True,False,False,False,False,False
0.712,-0.338,-0.287,-0.291,0.425,-0.214,False,False,False,False,False,False,False,True,False,False,False,True
-0.474,-0.341,-0.287,1.027,-0.000,-0.210,False,False,False,False,False,False,False,True,False,False,False,True
0.084,-0.338,-0.287,-0.282,0.580,1.608,False,False,False,False,False,False,False,False,True,False,False,True
-0.195,-0.341,-0.287,1.219,-0.269,1.608,False,False,False,False,False,False,False,False,True,False,False,True
-0.264,-0.341,-0.215,-0.291,3.297,-1.002,True,False,False,False,False,False,False,False,False,False,False,True
0.921,1.657,-0.287,2.029,-0.000,-0.717,False,True,False,False,False,False,True,False,False,False,False,False
0.294,-0.341,1.034,-0.291,0.148,-0.242,True,False,False,False,False,False,False,True,False,False,False,False
2.176,-0.341,-0.095,-0.291,1.467,-0.240,True,False,False,False,False,False,False,True,False,False,False,False
-0.892,-0.341,-0.287,-0.291,-0.269,1.174,False,False,True,False,False,False,False,False,False,True,False,True
1.479,-0.341,-0.171,-0.291,0.223,1.148,False,False,False,False,False,False,False,False,False,True,False,False
-0.474,-0.341,-0.287,-0.289,0.265,1.610,False,False,False,False,False,False,False,False,True,False,False,True
-0.962,-0.341,-0.287,-0.276,0.571,1.612,False,False,False,False,False,False,False,False,True,False,False,True
-0.125,-0.341,-0.287,-0.291,-0.000,-0.238,False,True,False,False,False,False,False,True,False,False,False,False
2.037,-0.341,-0.014,-0.287,-0.058,1.150,False,False,False,False,False,False,False,False,False,True,False,False
1.340,-0.341,0.000,-0.291,-0.269,1.176,False,False,True,False,False,False,False,False,False,True,False,True
0.503,-0.341,-0.287,-0.291,-0.269,-0.741,True,False,True,False,False,False,True,False,False,False,False,True
2.176,-0.341,1.867,-0.291,-0.260,-0.646,True,False,False,False,False,True,False,False,False,False,False,True
1.200,-0.341,-0.287,-0.291,-0.269,-0.646,True,False,True,False,False,True,False,False,False,False,False,True
2.037,-0.341,0.582,-0.287,2.005,-0.334,True,False,False,False,False,False,False,False,True,False,False,True
0.782,-0.341,-0.287,-0.291,-0.269,1.154,False,False,True,False,False,False,False,False,False,True,False,False
-1.798,-0.341,-0.287,-0.291,-0.269,1.154,False,False,True,False,False,False,False,False,False,True,False,False
-0.404,-0.336,-0.287,-0.287,0.290,1.827,False,False,False,False,False,False,False,False,True,False,False,False
-0.543,-0.341,-0.015,-0.291,-0.150,-0.206,False,False,False,False,False,False,False,True,False,False,False,True
0.015,-0.341,-0.287,-0.291,-0.269,1.180,False,False,True,False,False,False,False,False,False,True,False,True
-0.404,-0.341,-0.287,-0.291,-0.269,-0.705,True,False,True,False,False,True,False,False,False,False,False,False
0.851,-0.341,-0.287,-0.291,-0.269,-0.705,True,False,True,False,False,True,False,False,False,False,False,False
-0.613,-0.341,0.216,-0.291,-0.269,1.158,False,False,False,False,False,False,False,False,False,True,False,False
-0.334,0.904,-0.287,-0.291,-0.269,1.160,False,False,False,False,False,False,False,False,False,True,False,False
-0.543,3.617,-0.287,-0.118,-0.269,-0.715,False,True,False,False,False,False,True,False,False,False,False,False
1.828,1.533,-0.287,-0.204,-0.269,1.829,False,True,False,False,False,False,False,False,True,False,False,False
-0.543,-0.341,-0.243,-0.287,0.160,1.833,False,False,False,False,False,False,False,False,True,False,False,False
0.921,-0.341,-0.287,-0.291,-0.269,1.162,False,False,True,False,False,False,False,False,False,True,False,False
0.782,-0.338,-0.195,-0.291,0.743,1.835,False,False,False,False,False,False,False,False,True,False,False,False
0.084,-0.341,0.000,-0.291,-0.269,1.837,False,True,True,False,False,False,False,False,True,False,False,False
-0.195,-0.341,-0.287,-0.291,-0.269,-0.236,True,False,True,False,False,False,False,True,False,False,False,False
0.991,-0.341,-0.287,-0.291,-0.269,1.164,False,False,True,False,False,False,False,False,False,True,False,False
-0.613,-0.327,-0.287,2.287,-0.269,1.618,False,False,False,False,False,False,False,False,True,False,False,True
-0.683,-0.280,-0.287,-0.162,-0.269,1.620,False,False,False,False,False,False,False,False,True,False,False,True
0.782,-0.341,1.913,0.983,-0.241,-0.703,True,False,False,False,False,True,False,False,False,False,False,False
-0.822,-0.341,-0.287,-0.291,-0.269,1.188,False,False,True,False,False,False,False,False,False,True,False,True
2.316,0.023,-0.287,-0.291,-0.260,1.172,False,False,False,False,False,False,False,False,False,True,False,False
0.224,-0.341,-0.287,-0.291,-0.269,1.174,False,False,True,False,False,False,False,False,False,True,False,False
0.572,-0.341,-0.287,-0.291,-0.269,1.176,False,False,True,False,False,False,False,False,False,True,False,False
0.782,-0.341,-0.287,-0.291,0.421,-0.234,False,False,False,False,False,False,False,True,False,False,False,False
-0.264,-0.341,0.122,-0.256,-0.269,1.178,False,False,False,False,False,False,False,False,False,True,False,False
-0.822,-0.341,-0.287,-0.291,-0.269,-0.630,True,False,True,False,True,False,False,False,False,False,False,True
1.200,-0.341,-0.287,-0.291,-0.269,-0.630,True,False,True,False,True,False,False,False,False,False,False,True
0.642,-0.335,3.460,-0.291,-0.095,-0.630,True,False,False,False,True,False,False,False,False,False,False,True
0.991,-0.341,0.018,-0.291,1.911,-0.630,True,False,False,True,True,False,False,False,False,False,False,True
-0.055,-0.331,1.840,6.311,-0.269,-0.642,True,False,False,False,False,True,False,False,False,False,False,True
0.154,-0.341,-0.287,-0.291,-0.269,-0.642,True,False,True,True,False,True,False,False,False,False,False,True
0.433,-0.341,-0.287,-0.291,-0.269,-0.642,True,False,True,False,False,True,False,False,False,False,False,True
-0.683,-0.181,-0.117,-0.289,-0.254,1.845,False,False,False,False,False,False,False,False,True,False,False,False
-0.334,-0.341,-0.287,0.072,0.211,1.622,False,False,False,False,False,False,False,False,True,False,False,True
-0.613,-0.341,-0.287,0.000,-0.269,-0.232,False,True,False,False,False,False,False,True,False,False,False,False
-0.892,-0.341,0.601,-0.286,-0.105,-0.640,True,False,False,False,False,True,False,False,False,False,False,True
1.130,-0.341,-0.287,-0.291,-0.269,-0.640,True,False,True,False,False,True,False,False,False,False,False,True
-0.683,0.105,-0.238,0.606,-0.269,1.180,False,False,False,False,False,False,False,False,False,True,False,False
-0.404,-0.341,0.396,0.230,-0.269,1.624,False,False,False,False,False,False,False,False,True,False,False,True
-0.683,-0.341,-0.238,1.050,-0.263,1.182,False,False,False,False,False,False,False,False,False,True,False,False
0.224,-0.048,0.000,1.577,-0.269,1.626,False,True,False,False,False,False,False,False,True,False,False,True
0.851,-0.212,0.217,-0.291,-0.269,1.193,False,False,False,False,False,False,False,False,False,True,False,True
0.084,1.342,-0.287,0.444,-0.269,1.849,False,False,False,False,False,False,False,False,True,False,False,False
0.851,-0.341,6.016,0.067,1.359,-0.628,True,False,False,False,True,False,False,False,False,False,False,True
-1.519,-0.341,-0.287,-0.291,-0.269,1.851,False,True,False,False,False,False,False,False,True,False,False,False
0.712,-0.339,0.262,-0.291,-0.269,1.186,False,False,False,False,False,False,False,False,False,True,False,False
1.270,-0.341,-0.249,1.057,-0.264,1.853,False,False,False,False,False,False,False,False,True,False,False,False
-0.543,0.493,-0.287,-0.189,-0.265,1.199,False,False,False,False,False,False,False,False,False,True,False,True
0.015,-0.341,-0.287,-0.291,-0.000,1.191,False,False,True,False,False,False,False,False,False,True,False,False
-0.683,0.992,-0.287,-0.291,-0.269,1.191,False,False,False,False,False,False,False,False,False,True,False,False
1.479,-0.341,-0.287,-0.291,-0.269,1.632,False,True,False,False,False,False,False,False,True,False,False,True
-0.055,-0.341,-0.205,-0.284,-0.269,-1.021,True,False,False,False,False,False,False,False,False,False,False,False
0.642,1.366,-0.287,-0.252,-0.269,-0.334,False,True,False,False,False,False,False,False,True,False,False,True
-0.334,0.492,-0.285,0.046,-0.269,1.201,False,False,False,False,False,False,False,False,False,True,False,True
0.154,0.000,1.565,-0.291,0.398,-1.000,True,False,False,False,False,False,False,False,False,False,False,True
0.642,-0.341,-0.287,-0.291,-0.269,-0.228,True,False,True,False,False,False,False,True,False,False,False,False
-0.195,-0.341,-0.287,-0.291,-0.269,-0.696,True,False,True,False,True,False,False,False,False,False,False,False
-0.055,-0.341,-0.287,-0.291,-0.269,1.195,False,False,False,False,False,False,False,False,False,True,False,False
1.130,-0.341,-0.287,-0.291,-0.269,-0.627,True,False,True,False,True,False,False,False,False,False,False,True
1.270,-0.341,-0.287,-0.291,-0.269,-0.627,True,False,True,False,True,False,False,False,False,False,False,True
2.176,-0.341,-0.287,-0.291,-0.269,-0.627,True,False,True,False,True,False,False,False,False,False,False,True
0.921,-0.341,-0.112,-0.241,-0.269,-0.224,False,False,False,False,False,False,False,True,False,False,False,False
0.991,-0.310,-0.287,0.924,-0.269,-0.200,False,False,False,False,False,False,False,True,False,False,False,True
-0.822,-0.341,-0.287,-0.291,-0.269,-0.334,False,False,True,False,False,False,False,False,True,False,False,True
-0.822,-0.341,-0.287,0.000,-0.269,1.197,False,False,True,False,False,False,False,False,False,True,False,False
-0.613,-0.341,-0.287,-0.291,-0.269,1.207,False,False,True,False,False,False,False,False,False,True,False,True
-0.752,1.115,0.134,-0.291,-0.121,1.199,False,False,False,False,False,False,False,False,False,True,False,False
-0.334,0.000,-0.287,0.210,-0.269,1.861,False,True,False,False,False,False,False,False,True,False,False,False
-0.264,0.029,-0.287,-0.224,-0.160,1.863,False,False,False,False,False,False,False,False,True,False,False,False
-0.613,-0.159,-0.086,-0.291,-0.115,1.865,False,False,False,False,False,False,False,False,True,False,False,False
-0.404,0.431,-0.287,0.032,-0.267,1.201,False,False,False,False,False,False,False,False,False,True,False,False
1.340,-0.341,-0.287,-0.291,-0.269,-0.623,True,False,True,False,True,False,False,False,False,False,False,True
-0.195,0.093,1.837,0.672,0.215,-0.623,True,False,False,False,True,False,False,False,False,False,False,True
0.503,-0.341,-0.287,-0.291,-0.269,-0.623,True,False,True,False,True,False,False,False,False,False,False,True
-0.125,-0.341,-0.287,-0.291,-0.269,-0.634,True,False,True,False,False,True,False,False,False,False,False,True
0.851,-0.341,0.726,-0.291,0.084,-1.019,True,False,False,False,False,False,False,False,False,False,False,False
-0.543,-0.341,-0.287,-0.291,-0.269,1.211,False,False,True,False,False,False,False,False,False,True,False,True
2.943,1.544,-0.287,-0.282,-0.239,-0.198,False,True,False,False,False,False,False,True,False,False,False,True
2.455,-0.341,-0.287,-0.291,-0.269,1.213,False,False,True,False,False,False,False,False,False,True,False,True
0.294,-0.341,-0.038,-0.291,0.477,-0.621,True,False,False,False,True,False,False,False,False,False,False,True
-0.334,0.851,-0.287,-0.291,-0.269,1.869,False,False,False,False,False,False,False,False,True,False,False,False
0.433,-0.341,-0.287,-0.291,-0.269,-0.737,True,False,True,False,False,False,True,False,False,False,False,True
-1.101,-0.341,-0.287,-0.291,-0.269,1.203,False,False,True,False,False,False,False,False,False,True,False,False
-1.241,-0.341,-0.287,-0.291,-0.269,1.205,False,False,True,False,False,False,False,False,False,True,False,False
-0.125,-0.341,-0.287,-0.291,-0.000,1.638,False,True,True,False,False,False,False,False,True,False,False,True
0.991,-0.341,-0.287,-0.291,-0.269,1.872,False,True,True,False,False,False,False,False,True,False,False,False
0.503,-0.341,-0.287,-0.291,-0.269,1.872,False,True,True,False,False,False,False,False,True,False,False,False
-0.474,-0.300,-0.287,-0.291,-0.269,1.874,False,False,False,False,False,False,False,False,True,False,False,False
1.897,-0.341,3.295,-0.291,-0.225,-0.632,True,False,False,False,False,True,False,False,False,False,False,True
0.363,-0.341,-0.287,-0.291,-0.269,1.643,False,True,True,False,False,False,False,False,True,False,False,True
1.200,-0.341,-0.287,-0.289,1.300,1.221,False,False,False,False,False,False,False,False,False,True,False,True
0.991,0.029,-0.287,0.308,0.437,-0.220,False,True,False,False,False,False,False,True,False,False,False,False
-0.264,-0.341,0.613,-0.291,-0.269,1.209,False,False,False,False,False,False,False,False,False,True,False,False
-0.195,-0.286,1.146,-0.291,-0.129,-0.334,True,False,False,False,False,False,False,False,True,False,False,True
-1.031,-0.341,-0.172,-0.264,-0.269,1.211,False,False,False,False,False,False,False,False,False,True,False,False
2.386,-0.077,-0.110,0.247,-0.269,1.223,False,False,False,False,False,False,False,False,False,True,False,True
0.015,0.505,-0.287,0.355,-0.269,-0.218,False,True,False,False,False,False,False,True,False,False,False,False
1.130,-0.341,-0.287,-0.291,-0.269,-0.218,False,True,True,False,False,False,False,True,False,False,False,False
-0.962,-0.341,-0.287,-0.291,-0.269,1.225,False,False,True,False,False,False,False,False,False,True,False,True
-0.683,-0.048,-0.287,4.657,-0.269,-0.735,False,True,False,False,False,False,True,False,False,False,False,True
1.688,-0.338,0.211,0.421,0.081,-0.216,False,False,False,False,False,False,False,True,False,False,False,False
1.130,-0.338,-0.265,1.567,-0.269,1.647,False,True,False,False,False,False,False,False,True,False,False,True
0.851,-0.341,1.207,-0.291,-0.183,-0.628,True,False,False,False,False,True,False,False,False,False,False,True
2.734,0.452,-0.287,1.147,0.421,1.882,False,True,False,True,False,False,False,False,True,False,False,False
-1.659,-0.341,-0.287,-0.291,-0.269,1.882,False,True,True,False,False,False,False,False,True,False,False,False
-0.125,-0.295,-0.287,1.232,-0.269,1.882,False,True,False,True,False,False,False,False,True,False,False,False
-0.613,-0.295,-0.205,1.586,-0.269,1.884,False,False,False,False,False,False,False,False,True,False,False,False
1.758,2.342,-0.283,0.091,-0.269,1.649,False,False,False,True,False,False,False,False,True,False,False,True
-0.752,-0.341,-0.287,-0.291,0.013,1.651,False,False,False,False,False,False,False,False,True,False,False,True
1.130,-0.241,3.460,-0.291,0.283,-0.702,True,False,False,False,False,True,False,False,False,False,False,False
-0.195,0.000,-0.287,-0.291,-0.269,-0.619,True,False,True,False,True,False,False,False,False,False,False,True
0.572,2.050,6.860,-0.291,0.225,-0.619,True,False,False,False,True,False,False,False,False,False,False,True
0.084,-0.341,-0.286,-0.291,-0.193,1.886,False,False,False,False,False,False,False,False,True,False,False,False
1.549,0.434,-0.287,0.196,-0.269,1.888,False,True,False,True,False,False,False,False,True,False,False,False
-1.798,-0.341,-0.287,-0.291,-0.269,1.888,False,True,True,False,False,False,False,False,True,False,False,False
-1.798,-0.341,-0.287,-0.291,-0.269,1.888,False,True,True,False,False,False,False,False,True,False,False,False
-0.683,2.858,-0.287,-0.291,-0.268,1.890,False,False,False,False,False,False,False,False,True,False,False,False
-0.683,-0.341,0.208,-0.291,-0.269,-0.192,False,False,False,False,False,False,False,True,False,False,False,True
-1.589,-0.341,-0.287,-0.291,-0.269,-0.192,False,False,False,False,False,False,False,True,False,False,False,True
-1.729,-0.341,-0.287,-0.291,-0.269,-0.192,False,False,False,False,False,False,False,True,False,False,False,True
-0.404,5.086,0.066,-0.118,-0.190,-0.617,True,False,False,False,True,False,False,False,False,False,False,True
0.572,1.845,-0.285,-0.291,-0.269,1.653,False,False,False,False,False,False,False,False,True,False,False,True
-0.752,1.315,-0.287,0.057,-0.269,1.655,False,True,False,False,False,False,False,False,True,False,False,True
0.015,-0.333,0.088,0.000,-0.269,1.657,False,False,False,False,False,False,False,False,True,False,False,True
-0.264,-0.341,0.201,-0.291,-0.264,-0.214,False,False,False,False,False,False,False,True,False,False,False,False
1.618,-0.341,-0.287,-0.212,-0.269,1.892,False,False,False,False,False,False,False,False,True,False,False,False
-0.334,-0.341,-0.287,-0.291,-0.000,1.659,False,True,True,False,False,False,False,False,True,False,False,True
-2.008,-0.341,-0.287,0.000,-0.269,1.659,False,True,False,False,False,False,False,False,True,False,False,True
-0.264,-0.318,-0.285,-0.291,-0.269,1.896,False,False,False,False,False,False,False,False,True,False,False,False
-0.195,-0.341,-0.287,-0.291,-0.269,-0.692,True,False,True,False,True,False,False,False,False,False,False,False
0.224,3.452,0.152,1.557,0.158,-0.692,True,False,False,True,True,False,False,False,False,False,False,False
2.037,1.730,-0.126,-0.291,0.005,1.900,False,False,False,False,False,False,False,False,True,False,False,False
1.061,0.655,-0.287,-0.118,0.079,1.902,False,False,False,False,False,False,False,False,True,False,False,False
0.851,-0.341,-0.287,-0.291,0.532,1.219,False,False,False,False,False,False,False,False,False,True,False,False
-0.334,-0.341,-0.287,0.786,-0.269,1.229,False,False,False,False,False,False,False,False,False,True,False,True
0.851,-0.341,-0.287,-0.291,-0.269,1.221,False,False,True,False,False,False,False,False,False,True,False,False
-0.404,-0.341,-0.287,-0.291,-0.269,1.221,False,False,True,False,False,False,False,False,False,True,False,False
-0.125,0.251,0.576,-0.291,4.067,-0.627,True,False,False,False,False,True,False,False,False,False,False,True
2.246,-0.341,-0.287,-0.291,-0.269,-0.627,True,False,True,False,False,True,False,False,False,False,False,True
-0.752,-0.341,0.172,-0.287,-0.228,1.904,False,False,False,False,False,False,False,False,True,False,False,False
-0.752,-0.341,-0.287,-0.291,-0.269,1.233,False,False,True,False,False,False,False,False,False,True,False,True
-0.125,-0.341,-0.287,-0.291,-0.269,-0.613,True,False,True,False,True,False,False,False,False,False,False,True
-0.962,-0.341,-0.287,-0.291,-0.269,-0.613,True,False,True,False,True,False,False,False,False,False,False,True
-1.171,-0.341,-0.287,-0.291,-0.269,1.237,False,False,False,False,False,False,False,False,False,True,False,True
0.782,0.296,-0.287,0.287,-0.269,1.663,False,False,False,False,False,False,False,False,True,False,False,True
-0.683,-0.156,-0.286,-0.291,0.230,1.906,False,False,False,False,False,False,False,False,True,False,False,False
-0.752,-0.341,-0.287,-0.291,-0.269,1.665,False,True,True,False,False,False,False,False,True,False,False,True
1.340,0.134,1.509,-0.291,10.695,-1.017,True,False,False,True,False,False,False,False,False,False,False,False
0.572,-0.313,1.387,-0.291,-0.000,-1.017,True,False,False,False,False,False,False,False,False,False,False,False
0.433,-0.335,-0.254,-0.291,0.476,1.669,False,False,False,False,False,False,False,False,True,False,False,True
0.015,-0.341,-0.287,0.884,-0.220,1.910,False,False,False,False,False,False,False,False,True,False,False,False
1.758,-0.162,-0.287,-0.291,-0.269,-0.188,False,False,False,False,False,False,False,True,False,False,False,True
-0.125,-0.341,-0.287,-0.291,-0.269,1.241,False,False,True,False,False,False,False,False,False,True,False,True
-0.474,-0.341,-0.275,2.167,-0.164,-0.212,False,False,False,False,False,False,False,True,False,False,False,False
-0.752,-0.341,-0.287,-0.291,-0.269,1.223,False,False,True,False,False,False,False,False,False,True,False,False
-0.195,-0.341,0.122,-0.128,-0.269,-0.210,False,False,False,False,False,False,False,True,False,False,False,False
-0.683,-0.325,-0.272,-0.291,0.230,1.673,False,False,False,False,False,False,False,False,True,False,False,True
-0.474,-0.341,-0.287,0.447,0.104,1.920,False,False,False,False,False,False,False,False,True,False,False,False
-0.822,-0.341,-0.287,-0.291,-0.269,-0.696,True,False,False,False,False,True,False,False,False,False,False,False
-0.752,0.248,-0.173,-0.291,-0.145,1.675,False,False,False,False,False,False,False,False,True,False,False,True
0.712,-0.341,-0.287,-0.291,-0.269,1.922,False,True,True,False,False,False,False,False,True,False,False,False
0.572,-0.338,4.274,-0.291,0.862,-0.690,True,False,False,False,True,False,False,False,False,False,False,False
-0.822,-0.341,-0.287,0.000,-0.269,-0.690,True,False,True,False,True,False,False,False,False,False,False,False
-0.264,-0.341,0.197,-0.291,4.949,-0.690,True,False,False,False,True,False,False,False,False,False,False,False
-1.380,-0.341,-0.287,-0.291,-0.269,-0.690,True,False,False,False,True,False,False,False,False,False,False,False
-0.962,-0.341,-0.287,-0.291,-0.269,1.245,False,False,True,False,False,False,False,False,False,True,False,True
-0.683,0.235,-0.287,0.406,-0.262,1.924,False,False,False,False,False,False,False,False,True,False,False,False
-0.752,5.103,-0.287,-0.026,-0.163,-0.204,False,True,False,False,False,False,False,True,False,False,False,False
1.479,0.915,-0.287,0.667,-0.269,-0.709,False,True,False,True,False,False,True,False,False,False,False,False
-1.031,-0.341,-0.287,-0.291,-0.269,1.247,False,False,True,False,False,False,False,False,False,True,False,True
-0.683,-0.341,-0.287,-0.291,-0.269,1.225,False,False,True,False,False,False,False,False,False,True,False,False
0.294,-0.341,-0.287,-0.291,-0.269,-0.611,True,False,True,False,True,False,False,False,False,False,False,True
-0.404,-0.295,1.116,-0.289,-0.223,-0.705,True,False,False,False,False,False,True,False,False,False,False,False
0.712,-0.338,0.045,-0.291,0.931,-0.705,True,False,False,False,False,False,True,False,False,False,False,False
-1.031,-0.219,-0.206,-0.291,-0.269,-0.186,False,False,False,False,False,False,False,True,False,False,False,True
-1.031,0.649,-0.287,-0.284,-0.269,1.926,False,False,False,False,False,False,False,False,True,False,False,False
1.130,-0.339,-0.283,-0.197,-0.269,1.249,False,False,False,False,False,False,False,False,False,True,False,True
-0.474,-0.341,-0.287,-0.291,-0.269,1.251,False,False,True,False,False,False,False,False,False,True,False,True
0.503,-0.292,-0.065,2.766,-0.269,1.930,False,True,False,False,False,False,False,False,True,False,False,False
-0.683,-0.341,-0.287,-0.291,-0.269,-0.609,True,False,False,False,True,False,False,False,False,False,False,True
2.107,-0.341,-0.287,-0.291,-0.269,-0.609,True,False,True,False,True,False,False,False,False,False,False,True
0.154,-0.341,0.340,-0.291,1.298,-0.609,False,False,False,False,True,False,False,False,False,False,False,True
0.154,-0.341,-0.287,-0.291,-0.269,-0.623,True,False,True,False,False,True,False,False,False,False,False,True
0.712,12.103,-0.276,0.432,-0.221,-0.623,True,False,False,False,False,True,False,False,False,False,False,True
-0.055,-0.341,1.390,1.900,-0.259,-0.623,True,False,False,False,False,True,False,False,False,False,False,True
-0.683,-0.341,-0.287,-0.291,-0.269,-0.623,True,False,True,False,False,True,False,False,False,False,False,True
0.015,-0.007,0.421,-0.291,0.570,-0.694,True,False,False,False,False,True,False,False,False,False,False,False
-2.008,-0.341,-0.287,-0.291,-0.269,1.229,False,False,True,False,False,False,False,False,False,True,False,False
-0.962,-0.341,0.161,-0.291,-0.269,1.229,False,False,False,False,False,False,False,False,False,True,False,False
-0.752,-0.341,-0.287,-0.291,-0.269,1.685,False,False,False,False,False,False,False,False,True,False,False,True
1.409,-0.341,-0.287,-0.291,-0.269,-0.621,True,False,True,False,False,True,False,False,False,False,False,True
0.503,-0.341,-0.283,0.816,-0.187,1.687,False,False,False,False,False,False,False,False,True,False,False,True
0.782,-0.341,-0.287,-0.291,-0.269,-0.619,True,False,True,False,False,True,False,False,False,False,False,True
1.897,-0.341,-0.287,-0.291,-0.269,-0.619,True,False,True,False,False,True,False,False,False,False,False,True
2.664,-0.341,-0.287,-0.291,-0.269,1.253,False,False,True,False,False,False,False,False,False,True,False,True
1.061,-0.341,-0.159,-0.065,-0.072,-0.200,False,False,False,False,False,False,False,True,False,False,False,False
-0.822,-0.016,0.059,-0.291,-0.269,1.255,False,False,False,False,False,False,False,False,False,True,False,True
-0.125,-0.341,-0.287,-0.291,-0.269,1.940,False,True,True,False,False,False,False,False,True,False,False,False
-0.404,0.361,-0.287,0.811,-0.269,1.940,False,True,False,False,False,False,False,False,True,False,False,False
-0.055,3.425,-0.202,-0.221,-0.269,1.689,False,True,False,False,False,False,False,False,True,False,False,True
1.758,-0.341,-0.287,-0.291,-0.269,1.691,False,True,True,False,False,False,False,False,True,False,False,True
-0.195,-0.341,-0.287,-0.291,-0.269,1.693,False,True,True,False,False,False,False,False,True,False,False,True
0.782,-0.341,-0.274,-0.291,0.959,-1.013,True,False,False,True,False,False,False,False,False,False,False,False
0.712,-0.341,-0.287,-0.291,-0.269,-1.013,True,False,True,False,False,False,False,False,False,False,False,False
0.782,-0.341,-0.287,-0.291,-0.269,-0.692,True,False,True,False,False,True,False,False,False,False,False,False
-0.613,-0.324,0.167,-0.291,-0.269,1.699,False,False,False,False,False,False,False,False,True,False,False,True
-0.752,0.813,-0.274,-0.246,-0.269,1.261,False,False,False,False,False,False,False,False,False,True,False,True
-0.822,5.194,-0.287,3.439,-0.269,1.947,False,True,False,False,False,False,False,False,True,False,False,False
0.433,-0.341,-0.287,-0.291,-0.269,-0.684,True,False,True,False,True,False,False,False,False,False,False,False
0.154,-0.341,-0.287,0.019,-0.269,1.264,False,False,False,False,False,False,False,False,False,True,False,True
0.782,-0.341,-0.287,-0.150,-0.269,1.237,False,False,False,False,False,False,False,False,False,True,False,False
1.479,-0.341,-0.287,-0.291,-0.269,-0.617,True,False,True,False,False,True,False,False,False,False,False,True
-0.543,-0.341,-0.287,-0.100,0.334,1.701,False,False,False,False,False,False,False,False,True,False,False,True
0.015,0.822,-0.277,-0.276,-0.269,-0.198,False,False,False,False,False,False,False,True,False,False,False,False
2.386,-0.341,2.871,-0.284,-0.269,-0.996,True,False,False,False,False,False,False,False,False,False,False,True
-0.683,-0.285,-0.287,1.865,-0.269,1.949,False,True,False,False,False,False,False,False,True,False,False,False
0.503,1.331,-0.285,-0.291,0.313,-0.703,False,True,False,False,False,False,True,False,False,False,False,False
1.340,-0.341,-0.179,-0.098,0.300,1.951,False,False,False,False,False,False,False,False,True,False,False,False
0.294,-0.218,0.418,0.514,0.844,-0.196,True,False,False,False,False,False,False,True,False,False,False,False
-0.055,3.757,-0.287,-0.284,-0.269,-0.731,False,True,False,False,False,False,True,False,False,False,False,True
0.712,-0.341,-0.287,-0.291,-0.268,1.239,False,False,False,False,False,False,False,False,False,True,False,False
-0.125,-0.341,-0.287,-0.291,-0.269,1.268,False,False,True,False,False,False,False,False,False,True,False,True
2.037,-0.341,-0.287,-0.291,-0.269,-0.607,True,False,True,False,True,False,False,False,False,False,False,True
1.061,-0.341,-0.287,-0.291,-0.269,-0.605,True,False,True,False,True,False,False,False,False,False,False,True
-0.404,-0.341,-0.287,-0.291,-0.269,1.243,False,False,True,False,False,False,False,False,False,True,False,False
-0.543,0.596,-0.267,-0.289,-0.269,1.953,False,False,False,False,False,False,False,False,True,False,False,False
1.688,-0.328,0.647,-0.291,6.262,-0.690,True,False,False,False,False,True,False,False,False,False,False,False
-1.031,-0.341,-0.287,-0.291,-0.269,-0.690,True,False,True,False,False,True,False,False,False,False,False,False
-0.822,-0.341,-0.287,-0.291,-0.269,1.245,False,False,True,False,False,False,False,False,False,True,False,False
-0.264,-0.341,9.758,1.425,0.646,-0.615,True,False,False,False,False,True,False,False,False,False,False,True
1.061,4.222,-0.271,-0.291,0.529,-0.615,True,False,False,True,False,True,False,False,False,False,False,True
-0.334,-0.121,2.362,-0.291,-0.215,-0.615,True,False,False,False,False,True,False,False,False,False,False,True
-0.334,-0.341,-0.283,-0.078,-0.236,1.270,False,False,False,False,False,False,False,False,False,True,False,True
-0.334,-0.341,-0.287,-0.291,-0.269,1.272,False,False,True,False,False,False,False,False,False,True,False,True
-2.008,-0.341,-0.287,-0.291,-0.269,1.274,False,False,True,False,False,False,False,False,False,True,False,True
-1.519,-0.341,-0.287,-0.291,-0.269,1.274,False,False,True,False,False,False,False,False,False,True,False,True
-1.798,-0.341,-0.287,-0.291,-0.269,1.274,False,False,True,False,False,False,False,False,False,True,False,True
-0.752,0.737,-0.280,-0.291,-0.269,1.707,False,False,False,False,False,False,False,False,True,False,False,True
-1.729,-0.341,-0.287,-0.291,-0.269,1.274,False,False,True,False,False,False,False,False,False,True,False,True
0.782,-0.341,-0.287,-0.291,-0.269,-0.601,True,False,True,False,True,False,False,False,False,False,False,True
-0.892,-0.341,-0.287,-0.291,-0.269,1.278,False,False,True,False,False,False,False,False,False,True,False,True
-0.264,-0.341,-0.287,-0.291,-0.269,-0.597,True,False,True,False,True,False,False,False,False,False,False,True
-1.310,-0.341,-0.287,-0.291,-0.269,1.280,False,False,True,False,False,False,False,False,False,True,False,True
0.782,-0.341,-0.287,-0.291,-0.269,1.249,False,False,True,False,False,False,False,False,False,True,False,False
-0.683,-0.341,-0.287,-0.291,-0.269,1.963,False,True,True,False,False,False,False,False,True,False,False,False
-0.962,-0.341,-0.287,-0.291,-0.269,-0.682,True,False,True,False,True,False,False,False,False,False,False,False
-0.334,0.000,0.112,-0.063,-0.269,1.251,False,False,False,False,False,False,False,False,False,True,False,False
-0.543,-0.341,-0.287,-0.291,-0.269,1.715,False,True,True,False,False,False,False,False,True,False,False,True
0.015,-0.341,-0.283,-0.239,-0.269,1.717,False,False,False,False,False,False,False,False,True,False,False,True
0.572,3.860,-0.287,-0.281,-0.260,-0.729,False,True,False,True,False,False,True,False,False,False,False,True
1.409,-0.341,-0.287,-0.291,-0.269,1.284,False,False,True,False,False,False,False,False,False,True,False,True
0.921,1.375,-0.287,-0.291,0.268,1.253,False,False,False,False,False,False,False,False,False,True,False,False
1.758,-0.341,0.000,-0.291,-0.269,1.253,False,False,True,False,False,False,False,False,False,True,False,False
0.294,-0.341,-0.287,-0.291,-0.269,1.255,False,False,True,False,False,False,False,False,False,True,False,False
-0.125,-0.341,-0.284,-0.291,-0.269,-0.684,True,False,False,False,False,True,False,False,False,False,False,False
1.688,-0.341,-0.287,-0.291,-0.269,1.286,False,False,True,False,False,False,False,False,False,True,False,True
-0.055,-0.341,0.225,-0.194,-0.247,1.718,False,False,False,False,False,False,False,False,True,False,False,True
-0.334,0.890,3.131,-0.291,-0.038,-0.613,True,False,False,False,False,True,False,False,False,False,False,True
-0.613,-0.341,-0.287,-0.277,0.768,1.973,False,False,False,False,False,False,False,False,True,False,False,False
-2.008,-0.341,-0.287,-0.291,-0.269,1.257,False,False,False,False,False,False,False,False,False,True,False,False
-0.334,-0.341,-0.227,-0.291,-0.269,1.975,False,False,False,False,False,False,False,False,True,False,False,False
-0.055,-0.341,-0.287,-0.291,-0.269,1.259,False,False,False,False,False,False,False,False,False,True,False,False
0.921,-0.341,-0.287,-0.291,-0.269,1.977,False,True,True,False,False,False,False,False,True,False,False,False
0.224,-0.341,-0.257,-0.291,-0.170,-0.611,True,False,False,True,False,True,False,False,False,False,False,True
0.503,-0.341,1.581,-0.291,0.037,-0.680,True,False,False,False,True,False,False,False,False,False,False,False
0.782,-0.341,-0.287,-0.291,-0.269,-0.680,True,False,False,False,True,False,False,False,False,False,False,False
0.084,0.530,-0.287,0.000,-0.267,1.979,False,False,False,False,False,False,False,False,True,False,False,False
0.363,0.798,-0.287,0.019,-0.201,-0.192,False,True,False,False,False,False,False,True,False,False,False,False
0.572,1.175,-0.287,-0.157,-0.269,1.983,False,True,False,False,False,False,False,False,True,False,False,False
0.851,-0.341,-0.287,-0.291,-0.269,-0.595,True,False,False,False,True,False,False,False,False,False,False,True
-0.264,-0.341,-0.287,-0.291,-0.269,-0.595,True,False,True,False,True,False,False,False,False,False,False,True
0.712,0.163,-0.287,0.928,-0.193,1.985,False,True,False,False,False,False,False,False,True,False,False,False
-2.008,-0.341,-0.287,-0.291,-0.269,1.261,False,False,False,False,False,False,False,False,False,True,False,False
1.758,1.394,-0.200,-0.287,-0.269,1.987,False,True,False,False,False,False,False,False,True,False,False,False
-0.892,-0.341,-0.287,-0.291,-0.269,1.263,False,False,True,False,False,False,False,False,False,True,False,False
-2.008,-0.341,-0.287,-0.291,-0.269,1.292,False,False,False,False,False,False,False,False,False,True,False,True
-1.101,-0.341,-0.287,0.000,-0.269,1.292,False,False,True,False,False,False,False,False,False,True,False,True
1.200,8.585,0.000,-0.269,-0.269,1.724,False,True,False,False,False,False,False,False,True,False,False,True
-0.404,-0.280,-0.285,-0.276,0.978,1.264,False,False,False,False,False,False,False,False,False,True,False,False
-0.752,-0.174,-0.223,0.498,-0.268,1.726,False,False,False,False,False,False,False,False,True,False,False,True
-0.125,3.672,-0.287,-0.291,-0.241,1.989,False,False,False,False,False,False,False,False,True,False,False,False
-0.334,-0.341,0.000,-0.291,-0.269,1.266,False,False,True,False,False,False,False,False,False,True,False,False
-0.125,-0.162,0.822,6.618,0.277,-0.678,True,False,False,False,True,False,False,False,False,False,False,False
-0.334,-0.341,-0.236,-0.291,-0.201,-0.702,False,False,False,False,False,False,True,False,False,False,False,False
-0.264,-0.339,2.408,-0.291,-0.267,-0.994,True,False,False,True,False,False,False,False,False,False,False,True
0.084,-0.341,-0.287,-0.291,-0.269,-0.593,True,False,True,False,True,False,False,False,False,False,False,True
-0.683,-0.341,-0.270,-0.187,1.219,1.268,False,False,False,False,False,False,False,False,False,True,False,False
-0.752,-0.339,-0.284,0.220,-0.269,1.991,False,False,False,False,False,False,False,False,True,False,False,False
1.409,-0.341,-0.287,-0.291,-0.269,-0.190,True,False,True,False,False,False,False,True,False,False,False,False
2.455,-0.341,-0.287,-0.291,0.035,1.270,False,False,False,False,False,False,False,False,False,True,False,False
-0.195,-0.341,-0.287,-0.291,-0.269,-0.178,False,True,True,False,False,False,False,True,False,False,False,True
1.688,-0.341,-0.287,0.971,-0.269,1.993,False,False,False,False,False,False,False,False,True,False,False,False
-0.125,-0.215,-0.287,4.097,-0.269,-0.700,False,True,False,False,False,False,True,False,False,False,False,False
-0.125,-0.341,-0.287,-0.291,-0.269,-0.676,True,False,True,False,True,False,False,False,False,False,False,False
-0.264,0.172,-0.087,-0.237,-0.269,1.728,False,True,False,False,False,False,False,False,True,False,False,True
0.294,-0.341,-0.287,-0.291,-0.071,-0.176,False,False,False,False,False,False,False,True,False,False,False,True
-0.125,-0.341,-0.282,-0.291,6.456,-0.607,True,False,False,False,False,True,False,False,False,False,False,True
-0.613,-0.341,-0.287,-0.291,-0.269,-0.682,True,False,True,False,False,True,False,False,False,False,False,False
0.712,-0.341,-0.287,-0.291,-0.269,-0.674,True,False,True,False,True,False,False,False,False,False,False,False
-0.125,2.282,-0.287,0.344,-0.269,-0.186,False,True,False,False,False,False,False,True,False,False,False,False
-0.683,-0.341,-0.287,-0.291,-0.269,1.736,False,True,True,False,False,False,False,False,True,False,False,True
-0.474,-0.250,-0.257,-0.291,0.172,1.999,False,False,False,False,False,False,False,False,True,False,False,False
-1.798,-0.341,-0.287,-0.291,-0.269,1.294,False,False,False,False,False,False,False,False,False,True,False,True
-0.334,-0.327,0.195,-0.276,-0.269,-0.174,False,False,False,False,False,False,False,True,False,False,False,True
0.851,-0.341,-0.287,-0.291,-0.269,1.738,False,True,True,False,False,False,False,False,True,False,False,True
-0.752,-0.341,-0.287,-0.291,-0.269,1.738,False,True,True,False,False,False,False,False,True,False,False,True
2.386,-0.341,-0.135,-0.291,-0.269,1.278,False,False,False,False,False,False,False,False,False,True,False,False
-0.683,-0.341,2.556,-0.291,0.751,-0.589,True,False,False,False,True,False,False,False,False,False,False,True
0.712,-0.341,-0.287,-0.291,-0.269,-0.589,True,False,True,False,True,False,False,False,False,False,False,True
-0.125,-0.341,-0.287,-0.291,-0.269,-0.334,True,False,True,False,False,False,False,False,True,False,False,True
0.851,0.702,-0.268,2.856,-0.000,2.003,False,True,False,False,False,False,False,False,True,False,False,False
1.061,-0.313,0.623,-0.291,-0.213,-0.992,True,False,False,False,False,False,False,False,False,False,False,True
0.712,-0.341,-0.040,-0.291,0.684,-0.992,True,False,False,True,False,False,False,False,False,False,False,True
0.015,-0.341,-0.287,-0.291,-0.269,-0.696,False,True,True,False,False,False,True,False,False,False,False,False
0.572,0.290,-0.252,2.910,-0.269,-0.696,False,True,False,False,False,False,True,False,False,False,False,False
0.851,-0.341,-0.287,-0.291,-0.269,-0.680,True,False,True,False,False,True,False,False,False,False,False,False
-0.752,-0.341,-0.287,-0.291,-0.268,1.744,False,False,False,False,False,False,False,False,True,False,False,True
-0.125,-0.341,-0.287,-0.291,-0.269,1.280,False,False,True,False,False,False,False,False,False,True,False,False
1.828,-0.339,1.387,-0.234,0.913,-0.587,True,False,False,False,True,False,False,False,False,False,False,True
-0.543,-0.341,-0.287,-0.291,-0.269,-0.184,False,False,True,False,False,False,False,True,False,False,False,False
-0.055,-0.341,-0.287,-0.291,-0.269,-0.585,True,False,True,False,True,False,False,False,False,False,False,True
0.991,-0.341,5.325,-0.291,0.500,-0.585,True,False,False,False,True,False,False,False,False,False,False,True
0.224,-0.341,0.023,-0.291,-0.081,1.296,False,False,False,False,False,False,False,False,False,True,False,True
-0.404,-0.339,-0.287,-0.291,0.219,2.005,False,False,False,False,False,False,False,False,True,False,False,False
-1.659,-0.341,-0.287,-0.291,-0.269,1.282,False,False,True,False,False,False,False,False,False,True,False,False
-1.031,0.152,-0.287,-0.259,-0.267,1.298,False,False,False,False,False,False,False,False,False,True,False,True
-0.334,1.789,-0.287,-0.267,-0.125,2.007,False,False,False,False,False,False,False,False,True,False,False,False
-0.474,-0.341,-0.287,-0.291,-0.269,1.304,False,False,True,False,False,False,False,False,False,True,False,True
-1.031,-0.341,-0.119,0.109,-0.269,1.752,False,False,False,False,False,False,False,False,True,False,False,True
-0.613,-0.192,0.026,-0.291,-0.223,-0.182,False,False,False,False,False,False,False,True,False,False,False,False
-0.822,0.458,-0.210,-0.229,-0.243,1.306,False,False,False,False,False,False,False,False,False,True,False,True
-0.613,0.793,-0.287,-0.291,0.161,1.754,False,False,False,False,False,False,False,False,True,False,False,True
-0.474,-0.341,0.000,0.868,-0.269,1.308,False,False,False,False,False,False,False,False,False,True,False,True
-0.962,-0.341,-0.287,-0.291,-0.269,1.286,False,False,True,False,False,False,False,False,False,True,False,False
2.664,1.397,-0.277,-0.226,0.188,-0.694,False,True,False,False,False,False,True,False,False,False,False,False
-0.055,-0.330,0.019,-0.291,5.050,-0.678,True,False,False,False,False,True,False,False,False,False,False,False
1.967,-0.341,-0.029,-0.291,-0.063,-0.692,True,False,False,False,False,False,True,False,False,False,False,False
-0.543,-0.341,-0.287,-0.291,-0.269,1.288,False,False,True,False,False,False,False,False,False,True,False,False
0.363,1.477,-0.267,0.288,-0.269,1.756,False,True,False,False,False,False,False,False,True,False,False,True
-0.822,-0.341,-0.287,-0.291,-0.269,-0.171,False,True,True,False,False,False,False,True,False,False,False,True
0.294,-0.341,-0.254,0.739,-0.269,2.009,False,False,False,False,False,False,False,False,True,False,False,False
0.294,-0.341,-0.242,-0.239,7.730,-0.603,True,False,False,False,False,True,False,False,False,False,False,True
-0.055,-0.341,-0.174,-0.291,4.119,-0.603,True,False,False,False,False,True,False,False,False,False,False,True
-0.752,-0.341,-0.287,-0.291,-0.269,1.758,False,True,True,False,False,False,False,False,True,False,False,True
-0.055,-0.341,-0.287,-0.291,-0.269,2.011,False,True,True,False,False,False,False,False,True,False,False,False
-1.101,0.275,-0.287,-0.204,0.072,1.312,False,False,False,False,False,False,False,False,False,True,False,True
0.642,-0.341,-0.287,-0.291,2.707,2.013,False,False,False,False,False,False,False,False,True,False,False,False
0.712,0.050,0.679,-0.291,0.279,-0.583,True,False,False,False,True,False,False,False,False,False,False,True
-0.752,-0.341,-0.287,-0.291,-0.269,-0.334,True,False,True,False,False,False,False,False,True,False,False,True
0.991,-0.341,-0.287,-0.107,-0.269,1.760,False,False,False,False,False,False,False,False,True,False,False,True
0.224,0.000,-0.056,-0.291,0.385,1.762,False,False,False,False,False,False,False,False,True,False,False,True
0.015,-0.341,-0.287,-0.291,-0.269,1.764,False,False,True,False,False,False,False,False,True,False,False,True
1.130,0.887,-0.287,-0.070,-0.269,1.764,False,True,False,False,False,False,False,False,True,False,False,True
-0.264,-0.341,-0.287,-0.291,-0.269,1.764,False,True,True,False,False,False,False,False,True,False,False,True
2.455,-0.312,-0.124,0.057,-0.080,1.766,False,False,False,False,False,False,False,False,True,False,False,True
-0.752,-0.341,-0.287,-0.291,1.620,2.015,False,False,False,False,False,False,False,False,True,False,False,False
1.061,0.202,-0.097,-0.291,-0.153,-0.178,False,False,False,False,False,False,False,True,False,False,False,False
-0.962,-0.341,-0.287,0.000,-0.269,1.292,False,False,True,False,False,False,False,False,False,True,False,False
-0.543,2.267,1.178,-0.291,0.027,-0.334,False,False,False,False,False,False,False,False,True,False,False,True
0.294,-0.089,0.110,0.411,0.771,2.020,False,True,False,False,False,False,False,False,True,False,False,False
-1.798,-0.341,-0.287,-0.291,-0.269,1.296,False,False,False,False,False,False,False,False,False,True,False,False
-0.683,-0.341,-0.287,-0.291,-0.269,1.296,False,False,True,False,False,False,False,False,False,True,False,False
0.572,-0.341,-0.287,-0.291,-0.269,1.298,False,False,False,False,False,False,False,False,False,True,False,False
-0.334,-0.341,0.144,-0.291,-0.268,2.022,False,False,False,False,False,False,False,False,True,False,False,False
-0.195,-0.341,-0.238,-0.202,-0.269,1.302,False,False,False,False,False,False,False,False,False,True,False,False
-0.195,-0.341,-0.287,0.000,-0.269,1.770,False,True,True,False,False,False,False,False,True,False,False,True
-0.195,-0.341,-0.287,-0.291,-0.000,1.770,False,True,True,False,False,False,False,False,True,False,False,True
-0.474,0.825,-0.287,-0.291,0.374,1.772,False,False,False,False,False,False,False,False,True,False,False,True
-0.195,1.680,-0.287,-0.207,-0.269,1.774,False,True,False,False,False,False,False,False,True,False,False,True
-0.125,-0.341,-0.253,-0.291,-0.194,2.024,False,False,False,False,False,False,False,False,True,False,False,False
-0.125,-0.341,0.092,-0.291,-0.269,1.776,False,False,False,False,False,False,False,False,True,False,False,True
0.572,-0.341,0.293,-0.291,-0.269,1.778,False,False,False,False,False,False,False,False,True,False,False,True
-0.474,-0.341,-0.287,-0.291,-0.269,1.304,False,False,True,False,False,False,False,False,False,True,False,False
-0.334,-0.341,-0.287,1.063,-0.269,1.306,False,False,False,False,False,False,False,False,False,True,False,False
-0.404,0.470,-0.285,-0.262,-0.080,1.318,False,False,False,False,False,False,False,False,False,True,False,True
-0.752,-0.341,-0.240,-0.291,-0.264,2.028,False,False,False,False,False,False,False,False,True,False,False,False
-0.055,-0.341,-0.287,-0.291,-0.269,1.322,False,False,True,False,False,False,False,False,False,True,False,True
-1.729,-0.341,-0.287,-0.291,-0.269,1.324,False,False,True,False,False,False,False,False,False,True,False,True
-0.404,-0.341,-0.287,-0.291,-0.269,1.326,False,False,True,False,False,False,False,False,False,True,False,True
-1.868,-0.341,-0.287,-0.291,-0.269,1.326,False,False,True,False,False,False,False,False,False,True,False,True
1.200,-0.341,0.000,-0.291,0.309,1.326,False,False,False,False,False,False,False,False,False,True,False,True
-2.008,-0.341,-0.287,-0.291,-0.269,1.326,False,False,False,False,False,False,False,False,False,True,False,True
-0.892,1.319,-0.287,-0.200,-0.269,2.032,False,True,False,False,False,False,False,False,True,False,False,False
-0.683,2.423,-0.265,-0.155,-0.269,-0.727,False,True,False,False,False,False,True,False,False,False,False,True
0.363,-0.341,1.860,-0.281,0.726,-0.575,True,False,False,False,True,False,False,False,False,False,False,True
0.363,-0.324,1.782,-0.291,-0.256,-0.575,True,False,False,False,True,False,False,False,False,False,False,True
-0.334,0.390,0.319,0.293,-0.269,1.328,False,False,False,False,False,False,False,False,False,True,False,True
-0.055,-0.341,-0.287,-0.291,-0.269,1.330,False,False,True,False,False,False,False,False,False,True,False,True
1.061,-0.341,-0.287,-0.291,-0.269,-0.573,True,False,True,False,True,False,False,False,False,False,False,True
0.433,-0.341,-0.287,-0.291,-0.269,-0.573,True,False,True,False,True,False,False,False,False,False,False,True
-0.613,-0.341,-0.287,-0.291,-0.269,1.308,False,False,False,False,False,False,False,False,False,True,False,False
-0.752,0.157,-0.287,-0.291,0.004,1.784,False,False,False,False,False,False,False,False,True,False,False,True
0.991,-0.331,-0.272,-0.291,-0.269,1.310,False,False,False,False,False,False,False,False,False,True,False,False
1.340,-0.341,-0.287,0.548,-0.269,2.034,False,False,False,False,False,False,False,False,True,False,False,False
1.200,-0.262,-0.287,1.693,-0.269,-0.165,False,True,False,False,False,False,False,True,False,False,False,True
3.222,-0.341,-0.287,-0.291,-0.269,-0.334,False,True,True,False,False,False,False,False,True,False,False,True
-0.334,-0.341,-0.287,-0.291,-0.269,-0.571,True,False,True,False,True,False,False,False,False,False,False,True
0.363,-0.341,-0.282,0.742,-0.021,1.312,False,False,False,False,False,False,False,False,False,True,False,False
0.015,1.254,-0.287,0.772,-0.269,-0.334,False,True,False,False,False,False,False,False,True,False,False,True
1.200,-0.341,-0.287,-0.291,-0.269,1.786,False,True,True,False,False,False,False,False,True,False,False,True
-0.474,0.505,-0.248,-0.291,-0.269,1.332,False,False,False,False,False,False,False,False,False,True,False,True
0.921,-0.341,-0.287,-0.291,-0.269,-0.163,False,True,True,False,False,False,False,True,False,False,False,True
1.200,-0.341,-0.287,-0.291,-0.269,2.038,False,True,True,False,False,False,False,False,True,False,False,False
-0.962,-0.341,-0.284,-0.291,-0.269,-0.174,False,False,False,False,False,False,False,True,False,False,False,False
0.921,1.519,0.198,-0.267,-0.269,1.788,False,False,False,False,False,False,False,False,True,False,False,True
0.154,-0.089,-0.287,0.206,-0.269,-0.161,False,True,False,False,False,False,False,True,False,False,False,True
-1.380,-0.341,-0.287,-0.291,-0.269,1.788,False,True,True,False,False,False,False,False,True,False,False,True
0.363,-0.341,-0.287,-0.291,0.278,1.790,False,False,False,False,False,False,False,False,True,False,False,True
-0.543,-0.327,-0.287,-0.291,0.447,1.318,False,False,False,False,False,False,False,False,False,True,False,False
-0.892,-0.341,-0.280,-0.291,-0.269,2.040,False,False,False,False,False,False,False,False,True,False,False,False
0.782,0.620,-0.250,-0.067,-0.269,2.040,False,False,False,False,False,False,False,False,True,False,False,False
-0.404,0.493,-0.287,0.945,-0.269,1.792,False,False,False,False,False,False,False,False,True,False,False,True
-1.589,-0.341,-0.287,-0.291,-0.269,1.320,False,False,True,False,False,False,False,False,False,True,False,False
-0.822,-0.191,0.036,3.002,-0.264,1.793,False,False,False,False,False,False,False,False,True,False,False,True
0.572,-0.312,-0.009,2.670,-0.266,1.795,False,False,False,False,False,False,False,False,True,False,False,True
0.084,-0.341,-0.287,-0.291,-0.269,-0.599,True,False,True,False,False,True,False,False,False,False,False,True
0.224,-0.341,-0.287,-0.291,-0.269,-0.599,True,False,True,False,False,True,False,False,False,False,False,True
0.851,-0.341,-0.287,-0.291,-0.269,-0.599,True,False,True,False,False,True,False,False,False,False,False,True
0.991,-0.341,10.285,-0.291,0.593,-0.674,True,False,False,False,False,True,False,False,False,False,False,False
-0.822,9.142,-0.287,-0.291,-0.250,-0.157,False,False,False,False,False,False,False,True,False,False,False,True
0.572,-0.341,-0.287,-0.291,-0.269,-0.670,True,False,True,False,True,False,False,False,False,False,False,False
-0.752,-0.341,-0.287,-0.291,-0.269,-0.334,False,False,True,False,False,False,False,False,True,False,False,True
-1.938,-0.341,-0.287,-0.291,-0.269,1.324,False,False,False,False,False,False,False,False,False,True,False,False
0.642,-0.341,-0.287,-0.291,-0.269,1.324,False,False,False,False,False,False,False,False,False,True,False,False
-0.264,-0.142,-0.210,0.392,-0.261,2.046,False,False,False,False,False,False,False,False,True,False,False,False
-1.589,-0.341,-0.287,-0.291,-0.269,1.324,False,False,False,False,False,False,False,False,False,True,False,False
-1.938,-0.341,-0.287,-0.291,-0.269,1.324,False,False,True,False,False,False,False,False,False,True,False,False
-1.519,-0.341,-0.287,-0.291,-0.269,1.324,False,False,False,False,False,False,False,False,False,True,False,False
-0.334,0.522,-0.189,-0.291,-0.269,2.048,False,False,False,False,False,False,False,False,True,False,False,False
-0.683,-0.341,0.165,-0.291,-0.268,2.048,False,False,False,False,False,False,False,False,True,False,False,False
-0.195,-0.341,-0.287,-0.291,-0.269,-0.567,True,False,True,False,True,False,False,False,False,False,False,True
1.409,-0.341,0.803,-0.291,-0.269,1.326,False,False,False,False,False,False,False,False,False,True,False,False
-0.752,-0.341,-0.287,-0.237,0.325,1.328,False,False,False,False,False,False,False,False,False,True,False,False
-0.264,-0.341,0.012,-0.172,-0.126,1.330,False,False,False,False,False,False,False,False,False,True,False,False
1.200,0.035,0.000,-0.291,-0.269,1.797,False,False,False,False,False,False,False,False,True,False,False,True
0.294,-0.341,-0.287,-0.291,-0.269,1.332,False,False,True,False,False,False,False,False,False,True,False,False
-1.310,-0.341,-0.287,-0.291,-0.269,1.332,False,False,False,False,False,False,False,False,False,True,False,False
0.642,-0.341,-0.287,-0.291,-0.269,1.334,False,False,True,False,False,False,False,False,False,True,False,False
-0.404,2.100,-0.286,0.488,-0.269,-0.167,False,True,False,False,False,False,False,True,False,False,False,False
-0.195,-0.341,-0.287,-0.291,-0.269,1.336,False,False,True,False,False,False,False,False,False,True,False,False
-0.892,-0.341,-0.280,-0.291,0.461,1.338,False,False,False,False,False,False,False,False,False,True,False,False
0.015,-0.285,-0.287,0.787,-0.113,-0.155,False,False,False,False,False,False,False,True,False,False,False,True
0.433,-0.341,-0.287,-0.291,-0.269,-0.672,True,False,True,False,False,True,False,False,False,False,False,False
2.037,-0.341,-0.119,-0.291,0.255,1.799,False,False,False,False,False,False,False,False,True,False,False,True
-0.822,-0.341,-0.287,-0.291,-0.269,1.336,False,False,True,False,False,False,False,False,False,True,False,True
-0.892,-0.341,-0.287,-0.291,-0.269,-0.334,False,False,True,False,False,False,False,False,True,False,False,True
-1.868,-0.341,-0.287,-0.291,-0.269,1.338,False,False,True,False,False,False,False,False,False,True,False,True
-1.101,-0.289,-0.287,-0.291,-0.243,-0.334,False,False,False,False,False,False,False,False,True,False,False,True
-0.752,-0.043,-0.287,0.955,-0.269,2.052,False,True,False,False,False,False,False,False,True,False,False,False
0.015,-0.271,-0.245,0.695,-0.269,-0.153,False,False,False,False,False,False,False,True,False,False,False,True
-0.543,-0.186,-0.282,-0.256,-0.177,1.801,False,False,False,False,False,False,False,False,True,False,False,True
0.991,-0.341,-0.287,-0.291,-0.269,-0.595,True,False,True,False,False,True,False,False,False,False,False,True
2.804,-0.341,-0.287,-0.291,-0.269,1.339,False,False,True,False,False,False,False,False,False,True,False,True
0.782,-0.341,-0.287,-0.267,-0.260,1.339,False,False,False,False,False,False,False,False,False,True,False,True
-1.938,-0.341,-0.287,-0.291,-0.269,1.339,False,False,True,False,False,False,False,False,False,True,False,True
0.503,-0.341,-0.287,-0.291,-0.269,1.807,False,True,True,False,False,False,False,False,True,False,False,True
2.176,-0.341,-0.287,-0.291,-0.269,1.341,False,False,False,False,False,False,False,False,False,True,False,False
-0.822,-0.341,-0.287,-0.291,-0.269,1.341,False,False,True,False,False,False,False,False,False,True,False,False
1.409,-0.341,-0.287,-0.291,-0.269,1.341,False,False,True,False,False,False,False,False,False,True,False,False
-0.404,-0.339,0.152,-0.291,-0.149,1.341,False,False,False,False,False,False,False,False,False,True,False,False
0.712,0.375,-0.287,-0.291,-0.269,2.056,False,False,False,False,False,False,False,False,True,False,False,False
1.688,-0.341,-0.287,-0.291,-0.269,-0.334,False,False,True,False,False,False,False,False,True,False,False,True
-0.195,0.395,-0.282,6.335,-0.269,1.343,False,False,False,False,False,False,False,False,False,True,False,False
0.154,-0.341,-0.233,-0.291,-0.071,-0.593,True,False,False,False,False,True,False,False,False,False,False,True
1.340,-0.341,-0.287,-0.291,-0.269,-0.593,True,False,True,False,False,True,False,False,False,False,False,True
-0.195,1.830,0.517,-0.291,4.173,-0.593,True,False,False,False,False,True,False,False,False,False,False,True
-0.264,-0.341,-0.287,-0.291,-0.269,1.809,False,True,True,False,False,False,False,False,True,False,False,True
-0.264,-0.341,-0.287,-0.291,-0.269,-0.565,True,False,True,False,True,False,False,False,False,False,False,True
0.084,-0.335,0.112,-0.291,-0.266,2.058,False,False,False,False,False,False,False,False,True,False,False,False
-0.125,-0.341,-0.287,-0.291,-0.269,1.345,False,False,True,False,False,False,False,False,False,True,False,True
-0.404,-0.341,-0.287,-0.291,-0.269,1.345,False,False,True,False,False,False,False,False,False,True,False,False
-0.334,-0.341,-0.237,-0.113,-0.269,1.345,False,False,False,False,False,False,False,False,False,True,False,False
1.270,0.261,-0.287,0.247,-0.265,1.345,False,False,False,False,False,False,False,False,False,True,False,False
0.572,-0.341,-0.287,-0.291,-0.269,1.347,False,False,True,False,False,False,False,False,False,True,False,False
-0.334,-0.341,-0.287,-0.291,-0.269,2.060,False,True,True,False,False,False,False,False,True,False,False,False
-0.543,-0.204,-0.287,1.077,-0.269,1.351,False,False,False,False,False,False,False,False,False,True,False,False
0.921,-0.341,-0.287,-0.291,-0.269,1.813,False,True,True,False,False,False,False,False,True,False,False,True
0.712,4.252,-0.238,-0.291,-0.269,1.817,False,False,False,False,False,False,False,False,True,False,False,True
-0.055,0.552,-0.252,-0.291,-0.269,2.064,False,False,False,False,False,False,False,False,True,False,False,False
0.224,-0.341,-0.287,0.000,0.804,-0.163,False,False,False,False,False,False,False,True,False,False,False,False
0.154,-0.341,0.283,-0.194,0.805,-0.563,True,False,False,False,True,False,False,False,False,False,False,True
-1.101,-0.341,-0.287,-0.291,-0.269,-0.334,False,False,True,False,False,False,False,False,True,False,False,True
0.851,-0.213,-0.287,-0.281,-0.267,1.823,False,False,False,False,False,False,False,False,True,False,False,True
-0.543,-0.330,-0.287,0.750,-0.269,2.068,False,False,False,False,False,False,False,False,True,False,False,False
-0.125,-0.341,-0.287,-0.291,-0.269,1.357,False,False,False,False,False,False,False,False,False,True,False,False
-1.380,-0.341,-0.287,0.000,-0.269,1.357,False,False,False,False,False,False,False,False,False,True,False,False
0.503,-0.341,5.691,-0.291,0.138,-0.725,True,False,False,False,False,False,True,False,False,False,False,True
0.084,-0.341,-0.287,-0.291,-0.269,-0.725,True,False,True,False,False,False,True,False,False,False,False,True
-0.125,-0.341,0.085,-0.291,-0.269,1.351,False,False,False,False,False,False,False,False,False,True,False,True
0.782,0.539,-0.287,0.457,-0.269,1.825,False,False,False,False,False,False,False,False,True,False,False,True
0.851,-0.341,-0.215,17.629,-0.260,-0.670,True,False,False,False,False,True,False,False,False,False,False,False
-0.892,-0.341,-0.287,-0.291,-0.269,-0.668,True,False,True,False,True,False,False,False,False,False,False,False
0.503,-0.338,3.792,-0.291,-0.265,-0.668,True,False,False,True,True,False,False,False,False,False,False,False
-0.962,-0.294,0.217,-0.289,2.005,-0.723,True,False,False,False,False,False,True,False,False,False,False,True
0.712,-0.341,-0.287,-0.291,-0.269,-0.723,True,False,True,False,False,False,True,False,False,False,False,True
-0.543,-0.341,-0.287,-0.291,-0.269,1.827,False,True,True,False,False,False,False,False,True,False,False,True
-0.334,-0.341,-0.287,0.720,-0.189,2.070,False,False,False,False,False,False,False,False,True,False,False,False
-0.055,2.405,-0.287,-0.195,-0.269,2.072,False,True,False,False,False,False,False,False,True,False,False,False
1.270,-0.341,-0.279,-0.291,-0.269,1.355,False,False,False,False,False,False,False,False,False,True,False,True
1.828,-0.341,0.729,-0.025,-0.269,1.363,False,False,False,False,False,False,False,False,False,True,False,False
-0.125,-0.341,-0.287,-0.291,-0.269,1.363,False,False,True,False,False,False,False,False,False,True,False,False
-0.474,-0.325,-0.287,0.754,-0.194,-0.159,False,False,False,False,False,False,False,True,False,False,False,False
-0.195,-0.341,-0.287,-0.291,-0.269,1.363,False,False,True,False,False,False,False,False,False,True,False,False
2.316,-0.189,-0.287,-0.227,-0.269,1.829,False,True,False,False,False,False,False,False,True,False,False,True
1.688,0.975,-0.287,0.858,-0.248,-0.143,False,True,False,False,False,False,False,True,False,False,False,True
0.015,-0.295,-0.287,-0.291,0.419,1.357,False,False,False,False,False,False,False,False,False,True,False,True
-0.543,0.630,-0.287,-0.050,-0.269,1.365,False,False,False,False,False,False,False,False,False,True,False,False
-0.752,-0.341,-0.287,-0.291,-0.269,1.359,False,False,True,False,False,False,False,False,False,True,False,True
0.363,-0.341,-0.287,-0.291,-0.269,-0.141,False,True,True,False,False,False,False,True,False,False,False,True
-0.683,-0.339,-0.283,0.000,-0.269,2.076,False,False,False,False,False,False,False,False,True,False,False,False
-1.031,-0.341,-0.062,-0.291,0.913,1.369,False,False,False,False,False,False,False,False,False,True,False,False
-0.543,0.707,-0.287,-0.291,-0.256,1.365,False,False,False,False,False,False,False,False,False,True,False,True
1.828,0.229,-0.287,1.145,-0.242,-0.719,False,True,False,False,False,False,True,False,False,False,False,True
-0.752,-0.341,1.903,-0.291,-0.262,-0.668,True,False,False,False,False,True,False,False,False,False,False,False
0.294,-0.341,-0.287,-0.291,-0.269,-0.664,True,False,True,False,True,False,False,False,False,False,False,False
0.433,0.000,-0.133,-0.249,3.023,-0.664,True,False,False,False,True,False,False,False,False,False,False,False
0.154,-0.341,-0.287,-0.291,-0.269,-0.591,False,False,True,False,False,True,False,False,False,False,False,True
-0.125,-0.341,1.167,1.596,-0.168,-0.666,True,False,False,False,False,True,False,False,False,False,False,False
-0.125,-0.341,-0.265,-0.142,0.549,-0.666,True,False,False,False,False,True,False,False,False,False,False,False
-1.101,-0.341,-0.287,-0.291,-0.269,1.367,False,False,True,False,False,False,False,False,False,True,False,True
-0.334,-0.304,-0.178,-0.291,-0.256,2.084,False,False,False,False,False,False,False,False,True,False,False,False
-0.474,-0.294,-0.287,-0.289,0.399,1.375,False,False,False,False,False,False,False,False,False,True,False,False
0.224,-0.341,-0.287,-0.291,-0.269,-0.662,True,False,True,False,True,False,False,False,False,False,False,False
-0.752,-0.341,-0.287,-0.291,-0.269,-0.662,True,False,True,False,True,False,False,False,False,False,False,False
1.688,-0.341,-0.287,-0.291,-0.269,-0.334,True,False,True,False,False,False,False,False,True,False,False,True
-1.729,-0.341,-0.287,-0.291,-0.269,2.086,False,True,False,False,False,False,False,False,True,False,False,False
-0.334,-0.341,-0.287,-0.291,-0.269,2.086,False,True,True,False,False,False,False,False,True,False,False,False
-0.404,0.643,-0.287,0.750,-0.269,2.086,False,True,False,False,False,False,False,False,True,False,False,False
-1.938,-0.341,-0.287,-0.291,-0.269,2.086,False,True,False,False,False,False,False,False,True,False,False,False
-0.752,2.644,-0.287,0.228,-0.269,2.088,False,False,False,False,False,False,False,False,True,False,False,False
-0.543,0.930,-0.259,0.471,-0.269,2.090,False,True,False,False,False,False,False,False,True,False,False,False
0.782,5.433,-0.287,-0.256,-0.268,-0.688,False,True,False,False,False,False,True,False,False,False,False,False
1.409,-0.341,-0.287,-0.291,-0.269,-0.559,True,False,True,False,True,False,False,False,False,False,False,True
-0.264,-0.341,-0.287,-0.291,-0.269,1.369,False,False,True,False,False,False,False,False,False,True,False,True
-0.543,-0.341,-0.287,-0.291,-0.269,1.377,False,False,True,False,False,False,False,False,False,True,False,False
0.782,-0.341,-0.287,-0.291,-0.269,-0.988,True,False,True,False,False,False,False,False,False,False,False,True
1.270,-0.341,-0.287,-0.291,-0.269,-0.988,True,False,True,True,False,False,False,False,False,False,False,True
-0.264,-0.109,-0.287,-0.291,-0.269,1.379,False,False,False,False,False,False,False,False,False,True,False,False
0.503,-0.341,-0.287,-0.291,-0.269,-0.334,True,False,True,False,False,False,False,False,True,False,False,True
0.712,-0.315,-0.078,0.894,0.054,2.094,False,False,False,False,False,False,False,False,True,False,False,False
-0.195,-0.341,-0.287,-0.291,-0.269,-0.660,True,False,True,False,True,False,False,False,False,False,False,False
-2.008,-0.341,-0.287,0.000,-0.269,1.373,False,False,False,False,False,False,False,False,False,True,False,True
-1.031,-0.341,-0.287,-0.291,-0.269,1.373,False,False,True,False,False,False,False,False,False,True,False,True
-1.519,-0.341,-0.287,-0.291,-0.269,2.097,False,True,False,False,False,False,False,False,True,False,False,False
1.479,-0.341,-0.287,-0.291,-0.269,1.837,False,True,True,False,False,False,False,False,True,False,False,True
-0.474,-0.341,-0.278,-0.291,-0.160,1.839,False,False,False,False,False,False,False,False,True,False,False,True
-0.822,-0.341,-0.287,-0.291,-0.269,1.375,False,False,True,False,False,False,False,False,False,True,False,True
0.433,0.684,-0.287,-0.291,-0.234,1.839,False,False,False,False,False,False,False,False,True,False,False,True
-0.474,-0.341,0.431,-0.291,0.058,1.841,False,False,False,False,False,False,False,False,True,False,False,True
-0.195,-0.341,-0.287,-0.289,-0.269,1.381,False,False,False,False,False,False,False,False,False,True,False,False
-0.334,-0.341,-0.287,-0.137,-0.269,-0.157,False,False,False,False,False,False,False,True,False,False,False,False
2.107,-0.341,1.339,-0.291,-0.269,-0.585,True,False,False,False,False,True,False,False,False,False,False,True
-0.334,-0.341,-0.287,-0.291,-0.269,1.845,False,True,True,False,False,False,False,False,True,False,False,True
-0.822,-0.341,-0.287,-0.291,-0.269,-0.131,False,True,False,False,False,False,False,True,False,False,False,True
-0.055,-0.341,-0.287,-0.291,-0.269,1.845,False,True,True,False,False,False,False,False,True,False,False,True
0.642,-0.341,-0.287,-0.291,-0.269,1.377,False,False,True,False,False,False,False,False,False,True,False,True
-1.868,-0.341,-0.287,-0.291,-0.000,-0.555,True,False,False,False,True,False,False,False,False,False,False,True
0.503,-0.341,-0.134,-0.291,1.762,-0.555,True,False,False,False,True,False,False,False,False,False,False,True
0.224,-0.341,-0.287,-0.291,-0.269,-0.555,True,False,True,False,True,False,False,False,False,False,False,True
-0.962,-0.341,-0.281,-0.291,0.067,-0.129,False,False,False,False,False,False,False,True,False,False,False,True
1.758,-0.341,-0.287,-0.282,-0.246,1.847,False,False,False,False,False,False,False,False,True,False,False,True
-0.752,-0.341,-0.287,-0.291,-0.269,2.099,False,True,True,False,False,False,False,False,True,False,False,False
-0.474,0.672,-0.238,-0.291,-0.268,2.101,False,False,False,False,False,False,False,False,True,False,False,False
-0.404,-0.341,-0.287,-0.291,-0.269,1.385,False,False,True,False,False,False,False,False,False,True,False,False
-1.031,-0.341,2.563,0.163,0.946,-0.686,True,False,False,False,False,False,True,False,False,False,False,False
-0.195,-0.341,-0.287,-0.291,-0.269,-0.686,True,False,True,False,False,False,True,False,False,False,False,False
3.083,-0.316,-0.287,0.918,-0.190,1.849,False,False,False,False,False,False,False,False,True,False,False,True
0.015,-0.341,-0.287,-0.291,-0.269,-0.658,True,False,False,False,True,False,False,False,False,False,False,False
0.015,-0.341,-0.287,-0.291,-0.269,1.851,False,True,True,False,False,False,False,False,True,False,False,True
-1.171,-0.341,-0.287,-0.291,-0.269,1.383,False,False,False,False,False,False,False,False,False,True,False,True
-0.125,-0.294,-0.146,0.263,-0.257,1.853,False,False,False,False,False,False,False,False,True,False,False,True
0.154,0.840,-0.287,-0.286,-0.269,1.385,False,False,False,False,False,False,False,False,False,True,False,True
-0.195,0.000,-0.287,-0.291,-0.269,1.387,False,False,True,False,False,False,False,False,False,True,False,True
0.433,-0.341,-0.287,-0.291,-0.269,-0.684,True,False,True,False,False,False,True,False,False,False,False,False
-0.264,-0.341,-0.287,-0.291,-0.269,-1.009,True,False,True,False,False,False,False,False,False,False,False,False
0.782,-0.341,-0.287,-0.291,-0.269,-1.009,True,False,True,False,False,False,False,False,False,False,False,False
-0.752,-0.341,-0.287,-0.291,-0.269,-0.127,False,True,True,False,False,False,False,True,False,False,False,True
1.618,1.512,-0.286,-0.167,-0.269,-0.127,False,True,False,False,False,False,False,True,False,False,False,True
0.433,-0.341,-0.287,-0.291,-0.269,1.855,False,True,True,False,False,False,False,False,True,False,False,True
1.549,-0.080,-0.068,-0.291,0.618,1.857,False,False,False,False,False,False,False,False,True,False,False,True
0.433,-0.341,-0.287,-0.187,0.517,1.857,False,False,False,False,False,False,False,False,True,False,False,True
-1.031,-0.341,0.011,0.126,-0.269,1.859,False,False,False,False,False,False,False,False,True,False,False,True
-0.125,-0.341,-0.287,-0.291,-0.269,-0.583,True,False,True,False,False,True,False,False,False,False,False,True
-0.195,-0.341,-0.287,-0.291,-0.269,-0.583,True,False,True,False,False,True,False,False,False,False,False,True
-0.543,-0.341,-0.287,-0.291,-0.269,1.387,False,False,True,False,False,False,False,False,False,True,False,False
1.130,-0.333,10.941,-0.291,-0.021,-0.986,True,False,False,False,False,False,False,False,False,False,False,True
0.015,-0.341,0.596,-0.291,-0.268,-0.986,True,False,False,False,False,False,False,False,False,False,False,True
0.712,-0.339,-0.041,-0.184,0.937,-0.986,True,False,False,True,False,False,False,False,False,False,False,True
0.572,-0.341,-0.287,-0.291,-0.269,-0.986,True,False,True,False,False,False,False,False,False,False,False,True
-0.474,-0.341,-0.287,-0.291,-0.269,1.389,False,False,True,False,False,False,False,False,False,True,False,False
-0.474,-0.331,-0.274,-0.291,-0.269,1.391,False,False,False,False,False,False,False,False,False,True,False,False
0.084,-0.341,-0.266,-0.051,-0.269,1.389,False,False,False,False,False,False,False,False,False,True,False,True
-1.938,-0.341,-0.287,-0.291,-0.269,-0.334,False,False,True,False,False,False,False,False,True,False,False,True
-2.008,-0.341,-0.287,-0.291,-0.269,1.389,False,False,True,False,False,False,False,False,False,True,False,True
-1.380,-0.341,-0.287,-0.291,-0.269,1.393,False,False,False,False,False,False,False,False,False,True,False,True
-0.752,-0.341,-0.287,-0.291,0.027,1.393,False,False,False,False,False,False,False,False,False,True,False,True
0.015,2.000,-0.287,0.054,-0.269,2.105,False,True,False,False,False,False,False,False,True,False,False,False
1.618,0.000,-0.287,0.148,0.235,1.863,False,True,False,False,False,False,False,False,True,False,False,True
-0.125,-0.341,-0.287,1.125,-0.269,-0.125,False,False,False,False,False,False,False,True,False,False,False,True
1.758,-0.341,0.210,-0.291,1.114,-0.660,True,False,False,False,False,True,False,False,False,False,False,False
-0.055,-0.280,5.365,-0.291,0.217,-0.660,True,False,False,False,False,True,False,False,False,False,False,False
2.525,-0.341,-0.287,-0.291,-0.269,-0.650,True,False,True,False,True,False,False,False,False,False,False,False
-0.195,-0.341,-0.287,-0.291,-0.269,-0.650,True,False,True,False,True,False,False,False,False,False,False,False
0.015,-0.322,-0.286,-0.291,1.097,2.107,False,False,False,False,False,False,False,False,True,False,False,False
-0.613,-0.341,-0.263,-0.291,1.301,1.393,False,False,False,False,False,False,False,False,False,True,False,False
0.712,1.735,-0.125,1.316,-0.243,1.865,False,True,False,False,False,False,False,False,True,False,False,True
0.572,-0.341,-0.287,-0.291,-0.269,1.865,False,True,True,False,False,False,False,False,True,False,False,True
-0.613,0.000,-0.272,-0.291,-0.269,1.869,False,False,False,False,False,False,False,False,True,False,False,True
0.782,-0.341,-0.287,-0.291,-0.269,-0.334,False,True,True,False,False,False,False,False,True,False,False,True
-2.008,-0.341,-0.287,-0.291,-0.269,-0.123,False,True,False,False,False,False,False,True,False,False,False,True
0.294,-0.341,-0.287,-0.291,-0.269,-0.123,False,True,True,False,False,False,False,True,False,False,False,True
-0.404,-0.341,-0.287,-0.291,-0.269,1.870,False,True,True,False,False,False,False,False,True,False,False,True
0.224,-0.339,-0.287,0.000,0.316,2.111,False,False,False,False,False,False,False,False,True,False,False,False
-0.613,-0.341,-0.255,-0.291,0.273,1.872,False,False,False,False,False,False,False,False,True,False,False,True
2.176,-0.341,-0.287,-0.291,-0.269,-0.715,True,False,True,False,False,False,True,False,False,False,False,True
1.688,-0.341,-0.287,0.908,-0.269,1.874,False,False,False,False,False,False,False,False,True,False,False,True
-0.195,-0.341,-0.287,-0.291,-0.269,-0.711,True,False,True,False,False,False,True,False,False,False,False,True
0.433,-0.341,3.162,-0.291,2.531,-0.711,True,False,False,False,False,False,True,False,False,False,False,True
-0.683,0.198,-0.287,-0.291,-0.018,1.876,False,False,False,False,False,False,False,False,True,False,False,True
0.991,-0.339,1.005,0.000,2.170,-0.658,True,False,False,False,False,True,False,False,False,False,False,False
0.015,3.731,-0.287,-0.291,1.984,-0.658,True,False,False,False,False,True,False,False,False,False,False,False
-0.613,0.752,-0.211,-0.291,-0.269,1.397,False,False,False,False,False,False,False,False,False,True,False,False
-0.683,-0.341,-0.287,-0.067,-0.000,2.113,False,False,False,False,False,False,False,False,True,False,False,False
-0.543,0.425,-0.287,-0.291,-0.172,1.878,False,False,False,False,False,False,False,False,True,False,False,True
0.712,-0.338,9.403,0.272,0.529,-0.682,True,False,False,False,False,False,True,False,False,False,False,False
-1.171,-0.341,-0.287,-0.291,-0.269,1.399,False,False,True,False,False,False,False,False,False,True,False,False
-0.613,2.452,-0.287,-0.291,-0.269,2.115,False,False,False,False,False,False,False,False,True,False,False,False
-0.752,0.561,-0.203,-0.279,-0.269,2.117,False,False,False,False,False,False,False,False,True,False,False,False
0.154,0.000,0.180,-0.291,1.638,-0.656,True,False,False,False,False,True,False,False,False,False,False,False
0.433,0.622,-0.285,-0.291,-0.247,1.880,False,False,False,False,False,False,False,False,True,False,False,True
1.061,-0.341,-0.287,0.000,-0.269,1.401,False,False,True,False,False,False,False,False,False,True,False,False
2.316,-0.291,1.919,-0.291,-0.269,-0.648,True,False,False,False,True,False,False,False,False,False,False,False
-0.404,-0.339,-0.287,-0.272,1.792,-0.149,False,True,False,False,False,False,False,True,False,False,False,False
-0.404,-0.336,-0.287,-0.291,-0.000,2.119,False,True,False,True,False,False,False,False,True,False,False,False
-0.683,-0.341,-0.287,2.657,-0.237,2.121,False,False,False,False,False,False,False,False,True,False,False,False
0.015,-0.313,-0.283,-0.291,0.418,2.123,False,False,False,False,False,False,False,False,True,False,False,False
0.154,-0.341,2.632,-0.065,0.086,-0.707,True,False,False,False,False,False,True,False,False,False,False,True
0.294,-0.341,0.000,-0.291,-0.269,-0.707,True,False,True,True,False,False,True,False,False,False,False,True
0.851,-0.341,1.730,-0.291,0.187,-0.707,True,False,False,False,False,False,True,False,False,False,False,True
2.176,-0.312,4.301,-0.291,1.303,-0.654,True,False,False,False,False,True,False,False,False,False,False,False
0.851,-0.341,-0.287,0.000,-0.269,-0.552,True,False,True,False,True,False,False,False,False,False,False,True
2.804,-0.341,-0.119,-0.291,7.702,-0.646,True,False,False,True,True,False,False,False,False,False,False,False
1.061,-0.327,1.162,-0.291,-0.268,-0.646,True,False,False,False,True,False,False,False,False,False,False,False
-0.752,-0.341,0.000,-0.291,-0.269,-0.646,True,False,True,False,True,False,False,False,False,False,False,False
-0.195,-0.341,6.987,-0.291,0.072,-0.646,True,False,False,False,True,False,False,False,False,False,False,False
0.084,-0.335,-0.287,0.449,-0.269,2.127,False,False,False,False,False,False,False,False,True,False,False,False
0.363,-0.218,-0.287,0.533,-0.269,2.129,False,True,False,False,False,False,False,False,True,False,False,False
-0.752,-0.341,-0.287,-0.266,-0.195,2.133,False,False,False,False,False,False,False,False,True,False,False,False
1.409,-0.341,-0.287,-0.291,-0.269,1.401,False,False,True,False,False,False,False,False,False,True,False,True
2.943,-0.268,-0.260,-0.291,0.202,2.135,False,False,False,False,False,False,False,False,True,False,False,False
-0.683,-0.113,0.092,-0.291,-0.268,1.886,False,False,False,False,False,False,False,False,True,False,False,True
-0.404,-0.204,-0.285,-0.291,0.250,1.888,False,False,False,False,False,False,False,False,True,False,False,True
0.154,-0.341,-0.287,-0.291,-0.269,-0.550,True,False,True,False,True,False,False,False,False,False,False,True
0.782,-0.341,-0.287,-0.291,-0.269,-0.550,True,False,True,False,True,False,False,False,False,False,False,True
-0.055,-0.266,-0.287,-0.291,0.733,-0.680,False,True,False,False,False,False,True,False,False,False,False,False
-0.822,-0.341,-0.287,-0.291,-0.269,-0.548,True,False,True,False,True,False,False,False,False,False,False,True
-0.334,-0.341,0.220,-0.291,-0.143,-0.548,True,False,False,False,True,False,False,False,False,False,False,True
1.758,-0.341,-0.287,-0.291,-0.269,-0.548,True,False,True,False,True,False,False,False,False,False,False,True
-0.543,-0.341,-0.287,-0.291,-0.269,1.409,False,False,True,False,False,False,False,False,False,True,False,False
-1.868,-0.341,-0.287,-0.291,-0.269,1.892,False,False,True,False,False,False,False,False,True,False,False,True
-0.613,-0.331,0.415,-0.291,-0.258,1.892,False,False,False,False,False,False,False,False,True,False,False,True
-0.613,-0.194,-0.112,-0.291,-0.235,1.892,False,False,False,False,False,False,False,False,True,False,False,True
0.503,-0.341,2.385,-0.291,1.212,-0.678,True,False,False,False,False,False,True,False,False,False,False,False
-0.264,-0.341,-0.287,0.000,-0.269,1.411,False,False,True,False,False,False,False,False,False,True,False,False
2.037,-0.341,-0.146,-0.291,-0.000,-0.581,True,False,False,False,False,True,False,False,False,False,False,True
0.572,-0.221,-0.151,-0.291,0.313,-0.581,True,False,False,False,False,True,False,False,False,False,False,True
-0.195,-0.341,-0.279,-0.291,2.870,-0.581,True,False,False,False,False,True,False,False,False,False,False,True
1.130,-0.341,-0.287,-0.291,-0.269,1.413,False,False,True,False,False,False,False,False,False,True,False,False
1.061,-0.341,0.279,-0.291,-0.269,2.141,False,False,False,False,False,False,False,False,True,False,False,False
-0.334,-0.341,-0.287,-0.291,-0.269,2.143,False,True,True,False,False,False,False,False,True,False,False,False
-1.101,-0.341,-0.287,-0.291,-0.269,-0.334,False,False,True,False,False,False,False,False,True,False,False,True
-1.729,-0.341,-0.287,-0.291,-0.269,1.415,False,False,False,False,False,False,False,False,False,True,False,False
-0.334,0.237,0.293,0.282,0.298,2.145,False,False,False,False,False,False,False,False,True,False,False,False
-0.125,-0.336,-0.279,-0.291,0.426,2.145,False,False,False,False,False,False,False,False,True,False,False,False
0.712,-0.274,0.729,-0.291,-0.269,-0.147,False,False,False,False,False,False,False,True,False,False,False,False
-0.404,-0.341,-0.287,-0.291,-0.269,1.405,False,False,True,False,False,False,False,False,False,True,False,True
-1.729,-0.341,-0.287,-0.291,-0.269,1.405,False,False,False,False,False,False,False,False,False,True,False,True
-2.008,-0.341,-0.287,-0.291,-0.269,1.405,False,False,True,False,False,False,False,False,False,True,False,True
-0.474,-0.341,-0.287,-0.291,-0.269,1.896,False,True,True,False,False,False,False,False,True,False,False,True
-0.125,0.919,-0.287,-0.291,-0.251,-0.676,False,True,False,False,False,False,True,False,False,False,False,False
-0.474,-0.341,-0.287,-0.291,-0.269,-0.650,True,False,True,False,False,True,False,False,False,False,False,False
-0.195,-0.341,-0.287,-0.291,-0.269,-0.648,True,False,True,False,False,True,False,False,False,False,False,False
2.176,-0.341,3.475,-0.291,-0.262,-0.648,True,False,False,False,False,True,False,False,False,False,False,False
-0.752,-0.341,-0.101,-0.291,-0.249,1.416,False,False,False,False,False,False,False,False,False,True,False,False
-0.613,-0.341,-0.287,-0.291,-0.269,1.418,False,False,True,False,False,False,False,False,False,True,False,False
-0.264,-0.324,0.202,-0.291,-0.269,-0.145,False,False,False,False,False,False,False,True,False,False,False,False
-0.334,-0.341,-0.287,-0.291,-0.269,1.407,False,False,True,False,False,False,False,False,False,True,False,True
0.642,-0.341,-0.287,-0.291,-0.269,1.409,False,False,True,False,False,False,False,False,False,True,False,True
-0.752,-0.341,-0.277,-0.282,0.359,1.898,False,False,False,False,False,False,False,False,True,False,False,True
1.130,-0.341,-0.287,-0.291,-0.269,-0.644,True,False,True,False,True,False,False,False,False,False,False,False
-1.101,-0.341,2.021,-0.291,3.132,-0.644,True,False,False,False,True,False,False,False,False,False,False,False
-0.055,-0.341,1.793,-0.162,-0.154,-0.644,True,False,False,False,True,False,False,False,False,False,False,False
-1.659,-0.341,-0.287,-0.291,-0.269,-0.644,True,False,False,False,True,False,False,False,False,False,False,False
-0.613,-0.341,-0.198,-0.291,-0.188,1.422,False,False,False,False,False,False,False,False,False,True,False,False
-1.868,-0.341,-0.287,-0.291,-0.269,-0.334,False,False,True,False,False,False,False,False,True,False,False,True
0.921,-0.313,-0.284,0.496,-0.219,1.422,False,False,False,False,False,False,False,False,False,True,False,False
-2.008,-0.341,-0.287,-0.291,-0.269,1.422,False,False,False,False,False,False,False,False,False,True,False,False
-0.752,-0.341,0.031,-0.291,-0.042,1.424,False,False,False,False,False,False,False,False,False,True,False,False
-0.195,-0.341,-0.287,-0.291,-0.269,1.426,False,False,True,False,False,False,False,False,False,True,False,False
-1.798,-0.341,-0.287,0.000,-0.269,-0.113,False,True,True,False,False,False,False,True,False,False,False,True
1.409,-0.341,-0.287,-0.291,-0.269,-0.113,False,True,True,False,False,False,False,True,False,False,False,True
-0.683,0.707,-0.287,-0.274,-0.247,-0.113,False,True,False,False,False,False,False,True,False,False,False,True
-0.683,-0.341,-0.287,-0.291,-0.269,1.413,False,False,True,False,False,False,False,False,False,True,False,True
-0.962,-0.341,-0.287,-0.291,-0.269,1.428,False,False,True,False,False,False,False,False,False,True,False,False
1.688,-0.204,-0.269,-0.120,-0.220,1.430,False,False,False,False,False,False,False,False,False,True,False,False
-2.008,-0.341,-0.287,-0.291,-0.269,1.415,False,False,False,False,False,False,False,False,False,True,False,True
0.712,2.180,-0.287,0.148,-0.269,1.902,False,False,False,False,False,False,False,False,True,False,False,True
1.130,-0.341,-0.287,4.359,-0.269,1.415,False,False,False,False,False,False,False,False,False,True,False,True
-1.310,-0.341,-0.287,-0.291,-0.269,1.415,False,False,True,False,False,False,False,False,False,True,False,True
-1.938,-0.341,-0.287,-0.291,-0.269,1.415,False,False,False,False,False,False,False,False,False,True,False,True
-1.380,-0.341,-0.287,-0.291,-0.269,1.415,False,False,False,False,False,False,False,False,False,True,False,True
0.782,1.104,-0.287,0.305,-0.269,2.151,False,True,False,False,False,False,False,False,True,False,False,False
-0.195,-0.341,-0.287,-0.291,-0.262,2.153,False,False,False,False,False,False,False,False,True,False,False,False
-0.752,1.413,-0.270,-0.207,-0.269,2.155,False,False,False,False,False,False,False,False,True,False,False,False
1.270,-0.341,-0.090,-0.291,0.693,-0.143,True,False,False,False,False,False,False,True,False,False,False,False
0.154,-0.341,0.288,-0.291,0.525,1.416,False,False,False,False,False,False,False,False,False,True,False,True
-0.125,0.082,-0.280,-0.224,-0.269,-0.141,False,True,False,False,False,False,False,True,False,False,False,False
-0.404,-0.341,-0.287,-0.291,-0.269,1.418,False,False,True,False,False,False,False,False,False,True,False,True
0.224,-0.330,0.166,0.000,-0.258,1.904,False,False,False,False,False,False,False,False,True,False,False,True
0.224,0.104,0.270,-0.289,-0.093,1.904,False,False,False,False,False,False,False,False,True,False,False,True
-0.543,0.636,-0.287,-0.291,-0.267,1.904,False,False,False,False,False,False,False,False,True,False,False,True
-0.125,-0.335,-0.287,-0.276,0.464,1.904,False,False,False,False,False,False,False,False,True,False,False,True
-0.474,0.801,-0.287,-0.291,-0.269,1.420,False,False,False,False,False,False,False,False,False,True,False,True
-0.752,-0.341,0.251,-0.287,-0.269,1.420,False,False,False,False,False,False,False,False,False,True,False,True
-0.055,-0.341,-0.287,-0.291,-0.269,1.420,False,False,True,False,False,False,False,False,False,True,False,True
0.642,-0.341,-0.287,-0.291,-0.269,1.420,False,False,True,False,False,False,False,False,False,True,False,True
1.200,-0.341,-0.287,0.704,-0.269,2.159,False,False,False,False,False,False,False,False,True,False,False,False
1.061,-0.341,2.078,-0.291,-0.265,-0.577,True,False,False,False,False,True,False,False,False,False,False,True
0.642,-0.341,-0.287,-0.291,-0.269,-0.575,True,False,True,False,False,True,False,False,False,False,False,True
-0.055,-0.333,4.888,-0.291,2.402,-0.984,True,False,False,False,False,False,False,False,False,False,False,True
0.154,-0.165,0.000,0.208,-0.069,1.422,False,False,False,False,False,False,False,False,False,True,False,True
-0.752,-0.341,-0.287,-0.291,-0.269,1.424,False,False,True,False,False,False,False,False,False,True,False,True
-0.752,-0.341,-0.149,-0.284,0.200,1.910,False,False,False,False,False,False,False,False,True,False,False,True
-1.729,-0.341,-0.287,-0.291,-0.269,1.426,False,False,False,False,False,False,False,False,False,True,False,True
-2.008,-0.341,-0.287,-0.291,-0.269,1.426,False,False,True,False,False,False,False,False,False,True,False,True
-2.008,-0.341,-0.287,-0.291,-0.000,1.426,False,False,False,False,False,False,False,False,False,True,False,True
-0.404,-0.341,-0.287,-0.291,-0.269,1.426,False,False,True,False,False,False,False,False,False,True,False,True
0.433,-0.341,0.181,-0.291,1.918,-0.642,True,False,False,False,False,True,False,False,False,False,False,False
0.991,-0.341,-0.287,-0.291,-0.269,-0.546,True,False,True,False,True,False,False,False,False,False,False,True
-0.752,-0.341,-0.287,-0.259,-0.265,1.428,False,False,False,False,False,False,False,False,False,True,False,True
-0.752,0.476,-0.286,-0.286,-0.269,1.914,False,False,False,False,False,False,False,False,True,False,False,True
-0.752,-0.341,-0.287,0.817,-0.269,1.916,False,False,False,False,False,False,False,False,True,False,False,True
1.409,0.566,-0.287,-0.291,-0.269,2.165,False,False,False,False,False,False,False,False,True,False,False,False
-0.683,-0.341,-0.287,-0.291,-0.269,1.446,False,False,False,False,False,False,False,False,False,True,False,False
-0.474,-0.341,-0.287,-0.291,-0.269,1.448,False,False,True,False,False,False,False,False,False,True,False,False
-1.729,-0.341,0.000,-0.291,-0.269,-0.573,True,False,False,False,False,True,False,False,False,False,False,True
-2.008,-0.341,-0.287,-0.291,-0.269,-0.573,True,False,False,False,False,True,False,False,False,False,False,True
-0.125,-0.341,-0.287,-0.291,-0.000,-0.573,False,False,True,False,False,True,False,False,False,False,False,True
0.712,-0.312,1.973,-0.291,0.187,-0.573,True,False,False,False,False,True,False,False,False,False,False,True
0.503,-0.341,4.825,-0.282,6.951,-0.573,True,False,False,False,False,True,False,False,False,False,False,True
1.688,-0.341,-0.287,-0.291,-0.269,-0.573,True,False,True,False,False,True,False,False,False,False,False,True
-0.404,-0.341,-0.040,-0.291,-0.000,-0.571,True,False,False,False,False,True,False,False,False,False,False,True
-0.334,-0.341,-0.287,-0.291,-0.269,-0.571,True,False,True,False,False,True,False,False,False,False,False,True
-0.264,-0.341,0.342,2.436,0.391,-0.109,True,False,False,False,False,False,False,True,False,False,False,True
0.084,-0.024,-0.189,4.005,0.147,-0.109,True,False,False,False,False,False,False,True,False,False,False,True
-0.613,0.607,-0.287,-0.287,-0.269,1.450,False,False,False,False,False,False,False,False,False,True,False,False
0.782,-0.341,-0.287,-0.291,-0.269,2.169,False,True,True,False,False,False,False,False,True,False,False,False
-0.752,-0.341,-0.287,-0.291,-0.269,1.432,False,False,True,False,False,False,False,False,False,True,False,True
1.967,-0.331,0.033,0.332,-0.269,1.452,False,False,False,False,False,False,False,False,False,True,False,False
1.270,1.603,-0.287,-0.282,-0.269,-0.702,False,True,False,False,False,False,True,False,False,False,False,True
-0.195,0.000,-0.287,-0.291,-0.269,1.434,False,False,True,False,False,False,False,False,False,True,False,True
0.015,0.398,-0.287,-0.190,-0.269,1.920,False,False,False,False,False,False,False,False,True,False,False,True
0.224,-0.341,-0.286,-0.289,0.508,1.454,False,False,False,False,False,False,False,False,False,True,False,False
0.084,-0.341,-0.287,-0.291,-0.269,-0.700,True,False,True,False,False,False,True,False,False,False,False,True
-0.752,-0.307,-0.287,0.849,-0.268,1.456,False,False,False,False,False,False,False,False,False,True,False,False
1.409,-0.341,-0.285,-0.207,0.389,1.922,False,False,False,False,False,False,False,False,True,False,False,True
0.294,-0.341,-0.287,-0.291,-0.269,-0.640,True,False,True,False,True,False,False,False,False,False,False,False
-0.752,-0.336,-0.287,-0.286,-0.269,1.458,False,False,False,False,False,False,False,False,False,True,False,False
0.015,-0.341,2.947,-0.289,-0.241,-0.982,True,False,False,False,False,False,False,False,False,False,False,True
0.363,-0.341,-0.287,-0.291,-0.269,2.171,False,True,True,False,False,False,False,False,True,False,False,False
0.991,1.257,-0.219,0.673,-0.269,-0.670,False,True,False,False,False,False,True,False,False,False,False,False
-0.752,-0.292,0.500,-0.289,-0.269,2.172,False,True,False,False,False,False,False,False,True,False,False,False
0.154,-0.341,-0.287,-0.291,-0.269,1.438,False,False,True,False,False,False,False,False,False,True,False,True
-0.962,-0.212,-0.287,1.601,-0.050,-0.334,False,True,False,False,False,False,False,False,True,False,False,True
-1.798,-0.341,-0.287,-0.291,-0.269,1.926,False,True,True,False,False,False,False,False,True,False,False,True
0.572,-0.341,-0.287,-0.291,-0.269,1.926,False,True,True,False,False,False,False,False,True,False,False,True
-1.938,-0.341,-0.287,-0.291,-0.269,1.926,False,True,True,False,False,False,False,False,True,False,False,True
-0.125,-0.319,0.457,0.479,-0.261,-0.137,False,False,False,False,False,False,False,True,False,False,False,False
-0.962,-0.341,-0.287,-0.291,-0.269,1.460,False,False,True,False,False,False,False,False,False,True,False,False
0.294,-0.036,0.226,-0.291,-0.269,1.442,False,False,False,False,False,False,False,False,False,True,False,True
2.525,-0.341,-0.287,-0.102,0.249,1.442,False,False,False,False,False,False,False,False,False,True,False,True
-0.683,-0.333,0.130,-0.291,0.119,1.930,False,False,False,False,False,False,False,False,True,False,False,True
0.084,-0.341,-0.287,1.013,-0.253,1.932,False,False,False,False,False,False,False,False,True,False,False,True
0.572,-0.231,-0.287,-0.261,0.445,1.932,False,False,False,False,False,False,False,False,True,False,False,True
-0.962,-0.341,-0.274,-0.254,-0.049,1.934,False,False,False,False,False,False,False,False,True,False,False,True
-0.683,0.434,-0.287,-0.291,-0.269,1.936,False,False,False,False,False,False,False,False,True,False,False,True
-0.613,0.795,-0.277,-0.291,-0.243,1.938,False,False,False,False,False,False,False,False,True,False,False,True
-0.683,-0.341,-0.287,-0.291,-0.269,1.444,False,False,True,False,False,False,False,False,False,True,False,True
-0.543,0.416,-0.287,0.032,-0.268,1.940,False,False,False,False,False,False,False,False,True,False,False,True
-0.613,-0.338,-0.286,1.176,-0.269,1.448,False,False,False,False,False,False,False,False,False,True,False,True
-0.752,-0.341,-0.260,-0.291,-0.208,1.450,False,False,False,False,False,False,False,False,False,True,False,True
-0.125,1.186,-0.287,-0.291,-0.269,1.462,False,False,False,False,False,False,False,False,False,True,False,False
-0.404,-0.341,1.584,-0.252,-0.116,-0.668,True,False,False,False,False,False,True,False,False,False,False,False
-0.264,-0.341,-0.287,-0.291,-0.269,1.466,False,False,True,False,False,False,False,False,False,True,False,False
3.013,0.128,-0.287,-0.291,0.140,1.466,False,False,False,False,False,False,False,False,False,True,False,False
0.433,-0.341,-0.287,-0.291,-0.269,1.452,False,False,True,False,False,False,False,False,False,True,False,True
0.015,-0.262,0.000,0.734,-0.199,2.176,False,False,False,False,False,False,False,False,True,False,False,False
-1.241,-0.341,-0.287,-0.291,-0.269,1.470,False,False,False,False,False,False,False,False,False,True,False,False
-1.519,-0.341,-0.287,-0.291,-0.269,1.470,False,False,True,False,False,False,False,False,False,True,False,False
-0.125,-0.341,-0.287,-0.291,-0.269,2.178,False,True,True,False,False,False,False,False,True,False,False,False
-0.055,-0.341,-0.287,-0.271,-0.269,1.454,False,False,False,False,False,False,False,False,False,True,False,True
0.851,0.260,-0.287,0.802,-0.269,-0.133,False,True,False,False,False,False,False,True,False,False,False,False
-0.125,-0.341,-0.287,0.523,-0.269,1.472,False,False,False,False,False,False,False,False,False,True,False,False
-0.683,-0.213,-0.285,-0.284,-0.269,1.945,False,False,False,False,False,False,False,False,True,False,False,True
-1.450,-0.341,-0.287,-0.291,-0.269,1.456,False,False,False,False,False,False,False,False,False,True,False,True
-1.729,-0.341,-0.287,-0.291,-0.269,1.456,False,False,True,False,False,False,False,False,False,True,False,True
0.642,-0.341,-0.287,-0.291,-0.269,1.474,False,False,True,False,False,False,False,False,False,True,False,False
-0.543,-0.292,-0.287,1.397,-0.269,1.949,False,True,False,False,False,False,False,False,True,False,False,True
-0.752,-0.341,-0.287,-0.291,-0.269,1.476,False,False,True,False,False,False,False,False,False,True,False,False
-1.310,-0.341,-0.287,-0.291,-0.269,1.478,False,False,True,False,False,False,False,False,False,True,False,False
0.015,0.120,-0.287,-0.210,-0.269,-0.131,False,True,False,False,False,False,False,True,False,False,False,False
-0.264,-0.341,-0.287,-0.291,-0.269,2.180,False,True,True,False,False,False,False,False,True,False,False,False
0.782,-0.341,-0.287,-0.291,-0.269,-0.544,True,False,True,False,True,False,False,False,False,False,False,True
-0.683,-0.341,-0.285,-0.291,1.801,-0.544,True,False,False,False,True,False,False,False,False,False,False,True
0.642,-0.210,0.430,1.020,-0.269,2.182,False,True,False,False,False,False,False,False,True,False,False,False
-0.683,-0.297,1.364,-0.291,-0.160,1.953,False,False,False,False,False,False,False,False,True,False,False,True
-2.008,-0.341,-0.287,-0.291,-0.269,1.955,False,True,False,False,False,False,False,False,True,False,False,True
-1.729,-0.341,-0.287,-0.291,-0.269,1.955,False,True,True,False,False,False,False,False,True,False,False,True
0.015,-0.341,0.000,-0.291,-0.269,1.955,False,True,True,False,False,False,False,False,True,False,False,True
1.200,-0.341,-0.287,-0.291,0.185,1.480,False,False,False,False,False,False,False,False,False,True,False,False
0.224,-0.341,-0.287,-0.291,-0.269,1.957,False,True,True,False,False,False,False,False,True,False,False,True
-0.195,-0.341,-0.287,-0.291,-0.269,-0.638,True,False,False,False,False,True,False,False,False,False,False,False
-0.404,-0.341,-0.287,-0.291,-0.269,-0.638,True,False,True,False,False,True,False,False,False,False,False,False
0.224,-0.341,-0.287,-0.291,-0.269,1.484,False,False,True,False,False,False,False,False,False,True,False,False
0.154,-0.341,2.431,-0.199,-0.000,1.486,False,False,False,False,False,False,False,False,False,True,False,False
0.363,-0.341,-0.287,1.182,-0.269,2.184,False,False,False,False,False,False,False,False,True,False,False,False
1.130,-0.341,-0.287,0.099,-0.254,2.186,False,False,False,False,False,False,False,False,True,False,False,False
2.246,-0.239,-0.287,0.804,-0.193,1.460,False,False,False,False,False,False,False,False,False,True,False,True
-0.543,1.542,-0.287,0.804,-0.269,-0.107,False,True,False,False,False,False,False,True,False,False,False,True
-0.125,2.467,-0.287,1.166,-0.263,-0.666,False,True,False,False,False,False,True,False,False,False,False,False
-0.962,1.403,-0.287,0.002,-0.259,2.188,False,True,False,False,False,False,False,False,True,False,False,False
-1.031,-0.341,-0.287,-0.291,-0.269,1.488,False,False,True,False,False,False,False,False,False,True,False,False
-0.752,-0.341,-0.287,-0.291,-0.269,1.466,False,False,True,False,False,False,False,False,False,True,False,True
0.712,-0.341,-0.287,-0.291,-0.269,-0.565,True,False,True,False,False,True,False,False,False,False,False,True
2.316,-0.341,-0.287,-0.291,-0.269,-0.105,False,True,True,False,False,False,False,True,False,False,False,True
0.782,1.644,-0.287,-0.291,-0.269,1.963,False,True,False,False,False,False,False,False,True,False,False,True
-0.543,-0.333,-0.287,-0.291,0.295,1.965,False,False,False,False,False,False,False,False,True,False,False,True
-1.171,-0.341,-0.287,-0.291,-0.269,1.967,False,True,True,False,False,False,False,False,True,False,False,True
-0.125,-0.341,0.000,-0.291,0.328,-0.636,True,False,False,False,False,True,False,False,False,False,False,False
-0.055,2.270,2.888,-0.291,0.543,-0.634,True,False,False,False,False,True,False,False,False,False,False,False
-2.008,-0.341,-0.287,-0.291,-0.269,1.468,False,False,False,False,False,False,False,False,False,True,False,True
-0.822,-0.335,-0.287,1.161,-0.269,1.969,False,False,False,False,False,False,False,False,True,False,False,True
-0.404,-0.010,-0.287,3.504,-0.269,1.971,False,True,False,False,False,False,False,False,True,False,False,True
-1.589,-0.341,-0.287,-0.291,-0.269,1.490,False,False,False,False,False,False,False,False,False,True,False,False
0.015,-0.341,-0.287,-0.291,-0.269,1.490,False,False,True,False,False,False,False,False,False,True,False,False
0.851,0.927,-0.287,-0.291,-0.226,1.490,False,False,False,False,False,False,False,False,False,True,False,False
-0.125,-0.341,0.551,2.938,-0.269,-0.980,True,False,False,True,False,False,False,False,False,False,False,True
0.363,-0.341,-0.287,-0.291,-0.269,-0.980,True,False,True,False,False,False,False,False,False,False,False,True
0.503,-0.341,-0.287,-0.291,-0.269,-0.101,True,False,True,False,False,False,False,True,False,False,False,True
0.084,0.367,-0.287,-0.291,-0.016,1.470,False,False,False,False,False,False,False,False,False,True,False,True
0.084,-0.341,0.114,-0.291,5.203,-0.694,True,False,False,False,False,False,True,False,False,False,False,True
0.015,-0.341,1.562,-0.291,0.308,-0.694,False,False,False,True,False,False,True,False,False,False,False,True
-0.543,0.235,-0.176,-0.021,-0.194,1.977,False,False,False,False,False,False,False,False,True,False,False,True
-0.543,0.466,-0.285,-0.229,-0.269,2.196,False,False,False,False,False,False,False,False,True,False,False,False
-0.752,-0.338,-0.235,0.673,-0.269,2.198,False,False,False,False,False,False,False,False,True,False,False,False
-1.241,-0.341,-0.287,-0.291,-0.269,2.200,False,True,True,False,False,False,False,False,True,False,False,False
2.525,1.780,-0.287,-0.291,-0.269,2.200,False,True,False,False,False,False,False,False,True,False,False,False
-0.264,-0.115,-0.287,0.034,-0.269,2.200,False,True,False,False,False,False,False,False,True,False,False,False
-2.008,-0.341,-0.287,-0.291,-0.269,2.200,False,True,True,False,False,False,False,False,True,False,False,False
-0.334,-0.341,-0.287,0.930,-0.203,2.202,False,False,False,False,False,False,False,False,True,False,False,False
-0.683,-0.341,-0.287,-0.291,-0.269,1.491,False,False,True,False,False,False,False,False,False,True,False,False
-0.404,-0.341,-0.287,-0.291,0.343,2.204,False,False,False,False,False,False,False,False,True,False,False,False
1.130,0.000,-0.257,-0.291,3.174,-0.334,True,False,False,True,False,False,False,False,True,False,False,True
1.618,-0.341,-0.287,-0.291,-0.269,-0.561,False,False,True,False,False,True,False,False,False,False,False,True
1.828,-0.341,0.004,0.173,-0.269,-0.099,False,False,False,False,False,False,False,True,False,False,False,True
-0.334,-0.341,-0.287,-0.291,-0.269,1.493,False,False,True,False,False,False,False,False,False,True,False,False
0.154,0.831,-0.287,-0.291,-0.268,1.495,False,False,False,False,False,False,False,False,False,True,False,False
-0.752,-0.341,-0.287,-0.291,-0.269,1.499,False,False,True,False,False,False,False,False,False,True,False,False
-0.474,-0.341,-0.287,-0.291,-0.269,1.501,False,False,True,False,False,False,False,False,False,True,False,False
0.712,0.871,-0.287,-0.291,-0.269,1.981,False,False,False,False,False,False,False,False,True,False,False,True
-0.683,-0.341,-0.287,-0.291,-0.269,1.503,False,False,True,False,False,False,False,False,False,True,False,False
0.294,1.157,-0.287,-0.291,2.465,-0.559,True,False,False,False,False,True,False,False,False,False,False,True
-1.031,-0.341,-0.287,-0.291,-0.269,1.505,False,False,True,False,False,False,False,False,False,True,False,False
0.084,0.716,-0.287,0.717,-0.269,-0.129,False,True,False,False,False,False,False,True,False,False,False,False
0.084,-0.341,-0.287,-0.291,-0.269,-0.098,False,True,True,False,False,False,False,True,False,False,False,True
-0.543,-0.341,-0.287,-0.291,-0.269,2.210,False,True,True,False,False,False,False,False,True,False,False,False
1.130,0.426,-0.287,-0.287,-0.269,2.210,False,True,False,False,False,False,False,False,True,False,False,False
-0.822,-0.341,-0.287,-0.291,-0.269,2.210,False,True,True,False,False,False,False,False,True,False,False,False
0.712,-0.341,-0.124,0.000,1.317,-0.692,True,False,False,False,False,False,True,False,False,False,False,True
-0.474,-0.341,2.043,-0.291,1.553,-0.692,True,False,False,False,False,False,True,False,False,False,False,True
0.572,0.382,-0.287,-0.011,-0.228,1.983,False,False,False,False,False,False,False,False,True,False,False,True
1.340,-0.341,0.000,-0.291,-0.010,-0.096,True,False,False,False,False,False,False,True,False,False,False,True
0.294,-0.341,-0.287,-0.291,-0.269,-0.096,True,False,True,False,False,False,False,True,False,False,False,True
0.572,-0.341,1.102,-0.287,-0.027,-0.096,True,False,False,False,False,False,False,True,False,False,False,True
-0.125,1.786,-0.181,1.519,-0.269,2.212,False,False,False,False,False,False,False,False,True,False,False,False
0.015,-0.341,-0.287,0.000,-0.269,-0.690,False,True,True,False,False,False,True,False,False,False,False,True
0.642,-0.295,-0.015,-0.095,-0.269,-0.690,False,True,False,False,False,False,True,False,False,False,False,True
-0.892,-0.341,-0.287,-0.291,-0.269,-0.690,False,True,True,False,False,False,True,False,False,False,False,True
-0.752,-0.341,-0.287,2.709,-0.050,1.985,False,False,False,False,False,False,False,False,True,False,False,True
-0.125,-0.278,-0.273,-0.185,0.302,2.214,False,False,False,False,False,False,False,False,True,False,False,False
1.270,-0.341,0.000,-0.291,-0.269,-0.127,False,True,True,False,False,False,False,True,False,False,False,False
-0.962,-0.341,-0.287,-0.291,-0.269,-0.540,True,False,True,False,True,False,False,False,False,False,False,True
-1.101,-0.341,-0.287,-0.291,-0.269,-0.540,True,False,True,False,True,False,False,False,False,False,False,True
-0.683,-0.341,-0.287,-0.291,-0.269,1.509,False,False,True,False,False,False,False,False,False,True,False,False
-0.822,-0.341,-0.287,-0.291,-0.269,-0.534,True,False,True,False,True,False,False,False,False,False,False,True
0.154,-0.341,0.000,-0.291,-0.269,-0.534,True,False,True,False,True,False,False,False,False,False,False,True
-0.683,-0.266,0.139,-0.291,-0.228,2.218,False,False,False,False,False,False,False,False,True,False,False,False
-0.264,-0.341,0.762,-0.291,0.271,-0.978,True,False,False,False,False,False,False,False,False,False,False,True
-0.195,-0.341,0.145,-0.289,1.737,-0.978,True,False,False,False,False,False,False,False,False,False,False,True
-0.264,-0.341,-0.287,-0.291,-0.269,1.513,False,False,True,False,False,False,False,False,False,True,False,False
-1.868,-0.341,-0.287,-0.291,-0.269,1.515,False,False,False,False,False,False,False,False,False,True,False,False
-1.519,-0.341,-0.287,-0.291,-0.269,-0.334,False,False,False,False,False,False,False,False,True,False,False,True
-1.868,-0.341,-0.287,-0.291,-0.269,1.515,False,False,True,False,False,False,False,False,False,True,False,False
-0.683,-0.341,-0.287,-0.291,0.275,1.515,False,False,False,False,False,False,False,False,False,True,False,False
-1.938,-0.341,-0.287,-0.291,-0.269,1.515,False,False,False,False,False,False,False,False,False,True,False,False
-1.729,-0.341,-0.287,-0.291,-0.269,1.517,False,False,True,False,False,False,False,False,False,True,False,False
1.409,0.169,-0.247,0.340,-0.269,2.220,False,False,False,False,False,False,False,False,True,False,False,False
2.246,-0.341,-0.287,-0.291,-0.269,1.989,False,True,True,False,False,False,False,False,True,False,False,True
1.967,0.319,-0.274,2.111,-0.269,-0.094,False,True,False,True,False,False,False,True,False,False,False,True
1.618,-0.341,-0.287,0.777,-0.269,1.991,False,False,False,False,False,False,False,False,True,False,False,True
-0.474,-0.339,-0.286,0.116,0.158,1.993,False,False,False,False,False,False,False,False,True,False,False,True
0.572,-0.341,-0.287,-0.291,-0.269,-0.334,True,False,True,False,False,False,False,False,True,False,False,True
-0.962,-0.244,-0.287,-0.291,0.296,-0.334,False,False,False,False,False,False,False,False,True,False,False,True
-0.055,-0.341,-0.287,-0.291,-0.269,1.995,False,True,True,False,False,False,False,False,True,False,False,True
0.782,1.119,-0.279,0.245,-0.269,-0.117,False,True,False,False,False,False,False,True,False,False,False,False
-1.101,-0.341,-0.287,0.555,-0.261,1.997,False,False,False,False,False,False,False,False,True,False,False,True
-0.334,0.360,-0.287,-0.291,-0.057,1.999,False,False,False,False,False,False,False,False,True,False,False,True
-0.264,-0.341,-0.287,-0.291,-0.269,1.521,False,False,True,False,False,False,False,False,False,True,False,False
-0.264,-0.341,-0.287,-0.291,-0.266,-0.092,False,False,False,False,False,False,False,True,False,False,False,True
0.991,-0.341,4.272,-0.291,1.820,-0.630,True,False,False,False,False,True,False,False,False,False,False,False
1.200,-0.341,-0.287,-0.291,-0.269,1.523,False,False,True,False,False,False,False,False,False,True,False,False
-1.798,-0.341,-0.287,-0.291,-0.269,1.523,False,False,True,False,False,False,False,False,False,True,False,False
-1.798,-0.341,-0.287,-0.291,-0.269,1.523,False,False,False,False,False,False,False,False,False,True,False,False
-1.798,-0.341,-0.287,-0.291,-0.269,1.523,False,False,True,False,False,False,False,False,False,True,False,False
-1.450,-0.341,-0.287,-0.291,-0.269,1.523,False,False,False,False,False,False,False,False,False,True,False,False
1.967,-0.341,0.239,-0.289,-0.267,1.523,False,False,False,False,False,False,False,False,False,True,False,False
-1.241,-0.341,-0.287,-0.291,-0.269,1.523,False,False,False,False,False,False,False,False,False,True,False,False
-0.613,-0.341,-0.287,-0.291,-0.269,2.222,False,False,False,False,False,False,False,False,True,False,False,False
-0.125,-0.341,0.517,-0.291,-0.269,1.525,False,False,False,False,False,False,False,False,False,True,False,False
-0.613,0.843,-0.287,-0.236,-0.269,2.226,False,False,False,False,False,False,False,False,True,False,False,False
-1.031,-0.341,-0.287,-0.291,-0.269,1.527,False,False,True,False,False,False,False,False,False,True,False,False
-0.334,-0.210,0.132,-0.289,-0.269,2.001,False,False,False,False,False,False,False,False,True,False,False,True
-0.543,-0.094,-0.196,-0.200,-0.185,2.228,False,False,False,False,False,False,False,False,True,False,False,False
0.294,-0.327,0.569,-0.291,1.040,-0.632,True,False,False,True,True,False,False,False,False,False,False,False
0.224,-0.341,-0.279,-0.291,0.012,-0.664,True,False,False,False,False,False,True,False,False,False,False,False
-0.474,-0.338,-0.222,0.385,-0.269,1.529,False,False,False,False,False,False,False,False,False,True,False,False
-0.962,-0.341,-0.287,-0.291,-0.269,-0.528,True,False,True,False,True,False,False,False,False,False,False,True
0.851,-0.341,-0.287,-0.291,-0.269,-0.528,True,False,True,False,True,False,False,False,False,False,False,True
0.154,-0.341,-0.287,-0.291,-0.269,-0.555,True,False,True,False,False,True,False,False,False,False,False,True
0.433,-0.341,-0.287,-0.291,-0.269,-0.553,True,False,True,False,False,True,False,False,False,False,False,True
1.340,-0.341,-0.287,-0.291,-0.269,1.480,False,False,True,False,False,False,False,False,False,True,False,True
-0.962,-0.341,-0.287,-0.291,-0.269,1.480,False,False,True,False,False,False,False,False,False,True,False,True
0.572,-0.341,-0.287,1.425,-0.269,1.531,False,False,False,False,False,False,False,False,False,True,False,False
-0.543,1.500,-0.175,0.657,0.277,-0.684,False,True,False,False,False,False,True,False,False,False,False,True
0.363,-0.274,0.522,-0.205,-0.261,2.007,False,False,False,False,False,False,False,False,True,False,False,True
-0.683,-0.341,-0.287,-0.291,-0.269,1.533,False,False,True,False,False,False,False,False,False,True,False,False
1.618,0.097,-0.098,-0.291,-0.269,2.011,False,False,False,False,False,False,False,False,True,False,False,True
-0.962,-0.341,1.680,-0.291,-0.269,2.230,False,False,False,False,False,False,False,False,True,False,False,False
-0.334,-0.341,-0.180,0.698,-0.269,1.535,False,False,False,False,False,False,False,False,False,True,False,False
1.130,-0.341,-0.287,0.772,-0.269,-0.086,False,False,False,False,False,False,False,True,False,False,False,True
-1.101,-0.341,-0.287,-0.291,-0.269,-0.526,True,False,True,False,True,False,False,False,False,False,False,True
-0.752,-0.341,-0.287,-0.291,2.100,-0.526,True,False,False,False,True,False,False,False,False,False,False,True
-0.683,-0.341,-0.182,0.514,-0.269,2.017,False,False,False,False,False,False,False,False,True,False,False,True
-0.613,-0.341,-0.287,-0.291,-0.269,1.486,False,False,True,False,False,False,False,False,False,True,False,True
-0.613,6.041,-0.285,-0.291,-0.269,-0.084,False,False,False,False,False,False,False,True,False,False,False,True
-0.125,-0.339,-0.268,0.946,-0.240,2.019,False,False,False,False,False,False,False,False,True,False,False,True
-0.474,-0.341,-0.287,-0.281,0.378,2.020,False,False,False,False,False,False,False,False,True,False,False,True
-0.822,-0.341,-0.287,-0.291,-0.269,1.539,False,False,True,False,False,False,False,False,False,True,False,False
-0.404,-0.341,-0.287,-0.291,-0.269,1.490,False,False,True,False,False,False,False,False,False,True,False,True
0.015,0.151,-0.287,0.623,-0.269,2.022,False,False,False,False,False,False,False,False,True,False,False,True
-0.334,-0.341,-0.287,-0.291,-0.269,-0.630,True,False,True,False,True,False,False,False,False,False,False,False
-0.195,-0.339,2.648,-0.249,-0.258,-0.630,True,False,False,False,True,False,False,False,False,False,False,False
0.503,-0.341,-0.287,-0.291,-0.269,1.541,False,False,True,False,False,False,False,False,False,True,False,False
-0.264,0.176,0.094,-0.287,-0.255,2.236,False,False,False,False,False,False,False,False,True,False,False,False
0.503,-0.262,-0.287,-0.070,-0.114,-0.334,False,False,False,False,False,False,False,False,True,False,False,True
0.224,0.758,-0.287,2.456,-0.269,2.028,False,True,False,False,False,False,False,False,True,False,False,True
-0.892,-0.341,-0.287,-0.291,-0.269,1.491,False,False,True,False,False,False,False,False,False,True,False,True
0.224,0.958,-0.188,-0.291,-0.269,-0.111,False,True,False,False,False,False,False,True,False,False,False,False
1.340,-0.341,0.697,-0.289,-0.267,2.244,False,False,False,False,False,False,False,False,True,False,False,False
-0.264,-0.339,-0.287,-0.289,1.047,2.246,False,False,False,False,False,False,False,False,True,False,False,False
1.200,-0.341,-0.287,-0.291,-0.000,-0.628,True,False,True,False,True,False,False,False,False,False,False,False
0.224,-0.341,1.064,-0.291,0.489,-0.552,True,False,False,False,False,True,False,False,False,False,False,True
1.479,-0.341,1.638,-0.291,0.227,-0.552,True,False,False,False,False,True,False,False,False,False,False,True
0.154,2.687,-0.287,-0.291,-0.269,2.030,False,True,False,False,False,False,False,False,True,False,False,True
-0.125,-0.341,-0.287,-0.291,-0.269,2.030,False,True,True,False,False,False,False,False,True,False,False,True
1.618,-0.341,0.234,2.280,6.749,-0.627,True,False,False,True,False,True,False,False,False,False,False,False
0.363,-0.341,-0.287,-0.291,-0.269,-0.627,True,False,True,False,False,True,False,False,False,False,False,False
0.782,-0.341,-0.287,-0.291,-0.269,-0.627,True,False,True,False,False,True,False,False,False,False,False,False
0.503,-0.341,0.374,-0.261,-0.226,-0.627,True,False,False,False,False,True,False,False,False,False,False,False
-0.683,-0.171,-0.287,0.153,-0.269,1.495,False,False,False,False,False,False,False,False,False,True,False,True
0.294,-0.341,-0.287,-0.291,-0.269,-0.625,True,False,True,False,False,True,False,False,False,False,False,False
-0.404,-0.297,-0.287,0.000,-0.031,2.034,False,False,False,False,False,False,False,False,True,False,False,True
1.967,-0.341,2.410,-0.239,5.316,-0.548,True,False,False,False,False,True,False,False,False,False,False,True
-0.334,-0.341,-0.287,-0.291,-0.269,-0.548,True,False,True,False,False,True,False,False,False,False,False,True
-0.683,-0.341,-0.287,-0.291,-0.269,-0.548,True,False,True,False,False,True,False,False,False,False,False,True
1.758,-0.341,-0.287,-0.291,-0.269,-0.548,True,False,True,False,False,True,False,False,False,False,False,True
-0.055,1.181,1.232,-0.291,-0.254,-0.548,True,False,False,False,False,True,False,False,False,False,False,True
-0.195,-0.339,3.231,-0.291,-0.164,-0.548,True,False,False,True,False,True,False,False,False,False,False,True
0.991,-0.341,-0.287,-0.291,-0.269,1.497,False,False,True,False,False,False,False,False,False,True,False,True
0.712,-0.341,-0.274,-0.185,-0.269,2.036,False,False,False,False,False,False,False,False,True,False,False,True
-0.543,-0.292,0.114,-0.291,-0.269,2.038,False,False,False,False,False,False,False,False,True,False,False,True
-0.334,-0.341,-0.287,0.727,-0.269,2.040,False,False,False,False,False,False,False,False,True,False,False,True
0.433,-0.341,-0.287,-0.291,-0.269,-0.107,False,True,False,False,False,False,False,True,False,False,False,False
2.246,-0.341,-0.287,-0.291,-0.269,2.249,False,True,True,False,False,False,False,False,True,False,False,False
-0.543,-0.341,-0.284,-0.291,-0.260,2.251,False,False,False,False,False,False,False,False,True,False,False,False
-1.031,-0.341,-0.287,-0.291,-0.269,1.545,False,False,True,False,False,False,False,False,False,True,False,False
0.642,1.419,-0.287,-0.259,-0.269,-0.658,False,True,False,False,False,False,True,False,False,False,False,False
-0.404,-0.341,-0.287,-0.291,-0.269,1.499,False,False,True,False,False,False,False,False,False,True,False,True
0.154,12.154,-0.112,-0.291,1.747,-0.623,True,False,False,True,False,True,False,False,False,False,False,False
2.595,-0.341,0.859,-0.289,-0.229,-0.080,True,False,False,True,False,False,False,True,False,False,False,True
1.897,-0.341,-0.287,-0.291,-0.269,1.547,False,False,True,False,False,False,False,False,False,True,False,False
-0.543,-0.281,-0.254,-0.133,0.188,2.044,False,False,False,False,False,False,False,False,True,False,False,True
1.409,-0.341,1.474,1.522,0.730,-0.524,True,False,False,False,True,False,False,False,False,False,False,True
-0.543,-0.338,2.778,-0.184,1.261,-0.524,True,False,False,False,True,False,False,False,False,False,False,True
-0.125,0.029,-0.287,0.533,-0.249,-0.680,False,True,False,False,False,False,True,False,False,False,False,True
-0.404,-0.341,-0.287,-0.205,-0.076,2.046,False,False,False,False,False,False,False,False,True,False,False,True
-0.125,-0.341,-0.287,-0.291,-0.269,2.253,False,False,False,False,False,False,False,False,True,False,False,False
1.409,-0.056,-0.287,-0.051,0.221,1.551,False,False,False,False,False,False,False,False,False,True,False,False
0.642,-0.341,0.244,-0.286,-0.269,1.551,False,False,False,False,False,False,False,False,False,True,False,False
2.176,-0.341,-0.287,-0.291,-0.269,-0.522,True,False,True,False,True,False,False,False,False,False,False,True
1.270,-0.341,-0.287,-0.291,-0.269,1.503,False,False,True,False,False,False,False,False,False,True,False,True
0.015,-0.341,-0.287,-0.291,-0.269,-0.678,True,False,True,True,False,False,True,False,False,False,False,True
-0.683,-0.341,-0.287,-0.291,-0.269,1.507,False,False,True,False,False,False,False,False,False,True,False,True
0.224,-0.242,0.000,-0.291,8.389,-0.621,True,False,False,True,False,True,False,False,False,False,False,False
-0.474,0.000,-0.287,-0.291,-0.269,1.553,False,False,True,False,False,False,False,False,False,True,False,False
0.433,0.143,-0.287,10.307,-0.269,2.050,False,True,False,False,False,False,False,False,True,False,False,True
-0.055,-0.341,-0.248,-0.286,-0.269,2.257,False,False,False,False,False,False,False,False,True,False,False,False
-0.474,-0.341,-0.287,-0.291,-0.269,1.555,False,False,True,False,False,False,False,False,False,True,False,False
0.921,0.827,-0.287,1.887,-0.269,-0.105,False,True,False,False,False,False,False,True,False,False,False,False
0.572,-0.313,2.694,-0.289,-0.267,-0.619,True,False,False,False,False,True,False,False,False,False,False,False
0.154,-0.266,-0.085,1.345,-0.269,2.263,False,True,False,False,False,False,False,False,True,False,False,False
0.294,1.575,0.834,-0.231,0.028,-0.676,False,True,False,True,False,False,True,False,False,False,False,True
1.340,5.395,0.288,-0.046,0.508,-0.627,True,False,False,False,True,False,False,False,False,False,False,False
0.154,-0.341,0.044,-0.291,3.158,-0.627,True,False,False,False,True,False,False,False,False,False,False,False
-0.752,-0.341,-0.287,-0.291,-0.269,-0.627,True,False,True,False,True,False,False,False,False,False,False,False
1.061,-0.341,-0.287,3.117,-0.268,2.265,False,False,False,False,False,False,False,False,True,False,False,False
-0.474,-0.341,-0.287,-0.291,-0.269,1.557,False,False,True,False,False,False,False,False,False,True,False,False
-0.752,0.402,-0.287,-0.200,-0.269,2.269,False,False,False,False,False,False,False,False,True,False,False,False
1.340,-0.341,-0.287,-0.291,-0.269,2.271,False,True,True,False,False,False,False,False,True,False,False,False
-1.868,-0.341,-0.287,-0.291,-0.269,2.271,False,True,True,False,False,False,False,False,True,False,False,False
-2.008,-0.341,-0.287,-0.291,-0.269,2.271,False,True,False,False,False,False,False,False,True,False,False,False
0.991,-0.309,-0.287,1.154,-0.269,1.515,False,False,False,False,False,False,False,False,False,True,False,True
1.549,0.554,-0.270,-0.169,-0.197,1.517,False,False,False,False,False,False,False,False,False,True,False,True
1.340,-0.341,0.162,-0.291,-0.260,2.054,False,False,False,False,False,False,False,False,True,False,False,True
1.549,0.978,-0.270,0.175,0.868,2.273,False,True,False,False,False,False,False,False,True,False,False,False
-0.613,0.000,-0.287,-0.291,-0.269,2.277,False,False,False,False,False,False,False,False,True,False,False,False
0.851,-0.341,-0.287,-0.291,-0.269,-0.976,True,False,False,False,False,False,False,False,False,False,False,True
-0.125,-0.336,0.000,-0.274,0.485,2.279,False,False,False,False,False,False,False,False,True,False,False,False
1.897,-0.260,1.615,-0.291,5.116,-0.546,True,False,False,False,False,True,False,False,False,False,False,True
-0.195,-0.341,-0.287,-0.291,-0.269,-0.520,True,False,True,False,True,False,False,False,False,False,False,True
-0.543,-0.324,-0.287,-0.291,-0.269,1.525,False,False,False,False,False,False,False,False,False,True,False,True
-0.125,3.452,-0.287,-0.217,-0.243,2.060,False,True,False,False,False,False,False,False,True,False,False,True
-0.404,0.187,-0.156,-0.291,-0.268,2.064,False,False,False,False,False,False,False,False,True,False,False,True
-0.055,-0.341,-0.224,-0.291,10.447,-0.074,True,False,False,False,False,False,False,True,False,False,False,True
0.782,-0.341,-0.287,-0.291,-0.269,2.066,False,True,True,False,False,False,False,False,True,False,False,True
0.712,7.734,-0.287,0.195,-0.269,2.066,False,True,False,False,False,False,False,False,True,False,False,True
-0.892,-0.341,-0.287,-0.291,-0.269,2.066,False,True,True,False,False,False,False,False,True,False,False,True
-0.613,-0.251,-0.269,-0.246,-0.269,1.531,False,False,False,False,False,False,False,False,False,True,False,True
-0.334,0.699,-0.287,-0.269,-0.269,2.070,False,False,False,False,False,False,False,False,True,False,False,True
1.130,1.316,0.309,0.280,-0.269,-0.652,False,True,False,True,False,False,True,False,False,False,False,False
0.294,2.561,-0.284,-0.291,-0.068,-0.652,False,True,False,False,False,False,True,False,False,False,False,False
-0.683,-0.341,-0.287,-0.291,-0.269,-0.103,False,True,True,False,False,False,False,True,False,False,False,False
-0.962,-0.168,-0.186,-0.254,-0.269,2.074,False,False,False,False,False,False,False,False,True,False,False,True
-0.752,-0.341,-0.287,-0.279,-0.269,2.283,False,False,False,False,False,False,False,False,True,False,False,False
-0.543,-0.145,-0.221,0.178,-0.253,2.287,False,False,False,False,False,False,False,False,True,False,False,False
0.572,-0.341,-0.287,-0.291,-0.269,2.076,False,True,True,False,False,False,False,False,True,False,False,True
1.688,-0.341,0.244,0.000,1.549,-0.670,True,False,False,False,False,False,True,False,False,False,False,True
-0.683,-0.341,-0.287,-0.291,-0.269,-0.101,False,True,False,False,False,False,False,True,False,False,False,False
-0.822,0.246,-0.287,-0.244,-0.269,2.289,False,True,False,False,False,False,False,False,True,False,False,False
2.037,0.398,-0.287,0.036,-0.263,-0.098,False,False,False,False,False,False,False,True,False,False,False,False
-0.752,-0.341,0.891,-0.291,8.580,-0.625,True,False,False,False,True,False,False,False,False,False,False,False
-0.264,-0.341,2.208,-0.291,0.258,-0.625,True,False,False,True,True,False,False,False,False,False,False,False
0.712,-0.341,-0.287,-0.291,-0.269,-0.518,True,False,True,False,True,False,False,False,False,False,False,True
0.782,-0.341,-0.287,-0.291,-0.269,-0.518,True,False,True,False,True,False,False,False,False,False,False,True
-0.125,-0.336,0.310,0.057,-0.269,-0.096,False,True,False,True,False,False,False,True,False,False,False,False
-1.798,-0.341,-0.287,-0.291,-0.269,2.293,False,True,False,False,False,False,False,False,True,False,False,False
-0.752,-0.341,-0.287,-0.291,-0.269,2.293,False,True,True,False,False,False,False,False,True,False,False,False
-0.752,-0.341,-0.287,-0.291,-0.269,1.568,False,False,True,False,False,False,False,False,False,True,False,False
0.015,-0.341,-0.287,0.000,-0.269,1.537,False,False,True,False,False,False,False,False,False,True,False,True
-0.474,-0.336,-0.153,-0.291,0.253,1.570,False,False,False,False,False,False,False,False,False,True,False,False
0.363,-0.341,1.993,-0.291,-0.245,-1.004,True,False,False,False,False,False,False,False,False,False,False,False
-0.683,-0.341,-0.287,-0.291,-0.269,1.541,False,False,True,False,False,False,False,False,False,True,False,True
-0.195,8.386,-0.287,0.054,-0.269,2.082,False,True,False,False,False,False,False,False,True,False,False,True
0.294,-0.341,0.176,-0.291,5.821,-1.002,True,False,False,False,False,False,False,False,False,False,False,False
0.363,-0.325,-0.285,-0.289,0.429,2.084,False,False,False,False,False,False,False,False,True,False,False,True
-0.752,-0.341,-0.287,-0.291,-0.269,1.543,False,False,True,False,False,False,False,False,False,True,False,True
0.782,-0.341,-0.287,-0.291,-0.269,2.086,False,True,True,False,False,False,False,False,True,False,False,True
1.688,1.239,-0.287,-0.287,-0.259,-0.668,False,True,False,False,False,False,True,False,False,False,False,True
-1.450,-0.341,-0.287,-0.291,-0.269,2.086,False,True,True,False,False,False,False,False,True,False,False,True
1.758,2.332,-0.287,-0.272,-0.269,2.086,False,True,False,False,False,False,False,False,True,False,False,True
0.015,-0.341,-0.287,-0.291,-0.269,2.086,False,True,True,False,False,False,False,False,True,False,False,True
1.897,-0.341,-0.287,-0.291,-0.269,2.088,False,True,True,False,False,False,False,False,True,False,False,True
-0.543,-0.335,-0.285,-0.041,0.121,1.545,False,False,False,False,False,False,False,False,False,True,False,True
-0.264,-0.341,-0.287,-0.291,-0.269,-0.540,True,False,True,True,False,True,False,False,False,False,False,True
0.294,-0.341,-0.287,-0.291,-0.269,-0.540,True,False,True,False,False,True,False,False,False,False,False,True
-0.474,-0.335,-0.287,-0.170,0.260,2.090,False,False,False,False,False,False,False,False,True,False,False,True
1.479,0.793,-0.184,0.159,-0.269,-0.666,False,True,False,False,False,False,True,False,False,False,False,True
-0.334,-0.341,-0.287,0.372,1.039,-0.092,False,True,False,False,False,False,False,True,False,False,False,False
-0.264,0.625,-0.287,-0.142,-0.267,2.303,False,False,False,False,False,False,False,False,True,False,False,False
2.107,-0.341,-0.287,-0.291,-0.269,-0.068,False,True,True,False,False,False,False,True,False,False,False,True
-0.195,-0.331,0.169,-0.291,0.716,-0.650,True,False,False,False,False,False,True,False,False,False,False,False
-0.683,-0.341,0.595,-0.291,1.604,-0.648,True,False,False,False,False,False,True,False,False,False,False,False
0.572,-0.022,-0.285,0.715,-0.209,1.549,False,False,False,False,False,False,False,False,False,True,False,True
-0.474,-0.341,-0.287,-0.291,-0.269,-0.090,False,True,True,False,False,False,False,True,False,False,False,False
1.061,-0.341,-0.287,-0.291,-0.269,-0.617,True,False,True,False,False,True,False,False,False,False,False,False
-0.264,-0.341,-0.287,-0.291,-0.269,-0.617,True,False,True,False,False,True,False,False,False,False,False,False
-0.404,-0.341,-0.287,-0.291,-0.269,1.551,False,False,True,False,False,False,False,False,False,True,False,True
-1.589,-0.341,-0.287,-0.291,-0.269,1.574,False,False,False,False,False,False,False,False,False,True,False,False
0.712,-0.341,-0.287,-0.291,-0.269,1.574,False,False,True,False,False,False,False,False,False,True,False,False
-0.195,-0.322,-0.243,-0.291,0.282,-0.334,False,False,False,False,False,False,False,False,True,False,False,True
-1.031,0.489,-0.196,-0.282,-0.261,1.553,False,False,False,False,False,False,False,False,False,True,False,True
-1.798,-0.341,-0.287,-0.291,-0.269,1.578,False,False,True,False,False,False,False,False,False,True,False,False
-0.543,-0.325,0.357,-0.286,-0.269,1.578,False,False,False,False,False,False,False,False,False,True,False,False
-0.334,-0.341,-0.287,-0.291,-0.269,1.578,False,False,True,False,False,False,False,False,False,True,False,False
-0.752,-0.341,-0.287,-0.291,-0.269,-0.334,False,False,True,False,False,False,False,False,True,False,False,True
0.572,-0.265,-0.287,0.283,-0.269,2.307,False,True,False,False,False,False,False,False,True,False,False,False
-0.543,-0.341,-0.287,-0.291,-0.269,2.307,False,True,True,False,False,False,False,False,True,False,False,False
2.664,-0.341,-0.236,-0.291,-0.010,-0.538,True,False,False,False,False,True,False,False,False,False,False,True
-0.055,-0.341,-0.287,-0.291,-0.269,-0.334,True,False,True,False,False,False,False,False,True,False,False,True
-1.101,-0.341,-0.287,-0.291,-0.269,-0.538,True,False,True,False,False,True,False,False,False,False,False,True
-0.195,-0.341,-0.146,-0.291,3.306,-0.538,True,False,False,False,False,True,False,False,False,False,False,True
0.294,-0.341,-0.287,-0.291,-0.269,-0.538,True,False,True,False,False,True,False,False,False,False,False,True
-0.752,-0.341,-0.287,-0.291,-0.269,1.559,False,False,True,False,False,False,False,False,False,True,False,True
-0.334,-0.321,-0.149,-0.291,-0.269,2.096,False,False,False,False,False,False,False,False,True,False,False,True
-0.195,-0.341,-0.287,-0.043,-0.190,-0.066,False,False,False,False,False,False,False,True,False,False,False,True
-0.543,-0.341,1.094,-0.276,-0.181,1.561,False,False,False,False,False,False,False,False,False,True,False,True
-0.125,-0.341,-0.287,-0.287,-0.269,-0.064,False,False,False,False,False,False,False,True,False,False,False,True
-0.962,-0.341,-0.287,-0.291,-0.269,1.582,False,False,True,False,False,False,False,False,False,True,False,False
-0.334,-0.338,0.117,-0.291,-0.269,2.309,False,False,False,False,False,False,False,False,True,False,False,False
0.154,-0.335,-0.282,1.166,-0.269,1.584,False,False,False,False,False,False,False,False,False,True,False,False
-1.310,-0.341,-0.287,-0.291,-0.269,1.563,False,False,False,False,False,False,False,False,False,True,False,True
-0.404,-0.335,-0.285,2.697,-0.269,1.586,False,False,False,False,False,False,False,False,False,True,False,False
1.479,-0.341,-0.287,-0.095,-0.269,-0.062,False,False,False,False,False,False,False,True,False,False,False,True
-1.101,-0.341,-0.287,-0.291,-0.269,1.565,False,False,True,False,False,False,False,False,False,True,False,True
0.991,-0.300,-0.287,1.043,-0.127,2.311,False,True,False,False,False,False,False,False,True,False,False,False
-0.613,-0.341,-0.287,-0.291,-0.269,2.311,False,True,True,False,False,False,False,False,True,False,False,False
-0.543,-0.324,0.638,-0.291,-0.269,2.313,False,False,False,False,False,False,False,False,True,False,False,False
-0.752,-0.341,0.148,-0.291,0.940,-0.514,True,False,False,False,True,False,False,False,False,False,False,True
-0.892,-0.341,-0.287,-0.291,-0.269,-0.514,True,False,True,False,True,False,False,False,False,False,False,True
1.270,-0.057,-0.119,1.345,-0.061,-0.060,True,False,False,False,False,False,False,True,False,False,False,True
0.433,1.530,-0.265,-0.279,-0.269,2.097,False,True,False,True,False,False,False,False,True,False,False,True
-0.962,-0.327,0.171,-0.149,0.205,-0.334,False,False,False,False,False,False,False,False,True,False,False,True
1.200,-0.136,-0.287,-0.291,0.550,2.101,False,False,False,False,False,False,False,False,True,False,False,True
-1.589,-0.341,-0.287,-0.291,-0.269,1.566,False,False,True,False,False,False,False,False,False,True,False,True
-0.195,-0.339,-0.287,-0.289,0.485,2.317,False,False,False,False,False,False,False,False,True,False,False,False
1.409,-0.341,-0.276,-0.291,0.336,2.107,False,False,False,False,False,False,False,False,True,False,False,True
-0.055,-0.341,-0.287,-0.291,-0.269,1.568,False,False,True,False,False,False,False,False,False,True,False,True
0.572,-0.341,-0.287,-0.291,-0.269,-0.086,False,True,True,False,False,False,False,True,False,False,False,False
-0.822,-0.338,-0.267,-0.128,-0.000,2.109,False,False,False,False,False,False,False,False,True,False,False,True
0.642,2.295,-0.287,-0.291,-0.269,1.570,False,False,False,False,False,False,False,False,False,True,False,True
-0.752,-0.001,-0.287,-0.291,0.952,-0.084,False,False,False,False,False,False,False,True,False,False,False,False
1.828,-0.341,-0.287,-0.291,-0.269,2.321,False,True,True,False,False,False,False,False,True,False,False,False
-0.055,-0.341,-0.287,-0.291,-0.269,2.323,False,False,True,False,False,False,False,False,True,False,False,False
-0.264,1.156,-0.287,10.123,-0.269,2.323,False,True,False,False,False,False,False,False,True,False,False,False
-0.822,0.160,-0.287,1.328,-0.269,-0.082,False,True,False,False,False,False,False,True,False,False,False,False
-0.474,-0.341,-0.287,-0.291,-0.269,1.590,False,False,True,False,False,False,False,False,False,True,False,False
-1.729,-0.341,-0.287,-0.291,-0.269,1.590,False,False,False,False,False,False,False,False,False,True,False,False
-1.798,-0.341,-0.287,-0.291,-0.269,1.590,False,False,False,False,False,False,False,False,False,True,False,False
-0.543,-0.341,-0.287,-0.291,-0.269,-0.058,False,True,True,False,False,False,False,True,False,False,False,True
-0.334,1.865,1.097,-0.018,-0.269,-0.664,False,True,False,False,False,False,True,False,False,False,False,True
1.479,-0.139,-0.287,0.588,-0.242,2.111,False,False,False,False,False,False,False,False,True,False,False,True
-1.798,-0.341,-0.287,-0.291,-0.269,2.113,False,True,False,False,False,False,False,False,True,False,False,True
-0.683,1.397,-0.287,-0.286,-0.269,2.113,False,True,False,False,False,False,False,False,True,False,False,True
-0.474,-0.341,-0.287,-0.291,-0.269,2.113,False,True,True,False,False,False,False,False,True,False,False,True
-0.613,-0.341,-0.285,-0.291,0.283,2.324,False,False,False,False,False,False,False,False,True,False,False,False
-0.752,2.764,-0.287,-0.287,-0.269,2.326,False,True,False,False,False,False,False,False,True,False,False,False
-0.125,-0.310,-0.287,-0.272,0.479,2.115,False,False,False,False,False,False,False,False,True,False,False,True
0.015,-0.341,-0.287,-0.291,1.471,2.115,False,False,False,False,False,False,False,False,True,False,False,True
-0.404,-0.339,-0.271,2.903,-0.269,2.328,False,False,False,False,False,False,False,False,True,False,False,False
1.340,-0.341,-0.287,-0.291,-0.269,-0.536,True,False,True,False,False,True,False,False,False,False,False,True
0.224,-0.341,0.519,-0.291,0.026,-0.536,True,False,False,False,False,True,False,False,False,False,False,True
1.828,-0.341,-0.287,-0.291,-0.269,-0.536,True,False,True,False,False,True,False,False,False,False,False,True
1.409,-0.336,0.408,-0.287,1.464,-0.536,True,False,False,False,False,True,False,False,False,False,False,True
-0.962,-0.341,-0.287,-0.291,-0.269,1.594,False,False,True,False,False,False,False,False,False,True,False,False
1.479,-0.341,-0.287,-0.291,-0.269,1.572,False,False,True,False,False,False,False,False,False,True,False,True
0.433,0.837,-0.287,-0.252,-0.215,2.334,False,False,False,False,False,False,False,False,True,False,False,False
0.015,-0.341,2.507,-0.291,3.645,-0.974,True,False,False,False,False,False,False,False,False,False,False,True
0.642,-0.341,0.527,-0.291,1.096,-0.974,True,False,False,True,False,False,False,False,False,False,False,True
0.015,-0.341,-0.287,-0.291,-0.269,-0.974,True,False,True,True,False,False,False,False,False,False,False,True
0.712,-0.037,-0.287,1.522,-0.269,2.336,False,True,False,False,False,False,False,False,True,False,False,False
1.409,-0.341,-0.287,1.992,-0.269,-0.056,False,True,False,False,False,False,False,True,False,False,False,True
0.712,0.182,-0.287,1.129,-0.167,2.125,False,True,False,False,False,False,False,False,True,False,False,True
-0.683,-0.151,0.061,-0.252,-0.269,2.338,False,False,False,False,False,False,False,False,True,False,False,False
-0.683,1.002,-0.287,-0.291,-0.258,2.129,False,False,False,False,False,False,False,False,True,False,False,True
-1.031,0.342,2.718,1.209,-0.269,1.574,False,False,False,False,False,False,False,False,False,True,False,True
0.782,-0.341,-0.287,-0.291,-0.269,-0.334,False,False,True,False,False,False,False,False,True,False,False,True
0.782,1.037,-0.287,-0.291,-0.269,1.576,False,False,False,False,False,False,False,False,False,True,False,True
-0.613,0.771,-0.287,0.471,-0.269,2.131,False,True,False,False,False,False,False,False,True,False,False,True
-1.589,-0.341,-0.287,-0.291,-0.269,2.342,False,True,True,False,False,False,False,False,True,False,False,False
0.851,0.881,-0.277,-0.082,-0.269,-0.646,False,True,False,False,False,False,True,False,False,False,False,False
0.572,-0.341,-0.287,-0.291,-0.269,-0.080,False,True,False,False,False,False,False,True,False,False,False,False
0.154,1.098,-0.287,-0.254,-0.269,2.133,False,False,False,False,False,False,False,False,True,False,False,True
-1.450,-0.341,-0.287,-0.291,-0.269,1.580,False,False,False,False,False,False,False,False,False,True,False,True
1.828,0.426,-0.287,0.473,-0.269,2.133,False,False,False,False,False,False,False,False,True,False,False,True
-0.892,-0.341,-0.287,-0.291,-0.269,1.582,False,False,True,False,False,False,False,False,False,True,False,True
0.015,-0.339,0.192,-0.289,1.089,-1.000,True,False,False,False,False,False,False,False,False,False,False,False
0.782,-0.309,-0.190,-0.291,-0.269,1.598,False,False,False,False,False,False,False,False,False,True,False,False
-0.125,-0.341,-0.287,-0.291,-0.269,-0.615,True,False,True,False,False,True,False,False,False,False,False,False
-0.543,7.123,-0.287,-0.209,-0.269,2.344,False,True,False,False,False,False,False,False,True,False,False,False
-0.264,-0.341,-0.287,-0.291,-0.269,-0.623,True,False,True,False,True,False,False,False,False,False,False,False
1.061,0.000,0.322,0.881,-0.269,2.348,False,True,False,False,False,False,False,False,True,False,False,False
0.363,0.217,0.026,2.603,-0.267,2.350,False,True,False,False,False,False,False,False,True,False,False,False
-1.938,-0.341,-0.287,-0.291,-0.269,2.350,False,True,False,False,False,False,False,False,True,False,False,False
-1.938,-0.341,-0.287,-0.291,-0.269,2.350,False,True,False,False,False,False,False,False,True,False,False,False
0.921,-0.263,-0.284,-0.145,0.087,2.137,False,False,False,False,False,False,False,False,True,False,False,True
-0.752,-0.339,-0.287,-0.291,0.162,2.352,False,False,False,False,False,False,False,False,True,False,False,False
-0.543,-0.341,-0.287,-0.291,-0.269,1.586,False,False,True,False,False,False,False,False,False,True,False,True
-0.334,-0.341,0.000,0.704,-0.269,2.139,False,False,False,False,False,False,False,False,True,False,False,True
-0.125,-0.341,-0.287,-0.291,-0.269,2.141,False,False,False,False,False,False,False,False,True,False,False,True
-0.752,-0.341,-0.287,-0.291,-0.269,1.604,False,False,True,False,False,False,False,False,False,True,False,False
-0.125,-0.341,-0.287,-0.291,-0.269,1.606,False,False,True,False,False,False,False,False,False,True,False,False
-1.101,-0.341,-0.287,-0.291,-0.269,1.608,False,False,True,False,False,False,False,False,False,True,False,False
-1.310,-0.341,-0.287,-0.291,-0.269,1.608,False,False,False,False,False,False,False,False,False,True,False,False
-1.450,-0.341,-0.287,-0.291,-0.269,1.608,False,False,True,False,False,False,False,False,False,True,False,False
0.782,-0.225,-0.287,1.666,-0.213,2.145,False,True,False,False,False,False,False,False,True,False,False,True
0.433,-0.341,-0.287,-0.291,-0.269,-0.534,True,False,True,False,False,True,False,False,False,False,False,True
-1.101,-0.012,-0.283,1.263,0.373,2.147,False,True,False,False,False,False,False,False,True,False,False,True
-0.683,-0.033,-0.287,-0.003,-0.136,2.354,False,True,False,False,False,False,False,False,True,False,False,False
1.061,-0.213,-0.287,0.225,0.771,2.149,False,False,False,False,False,False,False,False,True,False,False,True
0.503,-0.341,-0.287,-0.291,-0.269,2.151,False,True,True,False,False,False,False,False,True,False,False,True
0.015,3.053,-0.287,-0.046,-0.269,-0.656,False,True,False,False,False,False,True,False,False,False,False,True
-0.055,0.689,-0.287,-0.291,-0.269,1.612,False,False,False,False,False,False,False,False,False,True,False,False
0.503,-0.341,-0.226,0.473,-0.207,2.153,False,False,False,False,False,False,False,False,True,False,False,True
-0.334,0.132,-0.145,-0.207,-0.269,2.155,False,False,False,False,False,False,False,False,True,False,False,True
-1.031,-0.341,-0.287,-0.291,-0.269,2.360,False,True,True,False,False,False,False,False,True,False,False,False
1.479,2.060,-0.287,-0.231,-0.269,-0.644,False,True,False,False,False,False,True,False,False,False,False,False
-0.613,0.305,-0.287,0.077,-0.269,2.362,False,False,False,False,False,False,False,False,True,False,False,False
0.642,-0.130,-0.282,-0.291,0.245,2.157,False,False,False,False,False,False,False,False,True,False,False,True
0.294,-0.341,1.642,-0.291,0.608,-0.972,True,False,False,True,False,False,False,False,False,False,False,True
1.758,-0.341,0.855,3.676,-0.228,-0.972,True,False,False,False,False,False,False,False,False,False,False,True
-0.613,-0.341,-0.287,-0.291,-0.269,-0.972,True,False,False,False,False,False,False,False,False,False,False,True
-0.404,-0.341,-0.132,1.489,-0.269,2.159,False,False,False,False,False,False,False,False,True,False,False,True
2.525,-0.341,-0.287,-0.291,-0.269,-0.512,True,False,True,False,True,False,False,False,False,False,False,True
1.549,-0.341,-0.287,-0.291,-0.269,-0.076,False,True,True,False,False,False,False,True,False,False,False,False
0.503,2.694,-0.287,-0.274,-0.269,-0.076,False,True,False,False,False,False,False,True,False,False,False,False
0.642,-0.292,0.442,-0.291,1.439,2.364,False,False,False,False,False,False,False,False,True,False,False,False
-0.055,-0.289,-0.287,-0.291,0.312,2.370,False,False,False,False,False,False,False,False,True,False,False,False
0.224,0.050,0.026,-0.286,-0.156,2.372,False,False,False,False,False,False,False,False,True,False,False,False
1.828,0.711,-0.287,-0.289,-0.269,1.618,False,False,False,False,False,False,False,False,False,True,False,False
-0.404,1.560,-0.287,-0.215,-0.269,2.372,False,False,False,False,False,False,False,False,True,False,False,False
0.642,0.640,-0.273,-0.289,-0.269,2.372,False,False,False,False,False,False,False,False,True,False,False,False
-0.752,-0.341,-0.287,-0.291,-0.269,1.618,False,False,True,False,False,False,False,False,False,True,False,False
0.224,-0.341,-0.287,-0.291,-0.269,1.618,False,False,True,False,False,False,False,False,False,True,False,False
1.061,0.063,-0.285,-0.287,0.391,-0.334,False,False,False,False,False,False,False,False,True,False,False,True
2.316,-0.341,0.084,-0.016,-0.269,1.618,False,False,False,False,False,False,False,False,False,True,False,False
2.595,0.196,1.368,-0.291,-0.269,-0.074,True,False,False,False,False,False,False,True,False,False,False,False
-0.613,0.000,4.579,-0.261,10.925,-0.074,True,False,False,False,False,False,False,True,False,False,False,False
-0.683,-0.048,-0.130,-0.291,-0.269,2.161,False,False,False,False,False,False,False,False,True,False,False,True
-0.125,-0.307,-0.146,-0.291,0.290,1.598,False,False,False,False,False,False,False,False,False,True,False,True
-0.264,0.000,-0.287,0.893,-0.269,1.620,False,False,False,False,False,False,False,False,False,True,False,False
-0.613,0.004,-0.287,-0.289,0.355,2.374,False,False,False,False,False,False,False,False,True,False,False,False
-0.752,-0.341,-0.287,-0.291,-0.269,2.376,False,True,True,False,False,False,False,False,True,False,False,False
-0.613,0.000,-0.286,0.193,-0.269,2.376,False,True,False,False,False,False,False,False,True,False,False,False
-1.031,-0.341,-0.287,-0.291,-0.269,-0.998,True,False,True,False,False,False,False,False,False,False,False,False
1.409,-0.341,2.129,-0.291,-0.112,-0.998,True,False,False,False,False,False,False,False,False,False,False,False
1.409,-0.335,-0.260,2.054,-0.269,-0.998,True,False,False,False,False,False,False,False,False,False,False,False
-0.683,-0.069,-0.277,0.121,-0.269,2.380,False,False,False,False,False,False,False,False,True,False,False,False
1.688,2.104,-0.287,-0.291,-0.263,-0.052,False,False,False,False,False,False,False,True,False,False,False,True
0.154,1.095,-0.235,-0.259,-0.269,-0.068,False,True,False,False,False,False,False,True,False,False,False,False
-0.752,-0.304,0.185,-0.291,-0.269,2.384,False,False,False,False,False,False,False,False,True,False,False,False
-0.334,-0.341,-0.287,-0.083,0.147,2.167,False,False,False,False,False,False,False,False,True,False,False,True
0.433,3.840,-0.287,-0.289,-0.269,-0.640,False,True,False,False,False,False,True,False,False,False,False,False
-0.125,-0.341,-0.287,-0.291,-0.190,2.386,False,False,False,False,False,False,False,False,True,False,False,False
0.642,-0.307,-0.282,-0.224,-0.269,2.386,False,False,False,False,False,False,False,False,True,False,False,False
-0.404,-0.341,-0.287,-0.276,0.752,2.386,False,False,False,False,False,False,False,False,True,False,False,False
-0.474,-0.112,0.000,0.735,-0.269,1.602,False,False,False,False,False,False,False,False,False,True,False,True
0.642,-0.341,-0.287,-0.291,-0.269,-0.654,True,False,True,False,False,False,True,False,False,False,False,True
-0.055,-0.339,0.643,0.061,-0.265,1.604,False,False,False,False,False,False,False,False,False,True,False,True
-0.264,0.448,-0.287,-0.058,-0.201,2.169,False,True,False,False,False,False,False,False,True,False,False,True
1.130,-0.228,-0.287,-0.291,-0.250,2.169,False,True,False,False,False,False,False,False,True,False,False,True
-0.474,0.878,-0.287,-0.291,-0.269,2.171,False,False,False,False,False,False,False,False,True,False,False,True
0.084,-0.292,-0.174,0.541,-0.182,1.606,False,False,False,False,False,False,False,False,False,True,False,True
-0.264,-0.341,-0.287,-0.291,-0.269,2.172,False,True,True,False,False,False,False,False,True,False,False,True
-0.334,-0.341,-0.287,-0.291,-0.269,2.390,False,True,True,False,False,False,False,False,True,False,False,False
1.061,-0.339,-0.287,3.191,-0.269,2.178,False,True,False,False,False,False,False,False,True,False,False,True
-1.589,-0.341,-0.287,-0.291,-0.269,2.392,False,False,False,False,False,False,False,False,True,False,False,False
-2.008,-0.341,-0.287,-0.291,-0.269,2.392,False,False,True,False,False,False,False,False,True,False,False,False
-1.031,0.381,-0.279,-0.291,-0.262,-0.334,False,False,False,False,False,False,False,False,True,False,False,True
0.572,-0.341,-0.287,-0.272,-0.263,2.392,False,False,False,False,False,False,False,False,True,False,False,False
-0.962,-0.341,0.285,-0.154,-0.269,2.392,False,False,False,False,False,False,False,False,True,False,False,False
-2.008,-0.341,-0.287,-0.291,-0.269,2.392,False,False,False,False,False,False,False,False,True,False,False,False
-0.822,-0.341,0.221,-0.180,-0.269,2.392,False,False,False,False,False,False,False,False,True,False,False,False
2.037,-0.341,0.218,-0.286,-0.269,1.628,False,False,False,False,False,False,False,False,False,True,False,False
-0.962,-0.341,-0.287,-0.291,-0.269,-0.508,True,False,True,False,True,False,False,False,False,False,False,True
1.688,-0.341,0.420,-0.291,-0.000,-0.334,True,False,False,False,False,False,False,False,True,False,False,True
0.015,0.049,-0.287,1.018,-0.266,-0.636,False,True,False,False,False,False,True,False,False,False,False,False
-0.334,-0.341,-0.287,-0.291,-0.269,1.610,False,False,True,False,False,False,False,False,False,True,False,True
0.782,-0.341,-0.287,0.188,0.234,-0.044,False,False,False,False,False,False,False,True,False,False,False,True
-0.543,-0.338,0.000,-0.291,-0.269,1.612,False,False,False,False,False,False,False,False,False,True,False,True
0.084,-0.341,-0.216,-0.291,-0.210,1.614,False,False,False,False,False,False,False,False,False,True,False,True
-0.613,-0.341,-0.230,-0.287,-0.187,1.616,False,False,False,False,False,False,False,False,False,True,False,True
-0.613,-0.341,-0.287,-0.291,-0.000,2.180,False,True,True,False,False,False,False,False,True,False,False,True
-0.752,0.716,-0.287,-0.249,-0.215,-0.632,False,True,False,False,False,False,True,False,False,False,False,False
0.503,-0.341,-0.287,-0.291,-0.269,-0.632,False,True,True,False,False,False,True,False,False,False,False,False
-0.613,0.984,-0.287,-0.157,-0.269,2.396,False,False,False,False,False,False,False,False,True,False,False,False
-1.729,-0.341,-0.287,-0.291,-0.269,1.630,False,False,False,False,False,False,False,False,False,True,False,False
2.107,-0.341,-0.287,-0.291,-0.269,-0.617,True,False,True,False,True,False,False,False,False,False,False,False
-0.613,-0.324,-0.287,-0.291,-0.269,1.618,False,False,False,False,False,False,False,False,False,True,False,True
-1.729,-0.341,-0.287,-0.291,-0.269,1.620,False,False,False,False,False,False,False,False,False,True,False,True
-0.404,-0.341,0.067,-0.291,-0.103,-0.040,False,False,False,False,False,False,False,True,False,False,False,True
-0.264,0.717,2.835,-0.291,-0.269,-0.630,True,False,False,False,False,False,True,False,False,False,False,False
-0.613,-0.341,0.071,-0.154,-0.269,2.399,False,False,False,False,False,False,False,False,True,False,False,False
-0.474,-0.341,-0.287,0.776,-0.225,-0.066,False,False,False,False,False,False,False,True,False,False,False,False
-1.589,-0.341,-0.287,-0.291,-0.269,1.622,False,False,False,False,False,False,False,False,False,True,False,True
-1.031,0.551,-0.197,-0.289,-0.121,2.186,False,False,False,False,False,False,False,False,True,False,False,True
-2.008,0.000,-0.287,-0.291,-0.269,1.622,False,False,True,False,False,False,False,False,False,True,False,True
-1.729,-0.341,-0.287,-0.291,-0.269,1.622,False,False,True,False,False,False,False,False,False,True,False,True
0.572,-0.245,-0.287,-0.291,0.314,2.186,False,False,False,False,False,False,False,False,True,False,False,True
-1.031,-0.341,0.608,-0.043,-0.263,2.186,False,False,False,False,False,False,False,False,True,False,False,True
0.363,-0.319,0.182,-0.291,-0.269,2.186,False,False,False,False,False,False,False,False,True,False,False,True
-1.798,-0.341,-0.287,-0.291,-0.269,1.622,False,False,True,False,False,False,False,False,False,True,False,True
-0.752,-0.341,-0.285,-0.107,-0.269,2.188,False,False,False,False,False,False,False,False,True,False,False,True
-0.125,2.344,-0.287,0.114,-0.236,2.190,False,False,False,False,False,False,False,False,True,False,False,True
-0.683,-0.341,-0.287,1.140,-0.232,1.624,False,False,False,False,False,False,False,False,False,True,False,True
0.572,-0.325,0.062,-0.205,-0.269,2.192,False,False,False,False,False,False,False,False,True,False,False,True
0.015,-0.341,-0.287,-0.291,-0.269,-0.652,True,False,True,False,False,False,True,False,False,False,False,True
0.572,0.523,-0.287,-0.279,-0.269,2.405,False,False,False,False,False,False,False,False,True,False,False,False
0.224,-0.218,-0.287,1.991,-0.269,2.194,False,True,False,False,False,False,False,False,True,False,False,True
-0.474,-0.341,-0.287,-0.291,-0.269,1.626,False,False,False,False,False,False,False,False,False,True,False,True
0.642,-0.341,1.301,-0.291,-0.269,2.407,False,False,False,False,False,False,False,False,True,False,False,False
-0.334,-0.341,-0.287,-0.291,-0.166,2.409,False,False,False,False,False,False,False,False,True,False,False,False
2.386,-0.341,-0.287,-0.157,1.780,-0.038,False,False,False,False,False,False,False,True,False,False,False,True
-0.404,-0.341,-0.287,-0.291,-0.269,-0.064,False,True,True,False,False,False,False,True,False,False,False,False
0.851,0.285,-0.287,-0.291,0.037,1.628,False,False,False,False,False,False,False,False,False,True,False,True
-0.613,-0.341,-0.287,-0.291,0.575,2.411,False,False,False,False,False,False,False,False,True,False,False,False
1.340,-0.341,-0.287,-0.291,-0.000,-0.506,True,False,True,False,True,False,False,False,False,False,False,True
1.061,-0.341,-0.287,-0.291,-0.269,-0.506,False,False,True,False,True,False,False,False,False,False,False,True
-0.962,-0.341,-0.287,-0.291,-0.269,-0.506,True,False,True,False,True,False,False,False,False,False,False,True
0.015,-0.341,-0.287,-0.291,-0.269,-0.506,True,False,True,False,True,False,False,False,False,False,False,True
2.455,-0.341,0.823,-0.291,-0.110,-0.506,True,False,False,False,True,False,False,False,False,False,False,True
-0.683,0.548,-0.281,-0.291,-0.269,1.638,False,False,False,False,False,False,False,False,False,True,False,False
-0.055,-0.341,-0.287,-0.291,-0.269,1.640,False,False,True,False,False,False,False,False,False,True,False,False
1.061,0.958,-0.287,-0.289,-0.254,1.642,False,False,False,False,False,False,False,False,False,True,False,False
-1.101,-0.341,-0.287,-0.291,-0.269,1.643,False,False,True,False,False,False,False,False,False,True,False,False
1.130,-0.040,-0.003,-0.289,-0.265,-0.062,False,False,False,False,False,False,False,True,False,False,False,False
-0.264,-0.341,-0.196,1.984,-0.088,-0.996,True,False,False,False,False,False,False,False,False,False,False,False
-0.683,-0.341,-0.287,-0.291,-0.269,2.198,False,True,True,False,False,False,False,False,True,False,False,True
0.015,-0.147,-0.287,-0.073,0.148,2.413,False,False,False,False,False,False,False,False,True,False,False,False
-0.543,-0.341,-0.287,-0.291,-0.269,1.630,False,False,True,False,False,False,False,False,False,True,False,True
-1.101,1.497,2.526,-0.291,-0.219,-0.605,True,False,False,False,False,True,False,False,False,False,False,False
-0.264,1.735,-0.093,-0.286,0.064,-0.605,True,False,False,False,False,True,False,False,False,False,False,False
1.200,1.757,-0.144,-0.291,-0.268,-0.605,True,False,False,False,False,True,False,False,False,False,False,False
0.572,-0.207,-0.287,0.913,-0.269,2.415,False,False,False,False,False,False,False,False,True,False,False,False
-0.683,-0.341,-0.284,-0.291,0.771,2.200,False,False,False,False,False,False,False,False,True,False,False,True
0.015,0.008,-0.287,2.059,-0.269,-0.036,False,True,False,False,False,False,False,True,False,False,False,True
-0.543,-0.341,-0.287,-0.291,-0.269,2.202,False,True,True,False,False,False,False,False,True,False,False,True
-1.101,-0.341,-0.287,-0.291,-0.269,2.204,False,True,True,False,False,False,False,False,True,False,False,True
-0.962,-0.341,-0.287,-0.291,-0.269,1.634,False,False,True,False,False,False,False,False,False,True,False,True
0.921,-0.335,-0.287,-0.291,0.430,2.208,False,False,False,False,False,False,False,False,True,False,False,True
-0.125,-0.341,-0.287,-0.291,-0.269,1.636,False,False,True,False,False,False,False,False,False,True,False,True
-0.195,1.028,-0.287,0.014,-0.245,2.417,False,False,False,False,False,False,False,False,True,False,False,False
-0.683,-0.341,-0.287,-0.291,-0.269,1.645,False,False,True,False,False,False,False,False,False,True,False,False
-0.752,-0.341,-0.174,0.760,-0.269,1.647,False,False,False,False,False,False,False,False,False,True,False,False
1.479,-0.341,-0.016,-0.284,1.514,2.210,False,False,False,False,False,False,False,False,True,False,False,True
-0.055,-0.341,-0.287,-0.291,-0.269,2.419,False,True,True,False,False,False,False,False,True,False,False,False
-0.334,-0.336,1.538,-0.291,-0.237,-0.650,True,False,False,False,False,False,True,False,False,False,False,True
0.154,0.000,0.294,-0.291,-0.268,-0.532,True,False,False,False,False,True,False,False,False,False,False,True
-0.683,-0.341,-0.287,0.909,-0.269,-0.034,False,False,False,False,False,False,False,True,False,False,False,True
-0.613,0.774,-0.287,-0.291,-0.268,2.421,False,False,False,False,False,False,False,False,True,False,False,False
-0.404,-0.341,0.468,-0.224,0.062,-0.060,False,False,False,False,False,False,False,True,False,False,False,False
-0.683,1.231,-0.287,-0.224,-0.269,2.423,False,False,False,False,False,False,False,False,True,False,False,False
-0.125,-0.341,-0.287,0.000,-0.000,1.640,False,False,True,False,False,False,False,False,False,True,False,True
-0.892,1.224,-0.287,0.156,-0.269,-0.032,False,True,False,False,False,False,False,True,False,False,False,True
3.292,-0.341,-0.287,-0.291,-0.269,-0.628,False,True,True,False,False,False,True,False,False,False,False,False
0.851,-0.307,0.016,0.302,-0.269,-0.628,False,True,False,True,False,False,True,False,False,False,False,False
-0.334,0.760,1.900,0.044,-0.026,1.651,False,False,False,False,False,False,False,False,False,True,False,False
-1.171,-0.341,-0.287,-0.291,-0.269,1.643,False,False,True,False,False,False,False,False,False,True,False,True
-0.055,-0.341,-0.287,-0.291,-0.269,1.653,False,False,True,False,False,False,False,False,False,True,False,False
0.503,-0.341,-0.287,-0.291,-0.269,-0.615,True,False,False,True,True,False,False,False,False,False,False,False
-0.613,-0.341,-0.287,-0.291,-0.269,2.425,False,True,True,False,False,False,False,False,True,False,False,False
-1.519,-0.341,-0.287,-0.291,-0.269,2.425,False,False,True,False,False,False,False,False,True,False,False,False
-0.543,-0.341,-0.287,-0.291,-0.269,2.425,False,True,True,False,False,False,False,False,True,False,False,False
0.294,1.257,-0.287,0.081,-0.269,-0.058,False,True,False,False,False,False,False,True,False,False,False,False
0.224,-0.341,1.333,-0.286,-0.155,-0.603,True,False,False,False,False,True,False,False,False,False,False,False
0.363,-0.341,1.673,-0.291,-0.256,-0.528,True,False,False,False,False,True,False,False,False,False,False,True
0.642,-0.341,1.087,1.154,5.257,-0.528,True,False,False,True,False,True,False,False,False,False,False,True
-0.125,-0.341,-0.287,-0.291,-0.269,-0.528,True,False,True,False,False,True,False,False,False,False,False,True
-0.055,-0.341,-0.287,-0.291,-0.269,-0.528,True,False,True,False,False,True,False,False,False,False,False,True
-0.264,-0.341,-0.287,-0.291,-0.269,-0.528,True,False,True,False,False,True,False,False,False,False,False,True
-0.334,-0.341,0.204,-0.282,-0.268,-0.028,False,False,False,False,False,False,False,True,False,False,False,True
-0.752,-0.341,-0.287,-0.291,-0.269,2.212,False,True,True,False,False,False,False,False,True,False,False,True
-0.334,-0.157,-0.281,0.280,-0.228,2.427,False,False,False,False,False,False,False,False,True,False,False,False
0.084,-0.341,-0.287,-0.291,-0.269,-0.613,True,False,True,False,True,False,False,False,False,False,False,False
0.642,-0.341,-0.287,-0.291,-0.269,-0.613,True,False,True,False,True,False,False,False,False,False,False,False
0.712,-0.341,0.213,-0.291,-0.269,1.645,False,False,False,False,False,False,False,False,False,True,False,True
0.154,-0.341,-0.287,-0.291,-0.269,1.647,False,False,True,False,False,False,False,False,False,True,False,True
0.294,-0.341,-0.215,0.399,-0.269,1.649,False,False,False,False,False,False,False,False,False,True,False,True
-0.962,0.000,-0.287,0.000,-0.269,1.649,False,False,True,False,False,False,False,False,False,True,False,True
-0.404,-0.341,-0.287,-0.291,-0.269,2.431,False,True,True,False,False,False,False,False,True,False,False,False
-0.334,-0.341,-0.287,-0.291,-0.269,1.657,False,False,True,False,False,False,False,False,False,True,False,False
1.061,-0.341,-0.243,11.675,0.079,-0.611,True,False,False,False,True,False,False,False,False,False,False,False
-0.474,-0.341,-0.287,-0.291,0.530,-0.056,False,False,False,False,False,False,False,True,False,False,False,False
-0.055,-0.341,-0.287,-0.291,-0.269,2.433,False,True,True,False,False,False,False,False,True,False,False,False
0.363,-0.341,-0.287,0.909,-0.269,2.216,False,False,False,False,False,False,False,False,True,False,False,True
-1.450,-0.341,-0.287,-0.291,-0.269,1.661,False,False,False,False,False,False,False,False,False,True,False,False
-0.195,1.889,-0.287,-0.279,-0.269,2.435,False,False,False,False,False,False,False,False,True,False,False,False
0.015,0.987,-0.287,-0.200,-0.269,-0.646,False,True,False,False,False,False,True,False,False,False,False,True
2.037,-0.341,-0.287,0.747,-0.269,1.651,False,False,False,False,False,False,False,False,False,True,False,True
-1.729,-0.341,-0.287,-0.291,-0.269,1.651,False,False,True,False,False,False,False,False,False,True,False,True
-1.938,-0.341,-0.287,-0.291,-0.269,1.651,False,False,False,False,False,False,False,False,False,True,False,True
-0.822,-0.341,-0.287,0.739,-0.269,1.663,False,False,False,False,False,False,False,False,False,True,False,False
-0.125,-0.341,-0.287,-0.291,2.974,1.653,False,False,False,False,False,False,False,False,False,True,False,True
-0.334,1.457,-0.287,0.347,-0.116,2.437,False,False,False,False,False,False,False,False,True,False,False,False
-0.892,-0.341,0.548,-0.291,-0.269,2.437,False,False,False,False,False,False,False,False,True,False,False,False
-0.055,-0.341,-0.277,0.539,-0.269,2.439,False,False,False,False,False,False,False,False,True,False,False,False
-0.404,-0.341,-0.287,-0.291,-0.269,2.220,False,True,True,False,False,False,False,False,True,False,False,True
0.294,-0.341,-0.287,-0.291,-0.269,2.222,False,True,True,False,False,False,False,False,True,False,False,True
-0.334,-0.341,-0.287,-0.291,-0.269,1.665,False,False,True,False,False,False,False,False,False,True,False,False
-1.589,-0.341,-0.287,-0.291,-0.269,1.655,False,False,False,False,False,False,False,False,False,True,False,True
-0.683,-0.306,0.126,-0.291,-0.169,1.667,False,False,False,False,False,False,False,False,False,True,False,False
0.154,-0.341,-0.287,-0.291,-0.269,-0.504,True,False,True,False,True,False,False,False,False,False,False,True
-0.683,-0.316,0.803,-0.276,-0.262,1.657,False,False,False,False,False,False,False,False,False,True,False,True
-0.752,-0.341,-0.287,-0.291,0.446,1.659,False,False,False,False,False,False,False,False,False,True,False,True
0.433,0.451,-0.287,-0.289,-0.216,1.669,False,False,False,False,False,False,False,False,False,True,False,False
0.224,-0.341,-0.287,-0.291,-0.269,-0.052,False,True,False,True,False,False,False,True,False,False,False,False
-0.683,0.751,-0.286,0.000,-0.269,2.224,False,False,False,False,False,False,False,False,True,False,False,True
-0.334,-0.341,-0.287,-0.291,-0.269,1.661,False,False,True,False,False,False,False,False,False,True,False,True
0.294,-0.341,-0.285,-0.291,-0.263,-0.023,False,False,False,False,False,False,False,True,False,False,False,True
-0.613,-0.341,-0.287,-0.237,-0.250,1.681,False,False,False,False,False,False,False,False,False,True,False,False
-0.125,-0.341,1.269,-0.291,-0.187,-0.524,True,False,False,False,False,True,False,False,False,False,False,True
-0.195,-0.341,-0.243,-0.291,-0.000,-0.625,True,False,False,False,False,False,True,False,False,False,False,False
-0.055,-0.341,-0.287,-0.291,-0.269,1.683,False,False,True,False,False,False,False,False,False,True,False,False
-0.683,-0.341,-0.287,-0.291,-0.269,1.685,False,False,False,False,False,False,False,False,False,True,False,False
-0.334,-0.341,0.000,-0.286,-0.269,-0.050,False,False,False,False,False,False,False,True,False,False,False,False
1.618,-0.341,-0.287,-0.291,-0.269,-0.520,True,False,True,False,False,True,False,False,False,False,False,True
-0.404,-0.341,0.008,-0.090,-0.264,2.228,False,False,False,False,False,False,False,False,True,False,False,True
-0.404,-0.341,-0.287,-0.291,-0.233,2.232,False,False,False,False,False,False,False,False,True,False,False,True
-0.264,-0.341,-0.287,-0.291,-0.269,-0.044,True,False,True,False,False,False,False,True,False,False,False,False
-0.474,-0.341,-0.287,-0.291,-0.269,2.236,False,False,True,False,False,False,False,False,True,False,False,True
0.433,-0.341,-0.287,-0.291,-0.269,2.236,False,True,True,False,False,False,False,False,True,False,False,True
-0.334,-0.341,-0.287,-0.291,-0.269,1.667,False,False,True,False,False,False,False,False,False,True,False,True
-0.334,0.828,-0.287,-0.254,-0.269,-0.019,False,False,False,False,False,False,False,True,False,False,False,True
-0.195,-0.339,-0.008,-0.006,-0.209,-0.042,False,True,False,True,False,False,False,True,False,False,False,False
0.572,0.460,-0.287,2.384,-0.269,2.443,False,True,False,False,False,False,False,False,True,False,False,False
-1.031,2.292,-0.287,0.272,-0.269,-0.042,False,True,False,False,False,False,False,True,False,False,False,False
0.503,-0.341,1.860,-0.291,0.039,-0.591,True,False,False,False,False,True,False,False,False,False,False,False
-2.008,0.000,-0.287,-0.291,-0.269,1.669,False,False,True,False,False,False,False,False,False,True,False,True
-0.822,-0.341,-0.287,-0.291,-0.269,1.669,False,False,False,False,False,False,False,False,False,True,False,True
-0.752,0.155,-0.181,-0.291,-0.154,1.669,False,False,False,False,False,False,False,False,False,True,False,True
0.991,0.000,0.736,0.288,-0.156,-0.644,True,False,False,False,False,False,True,False,False,False,False,True
-0.543,4.261,-0.267,-0.291,0.098,-0.644,True,False,False,False,False,False,True,False,False,False,False,True
0.363,-0.341,-0.287,-0.291,-0.269,2.240,False,True,True,False,False,False,False,False,True,False,False,True
1.967,-0.341,-0.279,-0.291,9.725,-0.502,True,False,False,False,True,False,False,False,False,False,False,True
-0.752,-0.341,2.670,-0.291,0.609,-0.502,True,False,False,False,True,False,False,False,False,False,False,True
3.083,2.397,-0.287,-0.212,-0.269,1.689,False,False,False,False,False,False,False,False,False,True,False,False
0.154,-0.341,0.669,-0.291,-0.269,2.449,False,False,False,False,False,False,False,False,True,False,False,False
-0.264,-0.341,-0.287,-0.291,1.486,2.451,False,False,False,False,False,False,False,False,True,False,False,False
-0.613,-0.341,-0.287,-0.291,-0.269,1.691,False,False,True,False,False,False,False,False,False,True,False,False
-0.334,-0.341,-0.287,-0.224,0.238,1.691,False,False,False,False,False,False,False,False,False,True,False,False
-0.125,-0.047,-0.287,-0.274,-0.269,1.691,False,False,False,False,False,False,False,False,False,True,False,False
-0.543,-0.341,-0.287,-0.291,-0.269,1.691,False,False,True,False,False,False,False,False,False,True,False,False
-0.474,-0.341,-0.269,-0.015,-0.269,2.451,False,False,False,False,False,False,False,False,True,False,False,False
0.712,-0.341,-0.287,1.870,-0.269,2.451,False,False,False,False,False,False,False,False,True,False,False,False
-0.195,-0.341,-0.287,-0.291,0.385,2.451,False,False,False,False,False,False,False,False,True,False,False,False
0.224,-0.341,-0.287,-0.291,-0.269,-0.589,True,False,True,False,False,True,False,False,False,False,False,False
-1.938,0.000,-0.287,-0.291,-0.269,1.695,False,False,True,False,False,False,False,False,False,True,False,False
-1.519,-0.341,-0.287,-0.291,-0.269,1.695,False,False,False,False,False,False,False,False,False,True,False,False
-1.729,-0.341,-0.287,-0.291,-0.269,1.695,False,False,False,False,False,False,False,False,False,True,False,False
-0.543,-0.341,-0.284,-0.291,-0.269,2.453,False,False,False,False,False,False,False,False,True,False,False,False
-1.171,-0.341,-0.287,-0.291,-0.269,1.695,False,False,True,False,False,False,False,False,False,True,False,False
-0.055,2.248,0.000,-0.182,-0.269,2.246,False,True,False,False,False,False,False,False,True,False,False,True
-2.008,-0.341,-0.287,-0.291,-0.269,2.246,False,True,False,False,False,False,False,False,True,False,False,True
-0.752,-0.341,-0.287,-0.291,-0.269,2.246,False,True,True,False,False,False,False,False,True,False,False,True
1.618,1.525,-0.286,-0.277,-0.269,2.247,False,True,False,False,False,False,False,False,True,False,False,True
-0.752,-0.321,0.228,-0.246,-0.228,1.675,False,False,False,False,False,False,False,False,False,True,False,True
1.549,-0.341,-0.287,-0.291,-0.269,-0.017,True,False,True,False,False,False,False,True,False,False,False,True
-0.543,-0.341,0.243,7.086,1.929,-0.587,True,False,False,False,False,True,False,False,False,False,False,False
-0.055,0.000,2.065,-0.291,10.092,-0.585,True,False,False,False,False,True,False,False,False,False,False,False
0.363,-0.341,0.000,-0.291,-0.269,2.249,False,True,True,False,False,False,False,False,True,False,False,True
-1.101,-0.341,-0.287,-0.291,-0.269,1.677,False,False,True,False,False,False,False,False,False,True,False,True
0.433,0.422,-0.139,-0.287,-0.209,1.697,False,False,False,False,False,False,False,False,False,True,False,False
-0.125,-0.339,0.000,-0.291,0.568,2.455,False,False,False,False,False,False,False,False,True,False,False,False
0.433,-0.339,-0.287,-0.291,0.440,2.251,False,False,False,False,False,False,False,False,True,False,False,True
1.549,0.151,-0.287,0.652,-0.269,-0.640,False,True,False,False,False,False,True,False,False,False,False,True
1.688,-0.304,-0.287,1.559,-0.269,2.457,False,True,False,False,False,False,False,False,True,False,False,False
0.015,0.131,-0.283,0.822,-0.269,-0.015,False,False,False,False,False,False,False,True,False,False,False,True
0.851,-0.341,0.292,0.000,-0.269,2.255,False,False,False,False,False,False,False,False,True,False,False,True
1.270,-0.277,0.032,-0.291,0.664,-0.040,False,False,False,False,False,False,False,True,False,False,False,False
-0.474,-0.341,-0.287,0.757,-0.257,2.459,False,False,False,False,False,False,False,False,True,False,False,False
-0.683,-0.341,0.221,-0.256,-0.000,-0.013,False,False,False,False,False,False,False,True,False,False,False,True
-0.474,-0.341,-0.277,-0.291,-0.269,2.257,False,False,False,False,False,False,False,False,True,False,False,True
-0.264,-0.341,-0.287,-0.291,-0.269,-0.621,True,False,True,False,False,False,True,False,False,False,False,False
-0.125,-0.341,-0.287,-0.291,-0.269,1.681,False,False,True,False,False,False,False,False,False,True,False,True
-0.822,-0.341,-0.287,-0.291,-0.000,1.681,False,False,True,False,False,False,False,False,False,True,False,True
-2.008,-0.341,-0.287,-0.291,-0.269,1.681,False,False,True,False,False,False,False,False,False,True,False,True
-1.659,-0.341,-0.287,0.000,-0.269,1.681,False,False,True,False,False,False,False,False,False,True,False,True
0.084,-0.341,0.357,-0.291,-0.269,2.259,False,False,False,False,False,False,False,False,True,False,False,True
-0.822,0.000,-0.287,-0.291,-0.269,1.681,False,False,True,False,False,False,False,False,False,True,False,True
1.688,-0.341,0.645,-0.291,-0.269,2.259,False,False,False,False,False,False,False,False,True,False,False,True
-1.380,-0.341,-0.287,-0.291,-0.269,1.681,False,False,True,False,False,False,False,False,False,True,False,True
-0.822,-0.341,-0.058,39.034,-0.266,-0.603,True,False,False,False,True,False,False,False,False,False,False,False
-0.892,-0.341,-0.287,-0.291,-0.269,-0.603,True,False,True,False,True,False,False,False,False,False,False,False
0.015,-0.341,-0.287,-0.291,-0.269,-0.603,True,False,True,False,True,False,False,False,False,False,False,False
0.015,-0.219,2.038,-0.291,0.896,-0.603,True,False,False,False,True,False,False,False,False,False,False,False
1.200,0.385,-0.285,0.879,-0.269,-0.619,False,True,False,False,False,False,True,False,False,False,False,False
-0.125,-0.292,-0.282,-0.282,-0.253,2.463,False,False,False,False,False,False,False,False,True,False,False,False
0.712,2.844,-0.262,-0.291,-0.252,-0.615,True,False,False,False,False,False,True,False,False,False,False,False
-0.962,-0.341,0.000,-0.291,-0.269,2.261,False,False,True,False,False,False,False,False,True,False,False,True
0.084,0.575,-0.287,-0.207,-0.267,2.261,False,False,False,False,False,False,False,False,True,False,False,True
0.851,-0.341,-0.287,-0.291,-0.269,1.683,False,False,True,False,False,False,False,False,False,True,False,True
1.270,0.000,-0.287,-0.291,-0.265,-0.011,False,False,False,False,False,False,False,True,False,False,False,True
0.224,3.532,-0.287,0.473,-0.269,-0.636,False,True,False,False,False,False,True,False,False,False,False,True
-0.962,-0.341,-0.275,1.075,-0.268,2.263,False,False,False,False,False,False,False,False,True,False,False,True
-0.404,-0.338,-0.183,-0.291,0.221,2.265,False,False,False,False,False,False,False,False,True,False,False,True
-0.613,-0.341,-0.287,-0.291,-0.269,-0.601,True,False,True,False,True,False,False,False,False,False,False,False
0.294,-0.341,-0.287,-0.291,-0.269,-0.500,True,False,True,False,True,False,False,False,False,False,False,True
-0.752,-0.341,-0.287,-0.291,-0.269,1.701,False,False,True,False,False,False,False,False,False,True,False,False
0.154,-0.341,-0.179,0.394,-0.231,2.267,False,False,False,False,False,False,False,False,True,False,False,True
-0.264,-0.341,-0.287,-0.291,-0.269,2.267,False,False,True,False,False,False,False,False,True,False,False,True
-0.683,-0.341,-0.287,-0.291,-0.269,1.703,False,False,True,False,False,False,False,False,False,True,False,False
0.224,-0.341,-0.287,-0.291,-0.269,2.467,False,True,True,False,False,False,False,False,True,False,False,False
1.130,-0.338,-0.075,0.223,-0.269,2.269,False,False,False,False,False,False,False,False,True,False,False,True
0.991,-0.001,-0.287,0.752,-0.214,1.705,False,False,False,False,False,False,False,False,False,True,False,False
-0.543,-0.147,-0.220,-0.277,0.192,1.707,False,False,False,False,False,False,False,False,False,True,False,False
1.340,-0.283,-0.287,-0.252,-0.268,1.707,False,False,False,False,False,False,False,False,False,True,False,False
-2.008,-0.341,-0.287,-0.291,-0.269,1.707,False,False,False,False,False,False,False,False,False,True,False,False
0.015,-0.341,-0.287,-0.291,-0.269,-0.599,True,False,True,False,True,False,False,False,False,False,False,False
0.851,-0.336,0.541,-0.291,10.666,-0.498,True,False,False,False,True,False,False,False,False,False,False,True
-0.404,-0.341,0.060,-0.291,-0.269,1.709,False,False,False,False,False,False,False,False,False,True,False,False
1.340,0.120,-0.287,-0.016,-0.269,-0.009,False,False,False,False,False,False,False,True,False,False,False,True
-0.752,-0.341,-0.287,-0.291,-0.019,2.271,False,False,False,False,False,False,False,False,True,False,False,True
0.084,0.451,-0.287,0.000,-0.245,-0.038,False,True,False,False,False,False,False,True,False,False,False,False
-0.195,1.625,-0.287,-0.187,0.052,-0.613,False,True,False,True,False,False,True,False,False,False,False,False
-0.752,-0.341,-0.287,-0.291,-0.250,-0.007,False,False,False,False,False,False,False,True,False,False,False,True
-0.125,-0.245,-0.287,3.007,-0.269,2.275,False,True,False,False,False,False,False,False,True,False,False,True
2.037,0.000,-0.287,-0.291,-0.269,1.711,False,False,True,False,False,False,False,False,False,True,False,False
-0.474,-0.339,0.137,-0.269,-0.268,1.713,False,False,False,False,False,False,False,False,False,True,False,False
-0.822,4.428,-0.287,-0.145,-0.269,-0.611,False,True,False,False,False,False,True,False,False,False,False,False
-0.055,2.621,-0.260,-0.291,-0.263,2.469,False,False,False,False,False,False,False,False,True,False,False,False
-0.125,-0.341,-0.287,-0.291,0.182,1.715,False,False,False,False,False,False,False,False,False,True,False,False
1.549,-0.341,-0.287,0.863,-0.241,1.695,False,False,False,False,False,False,False,False,False,True,False,True
0.572,-0.341,-0.287,-0.291,-0.269,-0.036,False,True,True,False,False,False,False,True,False,False,False,False
-1.031,-0.341,-0.287,-0.291,-0.269,-0.609,True,False,True,False,False,False,True,False,False,False,False,False
0.991,-0.341,-0.287,-0.291,-0.269,-0.609,True,False,True,False,False,False,True,False,False,False,False,False
-0.125,-0.341,0.330,-0.291,0.006,-0.609,True,False,False,False,False,False,True,False,False,False,False,False
2.176,-0.341,0.000,1.294,-0.268,-0.609,True,False,False,False,False,False,True,False,False,False,False,False
0.294,-0.341,0.889,-0.291,-0.257,-0.609,True,False,False,False,False,False,True,False,False,False,False,False
0.712,0.063,-0.285,-0.289,0.130,1.717,False,False,False,False,False,False,False,False,False,True,False,False
-0.543,-0.341,-0.287,-0.291,-0.269,1.718,False,False,True,False,False,False,False,False,False,True,False,False
-0.543,1.797,-0.285,-0.209,-0.269,2.279,False,True,False,False,False,False,False,False,True,False,False,True
-0.055,-0.341,-0.287,-0.291,-0.269,-0.968,True,False,True,False,False,False,False,False,False,False,False,True
0.084,-0.341,-0.287,-0.291,-0.269,1.724,False,False,True,False,False,False,False,False,False,True,False,False
0.921,-0.341,3.122,-0.291,-0.173,-0.597,True,False,False,False,True,False,False,False,False,False,False,False
-0.264,-0.341,-0.287,-0.291,-0.269,2.471,False,False,True,False,False,False,False,False,True,False,False,False
-0.264,-0.341,-0.287,-0.291,-0.269,-0.516,True,False,True,False,False,True,False,False,False,False,False,True
-0.264,10.117,-0.121,-0.291,1.575,-0.516,True,False,False,False,False,True,False,False,False,False,False,True
1.758,-0.341,-0.287,-0.291,-0.269,1.726,False,False,True,False,False,False,False,False,False,True,False,False
0.851,-0.341,-0.287,-0.291,-0.269,-0.514,True,False,True,False,False,True,False,False,False,False,False,True
0.503,-0.341,-0.277,0.051,-0.266,1.699,False,False,False,False,False,False,False,False,False,True,False,True
0.294,1.184,-0.287,1.981,-0.264,2.281,False,False,False,False,False,False,False,False,True,False,False,True
0.503,-0.140,1.895,-0.291,-0.269,-0.334,True,False,False,True,False,False,False,False,True,False,False,True
1.828,-0.341,-0.287,-0.291,-0.269,-0.593,True,False,True,False,True,False,False,False,False,False,False,False
-0.892,0.972,-0.287,-0.291,-0.269,2.283,False,False,False,False,False,False,False,False,True,False,False,True
-0.055,-0.341,-0.282,0.275,0.075,2.480,False,False,False,False,False,False,False,False,True,False,False,False
-0.195,1.004,-0.284,-0.266,-0.269,-0.632,False,True,False,False,False,False,True,False,False,False,False,True
0.921,0.895,-0.275,-0.287,-0.254,2.285,False,False,False,False,False,False,False,False,True,False,False,True
0.084,1.583,-0.282,-0.291,-0.269,2.289,False,False,False,False,False,False,False,False,True,False,False,True
0.154,1.269,0.719,-0.291,1.208,-0.512,True,False,False,False,False,True,False,False,False,False,False,True
-0.474,-0.341,-0.287,-0.291,-0.269,-0.591,True,False,True,False,True,False,False,False,False,False,False,False
-0.195,-0.341,-0.287,-0.291,-0.269,-0.591,True,False,True,False,True,False,False,False,False,False,False,False
-0.264,-0.341,-0.287,-0.291,-0.269,-0.334,True,False,True,False,False,False,False,False,True,False,False,True
1.061,-0.341,2.418,-0.291,-0.263,-0.591,True,False,False,False,True,False,False,False,False,False,False,False
0.015,-0.341,7.592,-0.291,4.194,-0.591,True,False,False,False,True,False,False,False,False,False,False,False
-0.474,-0.341,-0.287,1.504,-0.266,2.484,False,False,False,False,False,False,False,False,True,False,False,False
-0.404,-0.341,-0.287,-0.291,-0.269,2.293,False,False,True,False,False,False,False,False,True,False,False,True
0.084,-0.098,-0.287,0.913,-0.269,2.293,False,True,False,False,False,False,False,False,True,False,False,True
-0.404,0.349,-0.281,0.698,-0.269,2.293,False,True,False,False,False,False,False,False,True,False,False,True
-1.101,-0.304,0.238,1.499,-0.109,-0.966,True,False,False,False,False,False,False,False,False,False,False,True
1.688,-0.341,-0.287,0.000,-0.269,-0.492,True,False,True,False,True,False,False,False,False,False,False,True
-2.008,-0.341,-0.287,0.000,-0.269,1.705,False,False,True,False,False,False,False,False,False,True,False,True
-0.125,-0.341,0.006,-0.291,0.004,1.705,False,False,False,False,False,False,False,False,False,True,False,True
-0.125,-0.341,-0.287,-0.291,-0.269,1.705,False,False,True,False,False,False,False,False,False,True,False,True
-1.310,-0.341,-0.287,-0.291,-0.269,1.705,False,False,True,False,False,False,False,False,False,True,False,True
-1.868,-0.341,-0.287,-0.291,-0.269,1.705,False,False,True,False,False,False,False,False,False,True,False,True
-1.659,-0.341,-0.287,-0.291,-0.269,1.705,False,False,False,False,False,False,False,False,False,True,False,True
-0.334,-0.341,-0.281,0.978,-0.251,-0.032,False,False,False,False,False,False,False,True,False,False,False,False
0.224,-0.341,-0.287,-0.291,-0.269,1.707,False,False,False,False,False,False,False,False,False,True,False,True
-0.474,-0.306,-0.225,1.974,-0.269,2.486,False,False,False,False,False,False,False,False,True,False,False,False
-0.474,-0.341,-0.287,-0.291,-0.269,1.734,False,False,True,False,False,False,False,False,False,True,False,False
1.061,-0.341,-0.286,-0.291,1.104,-0.005,False,False,False,False,False,False,False,True,False,False,False,True
1.828,-0.339,-0.287,-0.194,0.439,-0.003,False,False,False,False,False,False,False,True,False,False,False,True
-0.474,-0.289,-0.287,-0.291,-0.269,2.488,False,False,False,False,False,False,False,False,True,False,False,False
-1.450,-0.341,-0.287,-0.291,-0.269,1.736,False,False,False,False,False,False,False,False,False,True,False,False
-0.962,-0.341,-0.287,-0.291,0.396,2.490,False,False,False,False,False,False,False,False,True,False,False,False
-1.938,-0.341,-0.287,-0.291,-0.269,-0.334,False,False,True,False,False,False,False,False,True,False,False,True
-1.380,-0.341,-0.287,-0.291,-0.269,1.736,False,False,False,False,False,False,False,False,False,True,False,False
1.340,-0.341,0.080,1.022,-0.250,2.490,False,False,False,False,False,False,False,False,True,False,False,False
-0.892,-0.341,-0.287,0.983,-0.269,2.490,False,False,False,False,False,False,False,False,True,False,False,False
-0.125,-0.341,-0.287,-0.291,-0.269,1.736,False,False,True,False,False,False,False,False,False,True,False,False
-1.798,-0.341,-0.287,-0.291,-0.269,1.736,False,False,True,False,False,False,False,False,False,True,False,False
-0.264,1.566,-0.287,-0.254,-0.269,-0.028,False,False,False,False,False,False,False,True,False,False,False,False
2.874,-0.341,1.038,-0.291,-0.224,-0.990,True,False,False,False,False,False,False,False,False,False,False,False
0.084,-0.324,0.023,-0.291,1.552,-0.990,True,False,False,False,False,False,False,False,False,False,False,False
1.967,-0.341,-0.287,-0.291,-0.269,-0.990,True,False,True,False,False,False,False,False,False,False,False,False
0.921,0.972,-0.287,-0.264,-0.269,1.711,False,False,False,False,False,False,False,False,False,True,False,True
-1.031,-0.341,-0.287,-0.291,-0.269,1.715,False,False,True,False,False,False,False,False,False,True,False,True
0.991,-0.341,0.154,-0.291,-0.269,1.715,False,False,False,False,False,False,False,False,False,True,False,True
0.363,-0.341,-0.287,-0.291,-0.269,2.500,False,True,True,False,False,False,False,False,True,False,False,False
-0.543,-0.328,0.212,-0.291,-0.269,2.502,False,False,False,False,False,False,False,False,True,False,False,False
0.224,-0.341,0.011,-0.205,0.298,0.001,False,False,False,False,False,False,False,True,False,False,False,True
-0.543,0.000,-0.287,0.539,-0.269,2.504,False,False,False,False,False,False,False,False,True,False,False,False
-0.264,4.816,1.249,-0.244,-0.095,1.742,False,False,False,False,False,False,False,False,False,True,False,False
-0.264,-0.341,-0.287,-0.291,-0.269,-0.581,True,False,True,False,False,True,False,False,False,False,False,False
0.642,2.291,-0.287,-0.085,-0.168,2.299,False,False,False,False,False,False,False,False,True,False,False,True
0.503,-0.341,-0.287,-0.291,-0.269,1.718,False,False,True,False,False,False,False,False,False,True,False,True
1.061,-0.341,-0.287,-0.291,-0.269,1.720,False,False,True,False,False,False,False,False,False,True,False,True
0.572,-0.318,-0.283,-0.291,-0.269,1.720,False,False,False,False,False,False,False,False,False,True,False,True
1.270,-0.341,-0.287,-0.264,0.485,2.506,False,False,False,False,False,False,False,False,True,False,False,False
0.642,1.900,-0.287,0.765,-0.269,0.003,False,True,False,False,False,False,False,True,False,False,False,True
-0.055,0.000,-0.287,-0.291,-0.269,-0.605,False,True,False,False,False,False,True,False,False,False,False,False
0.642,-0.341,-0.287,-0.291,-0.269,-0.490,True,False,True,False,True,False,False,False,False,False,False,True
1.688,1.501,-0.287,-0.291,-0.269,2.508,False,False,False,False,False,False,False,False,True,False,False,False
-0.195,-0.341,0.000,-0.291,-0.227,2.510,False,False,False,False,False,False,False,False,True,False,False,False
-1.101,-0.341,0.654,-0.252,-0.125,-0.023,False,False,False,False,False,False,False,True,False,False,False,False
2.455,-0.285,0.707,0.101,-0.253,1.748,False,False,False,False,False,False,False,False,False,True,False,False
-0.892,-0.341,-0.287,-0.291,-0.269,1.750,False,False,True,False,False,False,False,False,False,True,False,False
-1.101,-0.187,-0.280,0.017,-0.269,2.303,False,False,False,False,False,False,False,False,True,False,False,True
1.828,-0.341,-0.287,-0.291,-0.269,1.722,False,False,True,False,False,False,False,False,False,True,False,True
-0.195,0.771,-0.287,1.879,-0.269,0.005,False,True,False,False,False,False,False,True,False,False,False,True
-0.404,-0.341,-0.287,-0.291,-0.269,-0.021,False,True,True,False,False,False,False,True,False,False,False,False
1.828,-0.341,-0.287,-0.291,-0.269,-0.021,False,True,True,False,False,False,False,True,False,False,False,False
1.479,-0.341,-0.287,-0.291,-0.269,0.007,False,True,True,False,False,False,False,True,False,False,False,True
-0.195,-0.341,0.182,-0.257,-0.269,1.724,False,False,False,False,False,False,False,False,False,True,False,True
0.503,0.863,-0.055,-0.291,-0.268,2.514,False,False,False,False,False,False,False,False,True,False,False,False
0.294,-0.341,-0.287,-0.291,-0.269,1.752,False,False,True,False,False,False,False,False,False,True,False,False
-0.543,-0.341,-0.287,-0.291,-0.269,1.754,False,False,False,False,False,False,False,False,False,True,False,False
0.851,-0.341,-0.287,-0.291,-0.269,2.307,False,True,True,False,False,False,False,False,True,False,False,True
0.294,-0.341,0.943,-0.291,0.681,-0.579,True,False,False,False,False,True,False,False,False,False,False,False
-0.404,-0.341,-0.287,-0.291,-0.269,-0.579,True,False,True,False,False,True,False,False,False,False,False,False
0.154,3.563,-0.287,-0.287,-0.269,-0.603,False,True,False,False,False,False,True,False,False,False,False,False
-0.055,2.371,-0.277,-0.286,-0.268,2.516,False,True,False,False,False,False,False,False,True,False,False,False
-1.101,0.554,-0.287,-0.237,-0.269,0.009,False,False,False,False,False,False,False,True,False,False,False,True
-0.125,-0.331,-0.287,-0.291,-0.266,1.726,False,False,False,False,False,False,False,False,False,True,False,True
0.433,-0.336,0.576,-0.272,0.049,2.518,False,True,False,False,False,False,False,False,True,False,False,False
-0.264,0.281,-0.267,-0.267,-0.260,2.309,False,True,False,False,False,False,False,False,True,False,False,True
-0.683,-0.341,-0.287,-0.291,-0.269,1.760,False,False,True,False,False,False,False,False,False,True,False,False
1.897,-0.341,-0.287,-0.291,-0.269,-0.488,True,False,True,False,True,False,False,False,False,False,False,True
-0.752,-0.215,-0.184,-0.289,1.498,2.520,False,False,False,False,False,False,False,False,True,False,False,False
-0.474,-0.339,0.153,-0.291,-0.269,2.313,False,False,False,False,False,False,False,False,True,False,False,True
0.363,-0.341,-0.287,-0.291,-0.269,1.762,False,False,True,False,False,False,False,False,False,True,False,False
-1.241,-0.341,-0.287,-0.291,-0.269,1.730,False,False,False,False,False,False,False,False,False,True,False,True
0.572,-0.341,-0.287,-0.291,-0.269,-0.486,True,False,True,False,True,False,False,False,False,False,False,True
-0.474,-0.341,-0.265,-0.289,3.721,-0.486,True,False,False,False,True,False,False,False,False,False,False,True
1.130,-0.339,-0.287,0.777,-0.127,1.732,False,False,False,False,False,False,False,False,False,True,False,True
-0.683,-0.341,-0.287,-0.291,-0.269,2.315,False,True,True,False,False,False,False,False,True,False,False,True
0.712,-0.341,-0.287,-0.291,-0.269,1.766,False,False,True,False,False,False,False,False,False,True,False,False
-0.055,-0.341,-0.287,-0.291,-0.269,-0.484,True,False,True,False,True,False,False,False,False,False,False,True
0.503,-0.341,-0.111,-0.291,0.289,1.736,False,False,False,False,False,False,False,False,False,True,False,True
-1.938,-0.341,-0.287,-0.291,-0.269,1.736,False,False,True,False,False,False,False,False,False,True,False,True
-1.310,-0.341,-0.287,-0.291,-0.269,1.736,False,False,False,False,False,False,False,False,False,True,False,True
-1.171,-0.341,-0.287,-0.291,-0.269,1.736,False,False,False,False,False,False,False,False,False,True,False,True
0.154,-0.341,0.040,-0.291,0.024,1.736,False,False,False,False,False,False,False,False,False,True,False,True
-1.171,-0.341,-0.287,-0.291,-0.269,1.736,False,False,False,False,False,False,False,False,False,True,False,True
-1.798,-0.341,-0.287,-0.291,-0.269,1.736,False,False,True,False,False,False,False,False,False,True,False,True
0.084,-0.341,-0.287,-0.291,-0.269,-0.589,True,False,True,True,True,False,False,False,False,False,False,False
0.851,-0.084,-0.287,0.573,-0.223,2.524,False,False,False,False,False,False,False,False,True,False,False,False
-0.683,0.630,-0.287,-0.291,-0.258,2.317,False,False,False,False,False,False,False,False,True,False,False,True
0.642,-0.341,-0.287,-0.291,-0.269,1.770,False,False,True,False,False,False,False,False,False,True,False,False
0.503,-0.341,-0.287,0.000,-0.269,1.770,False,False,True,False,False,False,False,False,False,True,False,False
-2.008,-0.341,-0.287,-0.291,-0.269,1.738,False,False,True,False,False,False,False,False,False,True,False,True
-0.613,0.530,-0.287,1.035,-0.269,0.011,False,True,False,False,False,False,False,True,False,False,False,True
-0.404,-0.327,-0.286,-0.289,0.373,2.319,False,False,False,False,False,False,False,False,True,False,False,True
0.433,-0.341,-0.287,-0.291,-0.269,2.321,False,False,False,False,False,False,False,False,True,False,False,True
0.503,-0.306,8.979,-0.291,6.631,-0.510,True,False,False,False,False,True,False,False,False,False,False,True
0.851,-0.341,-0.287,-0.291,-0.269,-0.510,True,False,True,False,False,True,False,False,False,False,False,True
0.642,-0.268,1.167,-0.282,-0.269,-0.595,False,True,False,False,False,False,True,False,False,False,False,False
0.294,1.266,-0.035,-0.289,-0.141,-0.019,False,False,False,False,False,False,False,True,False,False,False,False
1.758,0.757,-0.272,-0.172,0.661,1.740,False,False,False,False,False,False,False,False,False,True,False,True
0.294,-0.341,0.144,-0.287,0.107,2.526,False,False,False,False,False,False,False,False,True,False,False,False
1.758,-0.242,0.133,-0.291,-0.269,1.742,False,False,False,False,False,False,False,False,False,True,False,True
0.224,-0.341,6.031,-0.291,0.028,-0.587,True,False,False,False,True,False,False,False,False,False,False,False
-0.334,-0.341,0.050,-0.291,-0.095,2.323,False,False,False,False,False,False,False,False,True,False,False,True
1.688,-0.266,0.079,-0.291,-0.207,2.528,False,False,False,False,False,False,False,False,True,False,False,False
-0.195,-0.341,-0.287,-0.291,-0.269,1.772,False,False,True,False,False,False,False,False,False,True,False,False
0.154,0.355,-0.166,-0.291,-0.159,1.772,False,False,False,False,False,False,False,False,False,True,False,False
-0.752,-0.341,-0.287,0.000,-0.269,1.772,False,False,True,False,False,False,False,False,False,True,False,False
0.712,-0.341,-0.287,-0.291,-0.269,1.772,False,False,True,False,False,False,False,False,False,True,False,False
0.572,-0.116,-0.287,0.854,-0.191,2.324,False,True,False,False,False,False,False,False,True,False,False,True
0.433,0.069,-0.285,0.467,-0.269,2.326,False,False,False,False,False,False,False,False,True,False,False,True
0.363,-0.341,-0.284,-0.272,4.853,-0.571,True,False,False,False,False,True,False,False,False,False,False,False
-0.055,-0.341,-0.283,-0.281,0.156,1.744,False,False,False,False,False,False,False,False,False,True,False,True
0.991,0.717,-0.228,-0.291,-0.269,-0.017,False,False,False,False,False,False,False,True,False,False,False,False
-1.868,-0.341,-0.287,0.000,-0.269,2.530,False,True,True,False,False,False,False,False,True,False,False,False
-0.334,-0.341,-0.287,1.060,-0.267,1.746,False,False,False,False,False,False,False,False,False,True,False,True
-0.752,-0.209,-0.262,0.518,-0.269,2.330,False,False,False,False,False,False,False,False,True,False,False,True
-0.543,0.875,-0.287,-0.289,-0.269,2.332,False,False,False,False,False,False,False,False,True,False,False,True
-0.334,0.000,0.088,0.000,-0.269,2.534,False,False,False,False,False,False,False,False,True,False,False,False
0.433,-0.341,-0.287,-0.291,-0.269,1.750,False,False,False,False,False,False,False,False,False,True,False,True
1.688,-0.341,2.232,-0.291,2.508,0.013,False,False,False,False,False,False,False,True,False,False,False,True
0.224,1.180,0.283,-0.291,-0.256,0.013,True,False,False,True,False,False,False,True,False,False,False,True
1.061,-0.341,-0.287,-0.291,-0.269,2.334,False,True,True,False,False,False,False,False,True,False,False,True
0.294,-0.341,-0.287,-0.291,-0.269,2.334,False,True,True,False,False,False,False,False,True,False,False,True
0.782,-0.341,0.763,-0.291,-0.265,-0.508,True,False,False,False,False,True,False,False,False,False,False,True
0.154,-0.339,-0.222,1.949,-0.158,-0.508,True,False,False,False,False,True,False,False,False,False,False,True
-0.404,0.237,0.211,-0.204,0.893,-0.508,True,False,False,False,False,True,False,False,False,False,False,True
1.061,-0.341,-0.287,-0.291,-0.269,-0.569,True,False,False,False,False,True,False,False,False,False,False,False
0.851,-0.341,4.708,-0.291,4.884,-0.569,True,False,False,True,False,True,False,False,False,False,False,False
0.154,-0.341,2.619,-0.277,-0.269,-0.569,True,False,False,False,False,True,False,False,False,False,False,False
0.084,2.038,0.000,-0.291,1.718,-0.569,True,False,False,False,False,True,False,False,False,False,False,False
0.294,-0.341,-0.287,-0.291,-0.269,-0.013,True,False,True,False,False,False,False,True,False,False,False,False
0.084,-0.341,0.224,-0.291,-0.269,1.752,False,False,False,False,False,False,False,False,False,True,False,True
-0.195,12.674,-0.239,-0.100,-0.265,-0.567,True,False,False,False,False,True,False,False,False,False,False,False
-0.474,-0.341,-0.287,-0.291,-0.269,2.336,False,True,True,False,False,False,False,False,True,False,False,True
0.572,-0.341,-0.287,-0.291,-0.269,-0.585,True,False,True,False,True,False,False,False,False,False,False,False
-0.962,-0.341,-0.287,-0.291,-0.269,-0.585,True,False,True,False,True,False,False,False,False,False,False,False
1.618,-0.341,-0.287,-0.291,-0.269,-0.585,True,False,True,False,True,False,False,False,False,False,False,False
0.433,-0.341,-0.287,-0.291,-0.269,1.754,False,False,True,False,False,False,False,False,False,True,False,True
0.782,0.807,-0.262,-0.284,-0.269,2.340,False,False,False,False,False,False,False,False,True,False,False,True
2.176,-0.341,-0.282,0.000,-0.204,1.756,False,False,False,False,False,False,False,False,False,True,False,True
-0.334,-0.341,-0.231,-0.291,-0.269,2.542,False,False,False,False,False,False,False,False,True,False,False,False
0.154,-0.318,0.139,-0.142,-0.269,0.015,False,False,False,False,False,False,False,True,False,False,False,True
0.991,-0.341,-0.287,-0.291,-0.269,-0.480,True,False,True,False,True,False,False,False,False,False,False,True
-1.380,-0.341,-0.287,-0.291,-0.269,1.758,False,False,False,False,False,False,False,False,False,True,False,True
1.549,-0.331,-0.287,-0.291,0.758,2.342,False,False,False,False,False,False,False,False,True,False,False,True
-0.264,-0.338,-0.259,-0.215,0.450,1.776,False,False,False,False,False,False,False,False,False,True,False,False
-0.613,-0.341,-0.287,-0.291,-0.269,1.776,False,False,True,False,False,False,False,False,False,True,False,False
-0.474,0.604,-0.287,0.000,-0.222,2.546,False,False,False,False,False,False,False,False,True,False,False,False
-0.543,-0.341,-0.287,-0.291,-0.000,1.778,False,False,True,False,False,False,False,False,False,True,False,False
1.479,-0.341,-0.287,-0.291,-0.269,2.344,False,True,True,False,False,False,False,False,True,False,False,True
-0.334,0.789,0.113,1.345,-0.269,2.348,False,True,False,False,False,False,False,False,True,False,False,True
1.130,-0.339,-0.164,-0.291,-0.256,2.350,False,False,False,False,False,False,False,False,True,False,False,True
-0.474,0.684,-0.287,-0.269,-0.258,2.352,False,False,False,False,False,False,False,False,True,False,False,True
-1.519,-0.341,-0.287,-0.291,-0.269,1.780,False,False,True,False,False,False,False,False,False,True,False,False
-1.241,-0.341,-0.287,-0.291,-0.269,1.780,False,False,True,False,False,False,False,False,False,True,False,False
-1.938,-0.341,-0.287,-0.291,-0.269,1.780,False,False,True,False,False,False,False,False,False,True,False,False
-2.008,-0.341,-0.287,-0.291,-0.269,1.780,False,False,True,False,False,False,False,False,False,True,False,False
-1.450,-0.341,-0.287,-0.291,-0.269,1.780,False,False,False,False,False,False,False,False,False,True,False,False
0.503,-0.341,3.225,0.906,0.588,-0.502,True,False,False,True,False,True,False,False,False,False,False,True
-1.868,-0.341,-0.287,-0.291,-0.269,2.550,False,True,True,False,False,False,False,False,True,False,False,False
-2.008,-0.341,-0.287,-0.291,-0.269,2.550,False,True,False,False,False,False,False,False,True,False,False,False
-0.474,-0.341,-0.287,-0.291,-0.269,-0.009,False,True,False,False,False,False,False,True,False,False,False,False
0.851,-0.336,-0.287,0.827,-0.269,-0.334,False,False,False,False,False,False,False,False,True,False,False,True
1.409,-0.331,-0.287,0.777,-0.249,1.784,False,False,False,False,False,False,False,False,False,True,False,False
0.084,-0.328,0.184,-0.291,0.337,2.354,False,False,False,False,False,False,False,False,True,False,False,True
0.572,-0.341,-0.287,-0.291,-0.269,1.760,False,False,True,False,False,False,False,False,False,True,False,True
-1.031,-0.338,-0.287,1.246,-0.269,-0.007,False,True,False,False,False,False,False,True,False,False,False,False
0.084,0.719,-0.287,0.714,-0.269,-0.003,False,True,False,False,False,False,False,True,False,False,False,False
2.316,-0.186,0.149,-0.291,-0.269,2.555,False,False,False,False,False,False,False,False,True,False,False,False
-1.101,-0.341,-0.287,-0.291,-0.269,1.762,False,False,True,False,False,False,False,False,False,True,False,True
0.224,-0.341,-0.287,-0.291,-0.269,1.764,False,False,False,False,False,False,False,False,False,True,False,True
0.294,-0.341,-0.287,-0.291,-0.000,1.766,False,False,True,False,False,False,False,False,False,True,False,True
0.642,-0.298,0.470,1.338,-0.269,2.360,False,False,False,False,False,False,False,False,True,False,False,True
0.015,-0.341,1.577,0.000,-0.103,0.001,True,False,False,False,False,False,False,True,False,False,False,False
-0.264,-0.341,-0.287,-0.291,-0.269,2.362,False,True,True,False,False,False,False,False,True,False,False,True
-0.195,-0.341,4.831,0.052,0.117,-0.583,True,False,False,False,True,False,False,False,False,False,False,False
-0.683,-0.341,-0.287,-0.291,-0.269,-0.583,True,False,True,False,True,False,False,False,False,False,False,False
-0.892,-0.341,-0.287,-0.291,-0.269,1.770,False,False,True,False,False,False,False,False,False,True,False,True
2.246,-0.341,-0.287,-0.291,-0.269,1.788,False,False,True,False,False,False,False,False,False,True,False,False
-0.055,-0.341,-0.287,-0.291,-0.269,1.772,False,False,True,False,False,False,False,False,False,True,False,True
-1.101,-0.281,-0.287,1.525,-0.269,2.557,False,False,False,False,False,False,False,False,True,False,False,False
1.061,1.221,0.349,-0.291,-0.000,2.559,False,False,False,False,False,False,False,False,True,False,False,False
-0.474,-0.341,-0.287,-0.291,-0.269,1.792,False,False,True,False,False,False,False,False,False,True,False,False
0.084,-0.341,-0.287,-0.291,-0.269,0.019,True,False,True,False,False,False,False,True,False,False,False,True
-0.543,-0.341,-0.287,-0.291,-0.269,0.021,True,False,True,False,False,False,False,True,False,False,False,True
-0.613,-0.341,-0.287,-0.291,-0.269,0.021,True,False,True,False,False,False,False,True,False,False,False,True
0.154,-0.341,-0.287,-0.291,-0.269,1.793,False,False,True,False,False,False,False,False,False,True,False,False
0.294,-0.341,-0.287,-0.291,-0.269,1.778,False,False,True,False,False,False,False,False,False,True,False,True
-0.195,0.023,-0.136,0.563,-0.269,1.797,False,False,False,False,False,False,False,False,False,True,False,False
-0.543,-0.210,-0.285,-0.041,0.021,2.561,False,False,False,False,False,False,False,False,True,False,False,False
-0.404,-0.341,-0.287,-0.291,-0.269,1.799,False,False,True,False,False,False,False,False,False,True,False,False
-2.008,-0.341,-0.287,-0.291,-0.269,-0.986,True,False,False,False,False,False,False,False,False,False,False,False
0.224,-0.339,0.431,-0.291,-0.239,-0.986,True,False,False,False,False,False,False,False,False,False,False,False
0.084,-0.341,1.725,-0.291,0.022,-0.986,True,False,False,False,False,False,False,False,False,False,False,False
0.851,-0.341,3.990,-0.291,-0.204,-0.984,True,False,False,True,False,False,False,False,False,False,False,False
-0.752,-0.341,-0.287,-0.291,-0.269,1.782,False,False,True,False,False,False,False,False,False,True,False,True
-0.195,-0.341,-0.287,2.843,-0.269,1.784,False,False,False,False,False,False,False,False,False,True,False,True
0.224,-0.341,0.371,-0.291,2.586,0.023,True,False,False,False,False,False,False,True,False,False,False,True
1.061,-0.150,2.653,-0.291,-0.258,0.023,True,False,False,False,False,False,False,True,False,False,False,True
